#pragma once
/*
    #version:1# (machine generated, don't edit!)

    Generated by sokol-shdc (https://github.com/floooh/sokol-tools)

    Cmdline:
        sokol-shdc --input shd.glsl --output shd.glsl.h --slang glsl430:hlsl5:metal_macos

    Overview:
    =========
    Shader program: 'colorview':
        Get shader desc: colorview_shader_desc(sg_query_backend());
        Vertex Shader: vs_colorview
        Fragment Shader: fs_colorview
        Attributes:
            ATTR_colorview_i_pos => 0
            ATTR_colorview_i_uv => 1
    Shader program: 'fontview':
        Get shader desc: fontview_shader_desc(sg_query_backend());
        Vertex Shader: vs_fontview
        Fragment Shader: fs_fontview
        Attributes:
            ATTR_fontview_i_pos => 0
            ATTR_fontview_i_uv => 1
    Shader program: 'line':
        Get shader desc: line_shader_desc(sg_query_backend());
        Vertex Shader: vs_line
        Fragment Shader: fs_line
        Attributes:
            ATTR_line_i_pos => 0
            ATTR_line_i_col => 1
    Shader program: 'mesh':
        Get shader desc: mesh_shader_desc(sg_query_backend());
        Vertex Shader: vs_mesh
        Fragment Shader: fs_mesh
        Attributes:
            ATTR_mesh_i_pos => 0
            ATTR_mesh_i_norm => 1
            ATTR_mesh_i_uv => 2
    Shader program: 'shaded':
        Get shader desc: shaded_shader_desc(sg_query_backend());
        Vertex Shader: vs_shaded
        Fragment Shader: fs_shaded
        Attributes:
            ATTR_shaded_i_pos => 0
            ATTR_shaded_i_norm => 1
            ATTR_shaded_i_uv => 2
    Shader program: 'shadow_map':
        Get shader desc: shadow_map_shader_desc(sg_query_backend());
        Vertex Shader: vs_shadow_map
        Fragment Shader: fs_shadow_map
        Attributes:
            ATTR_shadow_map_i_pos => 0
            ATTR_shadow_map_i_norm => 1
            ATTR_shadow_map_i_uv => 2
    Shader program: 'skybox':
        Get shader desc: skybox_shader_desc(sg_query_backend());
        Vertex Shader: vs_skybox
        Fragment Shader: fs_skybox
        Attributes:
            ATTR_skybox_i_pos => 0
            ATTR_skybox_i_uv => 1
    Shader program: 'texview':
        Get shader desc: texview_shader_desc(sg_query_backend());
        Vertex Shader: vs_texview
        Fragment Shader: fs_texview
        Attributes:
            ATTR_texview_v_pos => 0
            ATTR_texview_v_uv => 1
    Bindings:
        Uniform block 'p_vs_colorview':
            C struct: p_vs_colorview_t
            Bind slot: UB_p_vs_colorview => 0
        Uniform block 'p_fs_colorview':
            C struct: p_fs_colorview_t
            Bind slot: UB_p_fs_colorview => 1
        Uniform block 'vs_fontview_params':
            C struct: vs_fontview_params_t
            Bind slot: UB_vs_fontview_params => 0
        Uniform block 'fs_fontview_params':
            C struct: fs_fontview_params_t
            Bind slot: UB_fs_fontview_params => 1
        Uniform block 'vs_line_params':
            C struct: vs_line_params_t
            Bind slot: UB_vs_line_params => 0
        Uniform block 'fs_line_params':
            C struct: fs_line_params_t
            Bind slot: UB_fs_line_params => 1
        Uniform block 'p_vs_mesh':
            C struct: p_vs_mesh_t
            Bind slot: UB_p_vs_mesh => 0
        Uniform block 'p_fs_mesh':
            C struct: p_fs_mesh_t
            Bind slot: UB_p_fs_mesh => 1
        Uniform block 'p_vs_shaded':
            C struct: p_vs_shaded_t
            Bind slot: UB_p_vs_shaded => 0
        Uniform block 'p_fs_shaded':
            C struct: p_fs_shaded_t
            Bind slot: UB_p_fs_shaded => 1
        Uniform block 'p_vs_shadow_map':
            C struct: p_vs_shadow_map_t
            Bind slot: UB_p_vs_shadow_map => 0
        Uniform block 'p_fs_shadow_map':
            C struct: p_fs_shadow_map_t
            Bind slot: UB_p_fs_shadow_map => 1
        Uniform block 'p_vs_skybox':
            C struct: p_vs_skybox_t
            Bind slot: UB_p_vs_skybox => 0
        Uniform block 'fs_texview_params':
            C struct: fs_texview_params_t
            Bind slot: UB_fs_texview_params => 0
        Texture 'b_colorview_tex':
            Image type: SG_IMAGETYPE_2D
            Sample type: SG_IMAGESAMPLETYPE_FLOAT
            Multisampled: false
            Bind slot: VIEW_b_colorview_tex => 0
        Texture 'u_fontview_tex':
            Image type: SG_IMAGETYPE_2D
            Sample type: SG_IMAGESAMPLETYPE_FLOAT
            Multisampled: false
            Bind slot: VIEW_u_fontview_tex => 0
        Texture 'b_shaded_shadow_tex':
            Image type: SG_IMAGETYPE_CUBE
            Sample type: SG_IMAGESAMPLETYPE_FLOAT
            Multisampled: false
            Bind slot: VIEW_b_shaded_shadow_tex => 1
        Texture 'b_shaded_tex':
            Image type: SG_IMAGETYPE_2D
            Sample type: SG_IMAGESAMPLETYPE_FLOAT
            Multisampled: false
            Bind slot: VIEW_b_shaded_tex => 0
        Texture 'b_skybox_tex':
            Image type: SG_IMAGETYPE_2D
            Sample type: SG_IMAGESAMPLETYPE_FLOAT
            Multisampled: false
            Bind slot: VIEW_b_skybox_tex => 0
        Texture 'texview_tex':
            Image type: SG_IMAGETYPE_2D
            Sample type: SG_IMAGESAMPLETYPE_FLOAT
            Multisampled: false
            Bind slot: VIEW_texview_tex => 0
        Sampler 'b_colorview_smp':
            Type: SG_SAMPLERTYPE_FILTERING
            Bind slot: SMP_b_colorview_smp => 0
        Sampler 'u_fontview_smp':
            Type: SG_SAMPLERTYPE_FILTERING
            Bind slot: SMP_u_fontview_smp => 0
        Sampler 'b_shaded_shadow_smp':
            Type: SG_SAMPLERTYPE_FILTERING
            Bind slot: SMP_b_shaded_shadow_smp => 1
        Sampler 'b_shaded_smp':
            Type: SG_SAMPLERTYPE_FILTERING
            Bind slot: SMP_b_shaded_smp => 0
        Sampler 'b_skybox_smp':
            Type: SG_SAMPLERTYPE_FILTERING
            Bind slot: SMP_b_skybox_smp => 0
        Sampler 'texview_smp':
            Type: SG_SAMPLERTYPE_FILTERING
            Bind slot: SMP_texview_smp => 0
*/
#if !defined(SOKOL_GFX_INCLUDED)
#error "Please include sokol_gfx.h before shd.glsl.h"
#endif
#if !defined(SOKOL_SHDC_ALIGN)
#if defined(_MSC_VER)
#define SOKOL_SHDC_ALIGN(a) __declspec(align(a))
#else
#define SOKOL_SHDC_ALIGN(a) __attribute__((aligned(a)))
#endif
#endif
#define ATTR_colorview_i_pos (0)
#define ATTR_colorview_i_uv (1)
#define ATTR_fontview_i_pos (0)
#define ATTR_fontview_i_uv (1)
#define ATTR_line_i_pos (0)
#define ATTR_line_i_col (1)
#define ATTR_mesh_i_pos (0)
#define ATTR_mesh_i_norm (1)
#define ATTR_mesh_i_uv (2)
#define ATTR_shaded_i_pos (0)
#define ATTR_shaded_i_norm (1)
#define ATTR_shaded_i_uv (2)
#define ATTR_shadow_map_i_pos (0)
#define ATTR_shadow_map_i_norm (1)
#define ATTR_shadow_map_i_uv (2)
#define ATTR_skybox_i_pos (0)
#define ATTR_skybox_i_uv (1)
#define ATTR_texview_v_pos (0)
#define ATTR_texview_v_uv (1)
#define UB_p_vs_colorview (0)
#define UB_p_fs_colorview (1)
#define UB_vs_fontview_params (0)
#define UB_fs_fontview_params (1)
#define UB_vs_line_params (0)
#define UB_fs_line_params (1)
#define UB_p_vs_mesh (0)
#define UB_p_fs_mesh (1)
#define UB_p_vs_shaded (0)
#define UB_p_fs_shaded (1)
#define UB_p_vs_shadow_map (0)
#define UB_p_fs_shadow_map (1)
#define UB_p_vs_skybox (0)
#define UB_fs_texview_params (0)
#define VIEW_b_colorview_tex (0)
#define VIEW_u_fontview_tex (0)
#define VIEW_b_shaded_shadow_tex (1)
#define VIEW_b_shaded_tex (0)
#define VIEW_b_skybox_tex (0)
#define VIEW_texview_tex (0)
#define SMP_b_colorview_smp (0)
#define SMP_u_fontview_smp (0)
#define SMP_b_shaded_shadow_smp (1)
#define SMP_b_shaded_smp (0)
#define SMP_b_skybox_smp (0)
#define SMP_texview_smp (0)
#pragma pack(push,1)
SOKOL_SHDC_ALIGN(16) typedef struct p_vs_colorview_t {
    float u_tl[2];
    float u_br[2];
} p_vs_colorview_t;
#pragma pack(pop)
#pragma pack(push,1)
SOKOL_SHDC_ALIGN(16) typedef struct p_fs_colorview_t {
    float u_tint[4];
} p_fs_colorview_t;
#pragma pack(pop)
#pragma pack(push,1)
SOKOL_SHDC_ALIGN(16) typedef struct vs_fontview_params_t {
    float u_tl[2];
    float u_br[2];
} vs_fontview_params_t;
#pragma pack(pop)
#pragma pack(push,1)
SOKOL_SHDC_ALIGN(16) typedef struct fs_fontview_params_t {
    float u_tint[4];
} fs_fontview_params_t;
#pragma pack(pop)
#pragma pack(push,1)
SOKOL_SHDC_ALIGN(16) typedef struct vs_line_params_t {
    float u_mvp[16];
} vs_line_params_t;
#pragma pack(pop)
#pragma pack(push,1)
SOKOL_SHDC_ALIGN(16) typedef struct fs_line_params_t {
    float u_tint[4];
} fs_line_params_t;
#pragma pack(pop)
#pragma pack(push,1)
SOKOL_SHDC_ALIGN(16) typedef struct p_vs_mesh_t {
    float u_mvp[16];
} p_vs_mesh_t;
#pragma pack(pop)
#pragma pack(push,1)
SOKOL_SHDC_ALIGN(16) typedef struct p_fs_mesh_t {
    float u_tint[4];
} p_fs_mesh_t;
#pragma pack(pop)
#pragma pack(push,1)
SOKOL_SHDC_ALIGN(16) typedef struct p_vs_shaded_t {
    float u_model[16];
    float u_mvp[16];
} p_vs_shaded_t;
#pragma pack(pop)
#pragma pack(push,1)
SOKOL_SHDC_ALIGN(16) typedef struct p_fs_shaded_t {
    float u_tl[2];
    float u_br[2];
    float u_eye_pos[3];
    uint8_t _pad_28[4];
    float u_light_pos[3];
    float u_cam_near;
    float u_cam_far;
    uint8_t _pad_52[12];
} p_fs_shaded_t;
#pragma pack(pop)
#pragma pack(push,1)
SOKOL_SHDC_ALIGN(16) typedef struct p_vs_shadow_map_t {
    float u_model[16];
    float u_mvp[16];
} p_vs_shadow_map_t;
#pragma pack(pop)
#pragma pack(push,1)
SOKOL_SHDC_ALIGN(16) typedef struct p_fs_shadow_map_t {
    float u_light_pos[3];
    float u_cam_near;
    float u_cam_far;
    uint8_t _pad_20[12];
} p_fs_shadow_map_t;
#pragma pack(pop)
#pragma pack(push,1)
SOKOL_SHDC_ALIGN(16) typedef struct p_vs_skybox_t {
    float u_mvp[16];
} p_vs_skybox_t;
#pragma pack(pop)
#pragma pack(push,1)
SOKOL_SHDC_ALIGN(16) typedef struct fs_texview_params_t {
    float brightness;
    uint8_t _pad_4[12];
    float u_tint[4];
    float u_tl[2];
    float u_br[2];
} fs_texview_params_t;
#pragma pack(pop)
/*
    #version 430

    uniform vec4 p_vs_mesh[4];
    layout(location = 0) in vec3 i_pos;
    layout(location = 1) in vec3 i_norm;
    layout(location = 2) in vec2 i_uv;

    void main()
    {
        gl_Position = mat4(p_vs_mesh[0], p_vs_mesh[1], p_vs_mesh[2], p_vs_mesh[3]) * vec4(i_pos, 1.0);
    }

*/
static const uint8_t vs_mesh_source_glsl430[267] = {
    0x23,0x76,0x65,0x72,0x73,0x69,0x6f,0x6e,0x20,0x34,0x33,0x30,0x0a,0x0a,0x75,0x6e,
    0x69,0x66,0x6f,0x72,0x6d,0x20,0x76,0x65,0x63,0x34,0x20,0x70,0x5f,0x76,0x73,0x5f,
    0x6d,0x65,0x73,0x68,0x5b,0x34,0x5d,0x3b,0x0a,0x6c,0x61,0x79,0x6f,0x75,0x74,0x28,
    0x6c,0x6f,0x63,0x61,0x74,0x69,0x6f,0x6e,0x20,0x3d,0x20,0x30,0x29,0x20,0x69,0x6e,
    0x20,0x76,0x65,0x63,0x33,0x20,0x69,0x5f,0x70,0x6f,0x73,0x3b,0x0a,0x6c,0x61,0x79,
    0x6f,0x75,0x74,0x28,0x6c,0x6f,0x63,0x61,0x74,0x69,0x6f,0x6e,0x20,0x3d,0x20,0x31,
    0x29,0x20,0x69,0x6e,0x20,0x76,0x65,0x63,0x33,0x20,0x69,0x5f,0x6e,0x6f,0x72,0x6d,
    0x3b,0x0a,0x6c,0x61,0x79,0x6f,0x75,0x74,0x28,0x6c,0x6f,0x63,0x61,0x74,0x69,0x6f,
    0x6e,0x20,0x3d,0x20,0x32,0x29,0x20,0x69,0x6e,0x20,0x76,0x65,0x63,0x32,0x20,0x69,
    0x5f,0x75,0x76,0x3b,0x0a,0x0a,0x76,0x6f,0x69,0x64,0x20,0x6d,0x61,0x69,0x6e,0x28,
    0x29,0x0a,0x7b,0x0a,0x20,0x20,0x20,0x20,0x67,0x6c,0x5f,0x50,0x6f,0x73,0x69,0x74,
    0x69,0x6f,0x6e,0x20,0x3d,0x20,0x6d,0x61,0x74,0x34,0x28,0x70,0x5f,0x76,0x73,0x5f,
    0x6d,0x65,0x73,0x68,0x5b,0x30,0x5d,0x2c,0x20,0x70,0x5f,0x76,0x73,0x5f,0x6d,0x65,
    0x73,0x68,0x5b,0x31,0x5d,0x2c,0x20,0x70,0x5f,0x76,0x73,0x5f,0x6d,0x65,0x73,0x68,
    0x5b,0x32,0x5d,0x2c,0x20,0x70,0x5f,0x76,0x73,0x5f,0x6d,0x65,0x73,0x68,0x5b,0x33,
    0x5d,0x29,0x20,0x2a,0x20,0x76,0x65,0x63,0x34,0x28,0x69,0x5f,0x70,0x6f,0x73,0x2c,
    0x20,0x31,0x2e,0x30,0x29,0x3b,0x0a,0x7d,0x0a,0x0a,0x00,
};
/*
    #version 430

    uniform vec4 p_fs_mesh[1];
    layout(location = 0) out vec4 o_frag_col;

    void main()
    {
        o_frag_col = p_fs_mesh[0];
    }

*/
static const uint8_t fs_mesh_source_glsl430[133] = {
    0x23,0x76,0x65,0x72,0x73,0x69,0x6f,0x6e,0x20,0x34,0x33,0x30,0x0a,0x0a,0x75,0x6e,
    0x69,0x66,0x6f,0x72,0x6d,0x20,0x76,0x65,0x63,0x34,0x20,0x70,0x5f,0x66,0x73,0x5f,
    0x6d,0x65,0x73,0x68,0x5b,0x31,0x5d,0x3b,0x0a,0x6c,0x61,0x79,0x6f,0x75,0x74,0x28,
    0x6c,0x6f,0x63,0x61,0x74,0x69,0x6f,0x6e,0x20,0x3d,0x20,0x30,0x29,0x20,0x6f,0x75,
    0x74,0x20,0x76,0x65,0x63,0x34,0x20,0x6f,0x5f,0x66,0x72,0x61,0x67,0x5f,0x63,0x6f,
    0x6c,0x3b,0x0a,0x0a,0x76,0x6f,0x69,0x64,0x20,0x6d,0x61,0x69,0x6e,0x28,0x29,0x0a,
    0x7b,0x0a,0x20,0x20,0x20,0x20,0x6f,0x5f,0x66,0x72,0x61,0x67,0x5f,0x63,0x6f,0x6c,
    0x20,0x3d,0x20,0x70,0x5f,0x66,0x73,0x5f,0x6d,0x65,0x73,0x68,0x5b,0x30,0x5d,0x3b,
    0x0a,0x7d,0x0a,0x0a,0x00,
};
/*
    #version 430

    uniform vec4 p_vs_shaded[8];
    layout(location = 0) out vec3 pos;
    layout(location = 0) in vec3 i_pos;
    layout(location = 1) out vec3 norm;
    layout(location = 1) in vec3 i_norm;
    layout(location = 2) out vec2 uv;
    layout(location = 2) in vec2 i_uv;

    void main()
    {
        mat4 _19 = mat4(p_vs_shaded[0], p_vs_shaded[1], p_vs_shaded[2], p_vs_shaded[3]);
        vec4 _27 = vec4(i_pos, 1.0);
        pos = (_19 * _27).xyz;
        norm = normalize(mat3(_19[0].xyz, _19[1].xyz, _19[2].xyz) * i_norm);
        uv = i_uv;
        gl_Position = mat4(p_vs_shaded[4], p_vs_shaded[5], p_vs_shaded[6], p_vs_shaded[7]) * _27;
    }

*/
static const uint8_t vs_shaded_source_glsl430[602] = {
    0x23,0x76,0x65,0x72,0x73,0x69,0x6f,0x6e,0x20,0x34,0x33,0x30,0x0a,0x0a,0x75,0x6e,
    0x69,0x66,0x6f,0x72,0x6d,0x20,0x76,0x65,0x63,0x34,0x20,0x70,0x5f,0x76,0x73,0x5f,
    0x73,0x68,0x61,0x64,0x65,0x64,0x5b,0x38,0x5d,0x3b,0x0a,0x6c,0x61,0x79,0x6f,0x75,
    0x74,0x28,0x6c,0x6f,0x63,0x61,0x74,0x69,0x6f,0x6e,0x20,0x3d,0x20,0x30,0x29,0x20,
    0x6f,0x75,0x74,0x20,0x76,0x65,0x63,0x33,0x20,0x70,0x6f,0x73,0x3b,0x0a,0x6c,0x61,
    0x79,0x6f,0x75,0x74,0x28,0x6c,0x6f,0x63,0x61,0x74,0x69,0x6f,0x6e,0x20,0x3d,0x20,
    0x30,0x29,0x20,0x69,0x6e,0x20,0x76,0x65,0x63,0x33,0x20,0x69,0x5f,0x70,0x6f,0x73,
    0x3b,0x0a,0x6c,0x61,0x79,0x6f,0x75,0x74,0x28,0x6c,0x6f,0x63,0x61,0x74,0x69,0x6f,
    0x6e,0x20,0x3d,0x20,0x31,0x29,0x20,0x6f,0x75,0x74,0x20,0x76,0x65,0x63,0x33,0x20,
    0x6e,0x6f,0x72,0x6d,0x3b,0x0a,0x6c,0x61,0x79,0x6f,0x75,0x74,0x28,0x6c,0x6f,0x63,
    0x61,0x74,0x69,0x6f,0x6e,0x20,0x3d,0x20,0x31,0x29,0x20,0x69,0x6e,0x20,0x76,0x65,
    0x63,0x33,0x20,0x69,0x5f,0x6e,0x6f,0x72,0x6d,0x3b,0x0a,0x6c,0x61,0x79,0x6f,0x75,
    0x74,0x28,0x6c,0x6f,0x63,0x61,0x74,0x69,0x6f,0x6e,0x20,0x3d,0x20,0x32,0x29,0x20,
    0x6f,0x75,0x74,0x20,0x76,0x65,0x63,0x32,0x20,0x75,0x76,0x3b,0x0a,0x6c,0x61,0x79,
    0x6f,0x75,0x74,0x28,0x6c,0x6f,0x63,0x61,0x74,0x69,0x6f,0x6e,0x20,0x3d,0x20,0x32,
    0x29,0x20,0x69,0x6e,0x20,0x76,0x65,0x63,0x32,0x20,0x69,0x5f,0x75,0x76,0x3b,0x0a,
    0x0a,0x76,0x6f,0x69,0x64,0x20,0x6d,0x61,0x69,0x6e,0x28,0x29,0x0a,0x7b,0x0a,0x20,
    0x20,0x20,0x20,0x6d,0x61,0x74,0x34,0x20,0x5f,0x31,0x39,0x20,0x3d,0x20,0x6d,0x61,
    0x74,0x34,0x28,0x70,0x5f,0x76,0x73,0x5f,0x73,0x68,0x61,0x64,0x65,0x64,0x5b,0x30,
    0x5d,0x2c,0x20,0x70,0x5f,0x76,0x73,0x5f,0x73,0x68,0x61,0x64,0x65,0x64,0x5b,0x31,
    0x5d,0x2c,0x20,0x70,0x5f,0x76,0x73,0x5f,0x73,0x68,0x61,0x64,0x65,0x64,0x5b,0x32,
    0x5d,0x2c,0x20,0x70,0x5f,0x76,0x73,0x5f,0x73,0x68,0x61,0x64,0x65,0x64,0x5b,0x33,
    0x5d,0x29,0x3b,0x0a,0x20,0x20,0x20,0x20,0x76,0x65,0x63,0x34,0x20,0x5f,0x32,0x37,
    0x20,0x3d,0x20,0x76,0x65,0x63,0x34,0x28,0x69,0x5f,0x70,0x6f,0x73,0x2c,0x20,0x31,
    0x2e,0x30,0x29,0x3b,0x0a,0x20,0x20,0x20,0x20,0x70,0x6f,0x73,0x20,0x3d,0x20,0x28,
    0x5f,0x31,0x39,0x20,0x2a,0x20,0x5f,0x32,0x37,0x29,0x2e,0x78,0x79,0x7a,0x3b,0x0a,
    0x20,0x20,0x20,0x20,0x6e,0x6f,0x72,0x6d,0x20,0x3d,0x20,0x6e,0x6f,0x72,0x6d,0x61,
    0x6c,0x69,0x7a,0x65,0x28,0x6d,0x61,0x74,0x33,0x28,0x5f,0x31,0x39,0x5b,0x30,0x5d,
    0x2e,0x78,0x79,0x7a,0x2c,0x20,0x5f,0x31,0x39,0x5b,0x31,0x5d,0x2e,0x78,0x79,0x7a,
    0x2c,0x20,0x5f,0x31,0x39,0x5b,0x32,0x5d,0x2e,0x78,0x79,0x7a,0x29,0x20,0x2a,0x20,
    0x69,0x5f,0x6e,0x6f,0x72,0x6d,0x29,0x3b,0x0a,0x20,0x20,0x20,0x20,0x75,0x76,0x20,
    0x3d,0x20,0x69,0x5f,0x75,0x76,0x3b,0x0a,0x20,0x20,0x20,0x20,0x67,0x6c,0x5f,0x50,
    0x6f,0x73,0x69,0x74,0x69,0x6f,0x6e,0x20,0x3d,0x20,0x6d,0x61,0x74,0x34,0x28,0x70,
    0x5f,0x76,0x73,0x5f,0x73,0x68,0x61,0x64,0x65,0x64,0x5b,0x34,0x5d,0x2c,0x20,0x70,
    0x5f,0x76,0x73,0x5f,0x73,0x68,0x61,0x64,0x65,0x64,0x5b,0x35,0x5d,0x2c,0x20,0x70,
    0x5f,0x76,0x73,0x5f,0x73,0x68,0x61,0x64,0x65,0x64,0x5b,0x36,0x5d,0x2c,0x20,0x70,
    0x5f,0x76,0x73,0x5f,0x73,0x68,0x61,0x64,0x65,0x64,0x5b,0x37,0x5d,0x29,0x20,0x2a,
    0x20,0x5f,0x32,0x37,0x3b,0x0a,0x7d,0x0a,0x0a,0x00,
};
/*
    #version 430

    uniform vec4 p_fs_shaded[4];
    layout(binding = 0) uniform samplerCube b_shaded_shadow_tex_b_shaded_shadow_smp;
    layout(binding = 1) uniform sampler2D b_shaded_tex_b_shaded_smp;

    layout(location = 1) in vec3 norm;
    layout(location = 0) in vec3 pos;
    layout(location = 2) in vec2 uv;
    layout(location = 0) out vec4 o_frag_col;

    float decodeFloat(vec4 enc)
    {
        return dot(enc, vec4(1.0, 0.0039215688593685626983642578125, 1.5378700481960549950599670410156e-05, 6.0308629201699659461155533790588e-08));
    }

    void main()
    {
        vec3 _28 = normalize(norm);
        vec3 _41 = p_fs_shaded[2].xyz - pos;
        vec3 _42 = normalize(_41);
        vec3 _52 = -_42;
        float diff_mag = 0.699999988079071044921875 * max(dot(_42, _28), 0.0);
        float spec_mag = 0.300000011920928955078125 * pow(max(dot(reflect(_52, _28), normalize(p_fs_shaded[1].xyz - pos)), 0.0), 32.0);
        vec4 param = texture(b_shaded_shadow_tex_b_shaded_shadow_smp, _52);
        if (length(_41) > ((p_fs_shaded[2].w + (decodeFloat(param) * (p_fs_shaded[3].x - p_fs_shaded[2].w))) + 0.0500000007450580596923828125))
        {
            diff_mag = 0.0;
            spec_mag = 0.0;
        }
        o_frag_col = vec4((vec3(1.0) * spec_mag) + (texture(b_shaded_tex_b_shaded_smp, p_fs_shaded[0].xy + (uv * (p_fs_shaded[0].zw - p_fs_shaded[0].xy))).xyz * (0.20000000298023223876953125 + diff_mag)), 1.0);
    }

*/
static const uint8_t fs_shaded_source_glsl430[1342] = {
    0x23,0x76,0x65,0x72,0x73,0x69,0x6f,0x6e,0x20,0x34,0x33,0x30,0x0a,0x0a,0x75,0x6e,
    0x69,0x66,0x6f,0x72,0x6d,0x20,0x76,0x65,0x63,0x34,0x20,0x70,0x5f,0x66,0x73,0x5f,
    0x73,0x68,0x61,0x64,0x65,0x64,0x5b,0x34,0x5d,0x3b,0x0a,0x6c,0x61,0x79,0x6f,0x75,
    0x74,0x28,0x62,0x69,0x6e,0x64,0x69,0x6e,0x67,0x20,0x3d,0x20,0x30,0x29,0x20,0x75,
    0x6e,0x69,0x66,0x6f,0x72,0x6d,0x20,0x73,0x61,0x6d,0x70,0x6c,0x65,0x72,0x43,0x75,
    0x62,0x65,0x20,0x62,0x5f,0x73,0x68,0x61,0x64,0x65,0x64,0x5f,0x73,0x68,0x61,0x64,
    0x6f,0x77,0x5f,0x74,0x65,0x78,0x5f,0x62,0x5f,0x73,0x68,0x61,0x64,0x65,0x64,0x5f,
    0x73,0x68,0x61,0x64,0x6f,0x77,0x5f,0x73,0x6d,0x70,0x3b,0x0a,0x6c,0x61,0x79,0x6f,
    0x75,0x74,0x28,0x62,0x69,0x6e,0x64,0x69,0x6e,0x67,0x20,0x3d,0x20,0x31,0x29,0x20,
    0x75,0x6e,0x69,0x66,0x6f,0x72,0x6d,0x20,0x73,0x61,0x6d,0x70,0x6c,0x65,0x72,0x32,
    0x44,0x20,0x62,0x5f,0x73,0x68,0x61,0x64,0x65,0x64,0x5f,0x74,0x65,0x78,0x5f,0x62,
    0x5f,0x73,0x68,0x61,0x64,0x65,0x64,0x5f,0x73,0x6d,0x70,0x3b,0x0a,0x0a,0x6c,0x61,
    0x79,0x6f,0x75,0x74,0x28,0x6c,0x6f,0x63,0x61,0x74,0x69,0x6f,0x6e,0x20,0x3d,0x20,
    0x31,0x29,0x20,0x69,0x6e,0x20,0x76,0x65,0x63,0x33,0x20,0x6e,0x6f,0x72,0x6d,0x3b,
    0x0a,0x6c,0x61,0x79,0x6f,0x75,0x74,0x28,0x6c,0x6f,0x63,0x61,0x74,0x69,0x6f,0x6e,
    0x20,0x3d,0x20,0x30,0x29,0x20,0x69,0x6e,0x20,0x76,0x65,0x63,0x33,0x20,0x70,0x6f,
    0x73,0x3b,0x0a,0x6c,0x61,0x79,0x6f,0x75,0x74,0x28,0x6c,0x6f,0x63,0x61,0x74,0x69,
    0x6f,0x6e,0x20,0x3d,0x20,0x32,0x29,0x20,0x69,0x6e,0x20,0x76,0x65,0x63,0x32,0x20,
    0x75,0x76,0x3b,0x0a,0x6c,0x61,0x79,0x6f,0x75,0x74,0x28,0x6c,0x6f,0x63,0x61,0x74,
    0x69,0x6f,0x6e,0x20,0x3d,0x20,0x30,0x29,0x20,0x6f,0x75,0x74,0x20,0x76,0x65,0x63,
    0x34,0x20,0x6f,0x5f,0x66,0x72,0x61,0x67,0x5f,0x63,0x6f,0x6c,0x3b,0x0a,0x0a,0x66,
    0x6c,0x6f,0x61,0x74,0x20,0x64,0x65,0x63,0x6f,0x64,0x65,0x46,0x6c,0x6f,0x61,0x74,
    0x28,0x76,0x65,0x63,0x34,0x20,0x65,0x6e,0x63,0x29,0x0a,0x7b,0x0a,0x20,0x20,0x20,
    0x20,0x72,0x65,0x74,0x75,0x72,0x6e,0x20,0x64,0x6f,0x74,0x28,0x65,0x6e,0x63,0x2c,
    0x20,0x76,0x65,0x63,0x34,0x28,0x31,0x2e,0x30,0x2c,0x20,0x30,0x2e,0x30,0x30,0x33,
    0x39,0x32,0x31,0x35,0x36,0x38,0x38,0x35,0x39,0x33,0x36,0x38,0x35,0x36,0x32,0x36,
    0x39,0x38,0x33,0x36,0x34,0x32,0x35,0x37,0x38,0x31,0x32,0x35,0x2c,0x20,0x31,0x2e,
    0x35,0x33,0x37,0x38,0x37,0x30,0x30,0x34,0x38,0x31,0x39,0x36,0x30,0x35,0x34,0x39,
    0x39,0x35,0x30,0x35,0x39,0x39,0x36,0x37,0x30,0x34,0x31,0x30,0x31,0x35,0x36,0x65,
    0x2d,0x30,0x35,0x2c,0x20,0x36,0x2e,0x30,0x33,0x30,0x38,0x36,0x32,0x39,0x32,0x30,
    0x31,0x36,0x39,0x39,0x36,0x35,0x39,0x34,0x36,0x31,0x31,0x35,0x35,0x35,0x33,0x33,
    0x37,0x39,0x30,0x35,0x38,0x38,0x65,0x2d,0x30,0x38,0x29,0x29,0x3b,0x0a,0x7d,0x0a,
    0x0a,0x76,0x6f,0x69,0x64,0x20,0x6d,0x61,0x69,0x6e,0x28,0x29,0x0a,0x7b,0x0a,0x20,
    0x20,0x20,0x20,0x76,0x65,0x63,0x33,0x20,0x5f,0x32,0x38,0x20,0x3d,0x20,0x6e,0x6f,
    0x72,0x6d,0x61,0x6c,0x69,0x7a,0x65,0x28,0x6e,0x6f,0x72,0x6d,0x29,0x3b,0x0a,0x20,
    0x20,0x20,0x20,0x76,0x65,0x63,0x33,0x20,0x5f,0x34,0x31,0x20,0x3d,0x20,0x70,0x5f,
    0x66,0x73,0x5f,0x73,0x68,0x61,0x64,0x65,0x64,0x5b,0x32,0x5d,0x2e,0x78,0x79,0x7a,
    0x20,0x2d,0x20,0x70,0x6f,0x73,0x3b,0x0a,0x20,0x20,0x20,0x20,0x76,0x65,0x63,0x33,
    0x20,0x5f,0x34,0x32,0x20,0x3d,0x20,0x6e,0x6f,0x72,0x6d,0x61,0x6c,0x69,0x7a,0x65,
    0x28,0x5f,0x34,0x31,0x29,0x3b,0x0a,0x20,0x20,0x20,0x20,0x76,0x65,0x63,0x33,0x20,
    0x5f,0x35,0x32,0x20,0x3d,0x20,0x2d,0x5f,0x34,0x32,0x3b,0x0a,0x20,0x20,0x20,0x20,
    0x66,0x6c,0x6f,0x61,0x74,0x20,0x64,0x69,0x66,0x66,0x5f,0x6d,0x61,0x67,0x20,0x3d,
    0x20,0x30,0x2e,0x36,0x39,0x39,0x39,0x39,0x39,0x39,0x38,0x38,0x30,0x37,0x39,0x30,
    0x37,0x31,0x30,0x34,0x34,0x39,0x32,0x31,0x38,0x37,0x35,0x20,0x2a,0x20,0x6d,0x61,
    0x78,0x28,0x64,0x6f,0x74,0x28,0x5f,0x34,0x32,0x2c,0x20,0x5f,0x32,0x38,0x29,0x2c,
    0x20,0x30,0x2e,0x30,0x29,0x3b,0x0a,0x20,0x20,0x20,0x20,0x66,0x6c,0x6f,0x61,0x74,
    0x20,0x73,0x70,0x65,0x63,0x5f,0x6d,0x61,0x67,0x20,0x3d,0x20,0x30,0x2e,0x33,0x30,
    0x30,0x30,0x30,0x30,0x30,0x31,0x31,0x39,0x32,0x30,0x39,0x32,0x38,0x39,0x35,0x35,
    0x30,0x37,0x38,0x31,0x32,0x35,0x20,0x2a,0x20,0x70,0x6f,0x77,0x28,0x6d,0x61,0x78,
    0x28,0x64,0x6f,0x74,0x28,0x72,0x65,0x66,0x6c,0x65,0x63,0x74,0x28,0x5f,0x35,0x32,
    0x2c,0x20,0x5f,0x32,0x38,0x29,0x2c,0x20,0x6e,0x6f,0x72,0x6d,0x61,0x6c,0x69,0x7a,
    0x65,0x28,0x70,0x5f,0x66,0x73,0x5f,0x73,0x68,0x61,0x64,0x65,0x64,0x5b,0x31,0x5d,
    0x2e,0x78,0x79,0x7a,0x20,0x2d,0x20,0x70,0x6f,0x73,0x29,0x29,0x2c,0x20,0x30,0x2e,
    0x30,0x29,0x2c,0x20,0x33,0x32,0x2e,0x30,0x29,0x3b,0x0a,0x20,0x20,0x20,0x20,0x76,
    0x65,0x63,0x34,0x20,0x70,0x61,0x72,0x61,0x6d,0x20,0x3d,0x20,0x74,0x65,0x78,0x74,
    0x75,0x72,0x65,0x28,0x62,0x5f,0x73,0x68,0x61,0x64,0x65,0x64,0x5f,0x73,0x68,0x61,
    0x64,0x6f,0x77,0x5f,0x74,0x65,0x78,0x5f,0x62,0x5f,0x73,0x68,0x61,0x64,0x65,0x64,
    0x5f,0x73,0x68,0x61,0x64,0x6f,0x77,0x5f,0x73,0x6d,0x70,0x2c,0x20,0x5f,0x35,0x32,
    0x29,0x3b,0x0a,0x20,0x20,0x20,0x20,0x69,0x66,0x20,0x28,0x6c,0x65,0x6e,0x67,0x74,
    0x68,0x28,0x5f,0x34,0x31,0x29,0x20,0x3e,0x20,0x28,0x28,0x70,0x5f,0x66,0x73,0x5f,
    0x73,0x68,0x61,0x64,0x65,0x64,0x5b,0x32,0x5d,0x2e,0x77,0x20,0x2b,0x20,0x28,0x64,
    0x65,0x63,0x6f,0x64,0x65,0x46,0x6c,0x6f,0x61,0x74,0x28,0x70,0x61,0x72,0x61,0x6d,
    0x29,0x20,0x2a,0x20,0x28,0x70,0x5f,0x66,0x73,0x5f,0x73,0x68,0x61,0x64,0x65,0x64,
    0x5b,0x33,0x5d,0x2e,0x78,0x20,0x2d,0x20,0x70,0x5f,0x66,0x73,0x5f,0x73,0x68,0x61,
    0x64,0x65,0x64,0x5b,0x32,0x5d,0x2e,0x77,0x29,0x29,0x29,0x20,0x2b,0x20,0x30,0x2e,
    0x30,0x35,0x30,0x30,0x30,0x30,0x30,0x30,0x30,0x37,0x34,0x35,0x30,0x35,0x38,0x30,
    0x35,0x39,0x36,0x39,0x32,0x33,0x38,0x32,0x38,0x31,0x32,0x35,0x29,0x29,0x0a,0x20,
    0x20,0x20,0x20,0x7b,0x0a,0x20,0x20,0x20,0x20,0x20,0x20,0x20,0x20,0x64,0x69,0x66,
    0x66,0x5f,0x6d,0x61,0x67,0x20,0x3d,0x20,0x30,0x2e,0x30,0x3b,0x0a,0x20,0x20,0x20,
    0x20,0x20,0x20,0x20,0x20,0x73,0x70,0x65,0x63,0x5f,0x6d,0x61,0x67,0x20,0x3d,0x20,
    0x30,0x2e,0x30,0x3b,0x0a,0x20,0x20,0x20,0x20,0x7d,0x0a,0x20,0x20,0x20,0x20,0x6f,
    0x5f,0x66,0x72,0x61,0x67,0x5f,0x63,0x6f,0x6c,0x20,0x3d,0x20,0x76,0x65,0x63,0x34,
    0x28,0x28,0x76,0x65,0x63,0x33,0x28,0x31,0x2e,0x30,0x29,0x20,0x2a,0x20,0x73,0x70,
    0x65,0x63,0x5f,0x6d,0x61,0x67,0x29,0x20,0x2b,0x20,0x28,0x74,0x65,0x78,0x74,0x75,
    0x72,0x65,0x28,0x62,0x5f,0x73,0x68,0x61,0x64,0x65,0x64,0x5f,0x74,0x65,0x78,0x5f,
    0x62,0x5f,0x73,0x68,0x61,0x64,0x65,0x64,0x5f,0x73,0x6d,0x70,0x2c,0x20,0x70,0x5f,
    0x66,0x73,0x5f,0x73,0x68,0x61,0x64,0x65,0x64,0x5b,0x30,0x5d,0x2e,0x78,0x79,0x20,
    0x2b,0x20,0x28,0x75,0x76,0x20,0x2a,0x20,0x28,0x70,0x5f,0x66,0x73,0x5f,0x73,0x68,
    0x61,0x64,0x65,0x64,0x5b,0x30,0x5d,0x2e,0x7a,0x77,0x20,0x2d,0x20,0x70,0x5f,0x66,
    0x73,0x5f,0x73,0x68,0x61,0x64,0x65,0x64,0x5b,0x30,0x5d,0x2e,0x78,0x79,0x29,0x29,
    0x29,0x2e,0x78,0x79,0x7a,0x20,0x2a,0x20,0x28,0x30,0x2e,0x32,0x30,0x30,0x30,0x30,
    0x30,0x30,0x30,0x32,0x39,0x38,0x30,0x32,0x33,0x32,0x32,0x33,0x38,0x37,0x36,0x39,
    0x35,0x33,0x31,0x32,0x35,0x20,0x2b,0x20,0x64,0x69,0x66,0x66,0x5f,0x6d,0x61,0x67,
    0x29,0x29,0x2c,0x20,0x31,0x2e,0x30,0x29,0x3b,0x0a,0x7d,0x0a,0x0a,0x00,
};
/*
    #version 430

    uniform vec4 p_vs_colorview[1];
    layout(location = 0) out vec2 uv;
    layout(location = 1) in vec2 i_uv;
    layout(location = 0) in vec2 i_pos;

    void main()
    {
        uv = p_vs_colorview[0].xy + (i_uv * (p_vs_colorview[0].zw - p_vs_colorview[0].xy));
        gl_Position = vec4(i_pos, 0.5, 1.0);
    }

*/
static const uint8_t vs_colorview_source_glsl430[299] = {
    0x23,0x76,0x65,0x72,0x73,0x69,0x6f,0x6e,0x20,0x34,0x33,0x30,0x0a,0x0a,0x75,0x6e,
    0x69,0x66,0x6f,0x72,0x6d,0x20,0x76,0x65,0x63,0x34,0x20,0x70,0x5f,0x76,0x73,0x5f,
    0x63,0x6f,0x6c,0x6f,0x72,0x76,0x69,0x65,0x77,0x5b,0x31,0x5d,0x3b,0x0a,0x6c,0x61,
    0x79,0x6f,0x75,0x74,0x28,0x6c,0x6f,0x63,0x61,0x74,0x69,0x6f,0x6e,0x20,0x3d,0x20,
    0x30,0x29,0x20,0x6f,0x75,0x74,0x20,0x76,0x65,0x63,0x32,0x20,0x75,0x76,0x3b,0x0a,
    0x6c,0x61,0x79,0x6f,0x75,0x74,0x28,0x6c,0x6f,0x63,0x61,0x74,0x69,0x6f,0x6e,0x20,
    0x3d,0x20,0x31,0x29,0x20,0x69,0x6e,0x20,0x76,0x65,0x63,0x32,0x20,0x69,0x5f,0x75,
    0x76,0x3b,0x0a,0x6c,0x61,0x79,0x6f,0x75,0x74,0x28,0x6c,0x6f,0x63,0x61,0x74,0x69,
    0x6f,0x6e,0x20,0x3d,0x20,0x30,0x29,0x20,0x69,0x6e,0x20,0x76,0x65,0x63,0x32,0x20,
    0x69,0x5f,0x70,0x6f,0x73,0x3b,0x0a,0x0a,0x76,0x6f,0x69,0x64,0x20,0x6d,0x61,0x69,
    0x6e,0x28,0x29,0x0a,0x7b,0x0a,0x20,0x20,0x20,0x20,0x75,0x76,0x20,0x3d,0x20,0x70,
    0x5f,0x76,0x73,0x5f,0x63,0x6f,0x6c,0x6f,0x72,0x76,0x69,0x65,0x77,0x5b,0x30,0x5d,
    0x2e,0x78,0x79,0x20,0x2b,0x20,0x28,0x69,0x5f,0x75,0x76,0x20,0x2a,0x20,0x28,0x70,
    0x5f,0x76,0x73,0x5f,0x63,0x6f,0x6c,0x6f,0x72,0x76,0x69,0x65,0x77,0x5b,0x30,0x5d,
    0x2e,0x7a,0x77,0x20,0x2d,0x20,0x70,0x5f,0x76,0x73,0x5f,0x63,0x6f,0x6c,0x6f,0x72,
    0x76,0x69,0x65,0x77,0x5b,0x30,0x5d,0x2e,0x78,0x79,0x29,0x29,0x3b,0x0a,0x20,0x20,
    0x20,0x20,0x67,0x6c,0x5f,0x50,0x6f,0x73,0x69,0x74,0x69,0x6f,0x6e,0x20,0x3d,0x20,
    0x76,0x65,0x63,0x34,0x28,0x69,0x5f,0x70,0x6f,0x73,0x2c,0x20,0x30,0x2e,0x35,0x2c,
    0x20,0x31,0x2e,0x30,0x29,0x3b,0x0a,0x7d,0x0a,0x0a,0x00,
};
/*
    #version 430

    uniform vec4 p_fs_colorview[1];
    layout(binding = 0) uniform sampler2D b_colorview_tex_b_colorview_smp;

    layout(location = 0) in vec2 uv;
    layout(location = 0) out vec4 o_frag_col;

    void main()
    {
        o_frag_col = p_fs_colorview[0] * texture(b_colorview_tex_b_colorview_smp, uv);
    }

*/
static const uint8_t fs_colorview_source_glsl430[295] = {
    0x23,0x76,0x65,0x72,0x73,0x69,0x6f,0x6e,0x20,0x34,0x33,0x30,0x0a,0x0a,0x75,0x6e,
    0x69,0x66,0x6f,0x72,0x6d,0x20,0x76,0x65,0x63,0x34,0x20,0x70,0x5f,0x66,0x73,0x5f,
    0x63,0x6f,0x6c,0x6f,0x72,0x76,0x69,0x65,0x77,0x5b,0x31,0x5d,0x3b,0x0a,0x6c,0x61,
    0x79,0x6f,0x75,0x74,0x28,0x62,0x69,0x6e,0x64,0x69,0x6e,0x67,0x20,0x3d,0x20,0x30,
    0x29,0x20,0x75,0x6e,0x69,0x66,0x6f,0x72,0x6d,0x20,0x73,0x61,0x6d,0x70,0x6c,0x65,
    0x72,0x32,0x44,0x20,0x62,0x5f,0x63,0x6f,0x6c,0x6f,0x72,0x76,0x69,0x65,0x77,0x5f,
    0x74,0x65,0x78,0x5f,0x62,0x5f,0x63,0x6f,0x6c,0x6f,0x72,0x76,0x69,0x65,0x77,0x5f,
    0x73,0x6d,0x70,0x3b,0x0a,0x0a,0x6c,0x61,0x79,0x6f,0x75,0x74,0x28,0x6c,0x6f,0x63,
    0x61,0x74,0x69,0x6f,0x6e,0x20,0x3d,0x20,0x30,0x29,0x20,0x69,0x6e,0x20,0x76,0x65,
    0x63,0x32,0x20,0x75,0x76,0x3b,0x0a,0x6c,0x61,0x79,0x6f,0x75,0x74,0x28,0x6c,0x6f,
    0x63,0x61,0x74,0x69,0x6f,0x6e,0x20,0x3d,0x20,0x30,0x29,0x20,0x6f,0x75,0x74,0x20,
    0x76,0x65,0x63,0x34,0x20,0x6f,0x5f,0x66,0x72,0x61,0x67,0x5f,0x63,0x6f,0x6c,0x3b,
    0x0a,0x0a,0x76,0x6f,0x69,0x64,0x20,0x6d,0x61,0x69,0x6e,0x28,0x29,0x0a,0x7b,0x0a,
    0x20,0x20,0x20,0x20,0x6f,0x5f,0x66,0x72,0x61,0x67,0x5f,0x63,0x6f,0x6c,0x20,0x3d,
    0x20,0x70,0x5f,0x66,0x73,0x5f,0x63,0x6f,0x6c,0x6f,0x72,0x76,0x69,0x65,0x77,0x5b,
    0x30,0x5d,0x20,0x2a,0x20,0x74,0x65,0x78,0x74,0x75,0x72,0x65,0x28,0x62,0x5f,0x63,
    0x6f,0x6c,0x6f,0x72,0x76,0x69,0x65,0x77,0x5f,0x74,0x65,0x78,0x5f,0x62,0x5f,0x63,
    0x6f,0x6c,0x6f,0x72,0x76,0x69,0x65,0x77,0x5f,0x73,0x6d,0x70,0x2c,0x20,0x75,0x76,
    0x29,0x3b,0x0a,0x7d,0x0a,0x0a,0x00,
};
/*
    #version 430

    layout(location = 0) in vec2 v_pos;
    layout(location = 0) out vec2 uv;
    layout(location = 1) in vec2 v_uv;

    void main()
    {
        gl_Position = vec4(v_pos, 0.5, 1.0);
        uv.x = v_uv.x;
        uv.y = -v_uv.y;
    }

*/
static const uint8_t vs_texview_source_glsl430[218] = {
    0x23,0x76,0x65,0x72,0x73,0x69,0x6f,0x6e,0x20,0x34,0x33,0x30,0x0a,0x0a,0x6c,0x61,
    0x79,0x6f,0x75,0x74,0x28,0x6c,0x6f,0x63,0x61,0x74,0x69,0x6f,0x6e,0x20,0x3d,0x20,
    0x30,0x29,0x20,0x69,0x6e,0x20,0x76,0x65,0x63,0x32,0x20,0x76,0x5f,0x70,0x6f,0x73,
    0x3b,0x0a,0x6c,0x61,0x79,0x6f,0x75,0x74,0x28,0x6c,0x6f,0x63,0x61,0x74,0x69,0x6f,
    0x6e,0x20,0x3d,0x20,0x30,0x29,0x20,0x6f,0x75,0x74,0x20,0x76,0x65,0x63,0x32,0x20,
    0x75,0x76,0x3b,0x0a,0x6c,0x61,0x79,0x6f,0x75,0x74,0x28,0x6c,0x6f,0x63,0x61,0x74,
    0x69,0x6f,0x6e,0x20,0x3d,0x20,0x31,0x29,0x20,0x69,0x6e,0x20,0x76,0x65,0x63,0x32,
    0x20,0x76,0x5f,0x75,0x76,0x3b,0x0a,0x0a,0x76,0x6f,0x69,0x64,0x20,0x6d,0x61,0x69,
    0x6e,0x28,0x29,0x0a,0x7b,0x0a,0x20,0x20,0x20,0x20,0x67,0x6c,0x5f,0x50,0x6f,0x73,
    0x69,0x74,0x69,0x6f,0x6e,0x20,0x3d,0x20,0x76,0x65,0x63,0x34,0x28,0x76,0x5f,0x70,
    0x6f,0x73,0x2c,0x20,0x30,0x2e,0x35,0x2c,0x20,0x31,0x2e,0x30,0x29,0x3b,0x0a,0x20,
    0x20,0x20,0x20,0x75,0x76,0x2e,0x78,0x20,0x3d,0x20,0x76,0x5f,0x75,0x76,0x2e,0x78,
    0x3b,0x0a,0x20,0x20,0x20,0x20,0x75,0x76,0x2e,0x79,0x20,0x3d,0x20,0x2d,0x76,0x5f,
    0x75,0x76,0x2e,0x79,0x3b,0x0a,0x7d,0x0a,0x0a,0x00,
};
/*
    #version 430

    struct HSV
    {
        float hue;
        float saturation;
        float value;
    };

    uniform vec4 fs_texview_params[3];
    layout(binding = 0) uniform sampler2D texview_tex_texview_smp;

    layout(location = 0) in vec2 uv;
    layout(location = 0) out vec4 frag_color;

    float fmod(float x, float y)
    {
        return x - (y * trunc(x / y));
    }

    HSV rgb2hsv(float r, float g, float b, float brightness)
    {
        float _114 = r * 0.0039215688593685626983642578125;
        float _117 = g * 0.0039215688593685626983642578125;
        float _120 = b * 0.0039215688593685626983642578125;
        float _126 = max(_114, max(_117, _120));
        float _132 = min(_114, min(_117, _120));
        float _136 = _126 - _132;
        float _301 = 0.0;
        float _302 = 0.0;
        if (_126 == _132)
        {
            _301 = 0.0;
        }
        else
        {
            if (_126 == _114)
            {
                float param = (60.0 * ((_117 - _120) / _136)) + 360.0;
                float param_1 = 360.0;
                _301 = fmod(param, param_1);
            }
            else
            {
                if (_126 == _117)
                {
                    float param_2 = (60.0 * ((_120 - _114) / _136)) + 120.0;
                    float param_3 = 360.0;
                    _301 = fmod(param_2, param_3);
                }
                else
                {
                    if (_126 == _120)
                    {
                        float param_4 = (60.0 * ((_114 - _117) / _136)) + 240.0;
                        float param_5 = 360.0;
                        _301 = fmod(param_4, param_5);
                    }
                }
            }
        }
        if (_126 == 0.0)
        {
            _302 = 0.0;
        }
        else
        {
            _302 = (_136 / _126) * 100.0;
        }
        return HSV(_301, _302, _126 * (100.0 * brightness));
    }

    vec4 hsv2rgb(int hue, float saturation, float value)
    {
        float _43 = value * saturation;
        float param = float(hue) * 0.01666666753590106964111328125;
        float param_1 = 2.0;
        float _58 = _43 * (1.0 - abs(1.0 - fmod(param, param_1)));
        float _62 = value - _43;
        float r = 0.0;
        float g = 0.0;
        float b = 0.0;
        switch (hue / 60)
        {
            case 0:
            {
                r = _43;
                g = _58;
                b = 0.0;
                break;
            }
            case 1:
            {
                r = _58;
                g = _43;
                b = 0.0;
                break;
            }
            case 2:
            {
                r = 0.0;
                g = _43;
                b = _58;
                break;
            }
            case 3:
            {
                r = 0.0;
                g = _58;
                b = _43;
                break;
            }
            case 4:
            {
                r = _58;
                g = 0.0;
                b = _43;
                break;
            }
            case 5:
            {
                r = _43;
                g = 0.0;
                b = _58;
                break;
            }
        }
        float _97 = r;
        float _98 = _97 + _62;
        r = _98;
        float _100 = g;
        float _101 = _100 + _62;
        g = _101;
        float _103 = b;
        float _104 = _103 + _62;
        b = _104;
        return vec4(_98, _101, _104, 1.0);
    }

    void main()
    {
        vec4 _256 = texture(texview_tex_texview_smp, fs_texview_params[2].xy + (uv * (fs_texview_params[2].zw - fs_texview_params[2].xy)));
        float param = _256.x;
        float param_1 = _256.y;
        float param_2 = _256.z;
        float param_3 = fs_texview_params[0].x;
        HSV _275 = rgb2hsv(param, param_1, param_2, param_3);
        int param_4 = int(_275.hue);
        float param_5 = _275.saturation;
        float param_6 = _275.value;
        frag_color = fs_texview_params[1] * hsv2rgb(param_4, param_5, param_6);
    }

*/
static const uint8_t fs_texview_source_glsl430[3506] = {
    0x23,0x76,0x65,0x72,0x73,0x69,0x6f,0x6e,0x20,0x34,0x33,0x30,0x0a,0x0a,0x73,0x74,
    0x72,0x75,0x63,0x74,0x20,0x48,0x53,0x56,0x0a,0x7b,0x0a,0x20,0x20,0x20,0x20,0x66,
    0x6c,0x6f,0x61,0x74,0x20,0x68,0x75,0x65,0x3b,0x0a,0x20,0x20,0x20,0x20,0x66,0x6c,
    0x6f,0x61,0x74,0x20,0x73,0x61,0x74,0x75,0x72,0x61,0x74,0x69,0x6f,0x6e,0x3b,0x0a,
    0x20,0x20,0x20,0x20,0x66,0x6c,0x6f,0x61,0x74,0x20,0x76,0x61,0x6c,0x75,0x65,0x3b,
    0x0a,0x7d,0x3b,0x0a,0x0a,0x75,0x6e,0x69,0x66,0x6f,0x72,0x6d,0x20,0x76,0x65,0x63,
    0x34,0x20,0x66,0x73,0x5f,0x74,0x65,0x78,0x76,0x69,0x65,0x77,0x5f,0x70,0x61,0x72,
    0x61,0x6d,0x73,0x5b,0x33,0x5d,0x3b,0x0a,0x6c,0x61,0x79,0x6f,0x75,0x74,0x28,0x62,
    0x69,0x6e,0x64,0x69,0x6e,0x67,0x20,0x3d,0x20,0x30,0x29,0x20,0x75,0x6e,0x69,0x66,
    0x6f,0x72,0x6d,0x20,0x73,0x61,0x6d,0x70,0x6c,0x65,0x72,0x32,0x44,0x20,0x74,0x65,
    0x78,0x76,0x69,0x65,0x77,0x5f,0x74,0x65,0x78,0x5f,0x74,0x65,0x78,0x76,0x69,0x65,
    0x77,0x5f,0x73,0x6d,0x70,0x3b,0x0a,0x0a,0x6c,0x61,0x79,0x6f,0x75,0x74,0x28,0x6c,
    0x6f,0x63,0x61,0x74,0x69,0x6f,0x6e,0x20,0x3d,0x20,0x30,0x29,0x20,0x69,0x6e,0x20,
    0x76,0x65,0x63,0x32,0x20,0x75,0x76,0x3b,0x0a,0x6c,0x61,0x79,0x6f,0x75,0x74,0x28,
    0x6c,0x6f,0x63,0x61,0x74,0x69,0x6f,0x6e,0x20,0x3d,0x20,0x30,0x29,0x20,0x6f,0x75,
    0x74,0x20,0x76,0x65,0x63,0x34,0x20,0x66,0x72,0x61,0x67,0x5f,0x63,0x6f,0x6c,0x6f,
    0x72,0x3b,0x0a,0x0a,0x66,0x6c,0x6f,0x61,0x74,0x20,0x66,0x6d,0x6f,0x64,0x28,0x66,
    0x6c,0x6f,0x61,0x74,0x20,0x78,0x2c,0x20,0x66,0x6c,0x6f,0x61,0x74,0x20,0x79,0x29,
    0x0a,0x7b,0x0a,0x20,0x20,0x20,0x20,0x72,0x65,0x74,0x75,0x72,0x6e,0x20,0x78,0x20,
    0x2d,0x20,0x28,0x79,0x20,0x2a,0x20,0x74,0x72,0x75,0x6e,0x63,0x28,0x78,0x20,0x2f,
    0x20,0x79,0x29,0x29,0x3b,0x0a,0x7d,0x0a,0x0a,0x48,0x53,0x56,0x20,0x72,0x67,0x62,
    0x32,0x68,0x73,0x76,0x28,0x66,0x6c,0x6f,0x61,0x74,0x20,0x72,0x2c,0x20,0x66,0x6c,
    0x6f,0x61,0x74,0x20,0x67,0x2c,0x20,0x66,0x6c,0x6f,0x61,0x74,0x20,0x62,0x2c,0x20,
    0x66,0x6c,0x6f,0x61,0x74,0x20,0x62,0x72,0x69,0x67,0x68,0x74,0x6e,0x65,0x73,0x73,
    0x29,0x0a,0x7b,0x0a,0x20,0x20,0x20,0x20,0x66,0x6c,0x6f,0x61,0x74,0x20,0x5f,0x31,
    0x31,0x34,0x20,0x3d,0x20,0x72,0x20,0x2a,0x20,0x30,0x2e,0x30,0x30,0x33,0x39,0x32,
    0x31,0x35,0x36,0x38,0x38,0x35,0x39,0x33,0x36,0x38,0x35,0x36,0x32,0x36,0x39,0x38,
    0x33,0x36,0x34,0x32,0x35,0x37,0x38,0x31,0x32,0x35,0x3b,0x0a,0x20,0x20,0x20,0x20,
    0x66,0x6c,0x6f,0x61,0x74,0x20,0x5f,0x31,0x31,0x37,0x20,0x3d,0x20,0x67,0x20,0x2a,
    0x20,0x30,0x2e,0x30,0x30,0x33,0x39,0x32,0x31,0x35,0x36,0x38,0x38,0x35,0x39,0x33,
    0x36,0x38,0x35,0x36,0x32,0x36,0x39,0x38,0x33,0x36,0x34,0x32,0x35,0x37,0x38,0x31,
    0x32,0x35,0x3b,0x0a,0x20,0x20,0x20,0x20,0x66,0x6c,0x6f,0x61,0x74,0x20,0x5f,0x31,
    0x32,0x30,0x20,0x3d,0x20,0x62,0x20,0x2a,0x20,0x30,0x2e,0x30,0x30,0x33,0x39,0x32,
    0x31,0x35,0x36,0x38,0x38,0x35,0x39,0x33,0x36,0x38,0x35,0x36,0x32,0x36,0x39,0x38,
    0x33,0x36,0x34,0x32,0x35,0x37,0x38,0x31,0x32,0x35,0x3b,0x0a,0x20,0x20,0x20,0x20,
    0x66,0x6c,0x6f,0x61,0x74,0x20,0x5f,0x31,0x32,0x36,0x20,0x3d,0x20,0x6d,0x61,0x78,
    0x28,0x5f,0x31,0x31,0x34,0x2c,0x20,0x6d,0x61,0x78,0x28,0x5f,0x31,0x31,0x37,0x2c,
    0x20,0x5f,0x31,0x32,0x30,0x29,0x29,0x3b,0x0a,0x20,0x20,0x20,0x20,0x66,0x6c,0x6f,
    0x61,0x74,0x20,0x5f,0x31,0x33,0x32,0x20,0x3d,0x20,0x6d,0x69,0x6e,0x28,0x5f,0x31,
    0x31,0x34,0x2c,0x20,0x6d,0x69,0x6e,0x28,0x5f,0x31,0x31,0x37,0x2c,0x20,0x5f,0x31,
    0x32,0x30,0x29,0x29,0x3b,0x0a,0x20,0x20,0x20,0x20,0x66,0x6c,0x6f,0x61,0x74,0x20,
    0x5f,0x31,0x33,0x36,0x20,0x3d,0x20,0x5f,0x31,0x32,0x36,0x20,0x2d,0x20,0x5f,0x31,
    0x33,0x32,0x3b,0x0a,0x20,0x20,0x20,0x20,0x66,0x6c,0x6f,0x61,0x74,0x20,0x5f,0x33,
    0x30,0x31,0x20,0x3d,0x20,0x30,0x2e,0x30,0x3b,0x0a,0x20,0x20,0x20,0x20,0x66,0x6c,
    0x6f,0x61,0x74,0x20,0x5f,0x33,0x30,0x32,0x20,0x3d,0x20,0x30,0x2e,0x30,0x3b,0x0a,
    0x20,0x20,0x20,0x20,0x69,0x66,0x20,0x28,0x5f,0x31,0x32,0x36,0x20,0x3d,0x3d,0x20,
    0x5f,0x31,0x33,0x32,0x29,0x0a,0x20,0x20,0x20,0x20,0x7b,0x0a,0x20,0x20,0x20,0x20,
    0x20,0x20,0x20,0x20,0x5f,0x33,0x30,0x31,0x20,0x3d,0x20,0x30,0x2e,0x30,0x3b,0x0a,
    0x20,0x20,0x20,0x20,0x7d,0x0a,0x20,0x20,0x20,0x20,0x65,0x6c,0x73,0x65,0x0a,0x20,
    0x20,0x20,0x20,0x7b,0x0a,0x20,0x20,0x20,0x20,0x20,0x20,0x20,0x20,0x69,0x66,0x20,
    0x28,0x5f,0x31,0x32,0x36,0x20,0x3d,0x3d,0x20,0x5f,0x31,0x31,0x34,0x29,0x0a,0x20,
    0x20,0x20,0x20,0x20,0x20,0x20,0x20,0x7b,0x0a,0x20,0x20,0x20,0x20,0x20,0x20,0x20,
    0x20,0x20,0x20,0x20,0x20,0x66,0x6c,0x6f,0x61,0x74,0x20,0x70,0x61,0x72,0x61,0x6d,
    0x20,0x3d,0x20,0x28,0x36,0x30,0x2e,0x30,0x20,0x2a,0x20,0x28,0x28,0x5f,0x31,0x31,
    0x37,0x20,0x2d,0x20,0x5f,0x31,0x32,0x30,0x29,0x20,0x2f,0x20,0x5f,0x31,0x33,0x36,
    0x29,0x29,0x20,0x2b,0x20,0x33,0x36,0x30,0x2e,0x30,0x3b,0x0a,0x20,0x20,0x20,0x20,
    0x20,0x20,0x20,0x20,0x20,0x20,0x20,0x20,0x66,0x6c,0x6f,0x61,0x74,0x20,0x70,0x61,
    0x72,0x61,0x6d,0x5f,0x31,0x20,0x3d,0x20,0x33,0x36,0x30,0x2e,0x30,0x3b,0x0a,0x20,
    0x20,0x20,0x20,0x20,0x20,0x20,0x20,0x20,0x20,0x20,0x20,0x5f,0x33,0x30,0x31,0x20,
    0x3d,0x20,0x66,0x6d,0x6f,0x64,0x28,0x70,0x61,0x72,0x61,0x6d,0x2c,0x20,0x70,0x61,
    0x72,0x61,0x6d,0x5f,0x31,0x29,0x3b,0x0a,0x20,0x20,0x20,0x20,0x20,0x20,0x20,0x20,
    0x7d,0x0a,0x20,0x20,0x20,0x20,0x20,0x20,0x20,0x20,0x65,0x6c,0x73,0x65,0x0a,0x20,
    0x20,0x20,0x20,0x20,0x20,0x20,0x20,0x7b,0x0a,0x20,0x20,0x20,0x20,0x20,0x20,0x20,
    0x20,0x20,0x20,0x20,0x20,0x69,0x66,0x20,0x28,0x5f,0x31,0x32,0x36,0x20,0x3d,0x3d,
    0x20,0x5f,0x31,0x31,0x37,0x29,0x0a,0x20,0x20,0x20,0x20,0x20,0x20,0x20,0x20,0x20,
    0x20,0x20,0x20,0x7b,0x0a,0x20,0x20,0x20,0x20,0x20,0x20,0x20,0x20,0x20,0x20,0x20,
    0x20,0x20,0x20,0x20,0x20,0x66,0x6c,0x6f,0x61,0x74,0x20,0x70,0x61,0x72,0x61,0x6d,
    0x5f,0x32,0x20,0x3d,0x20,0x28,0x36,0x30,0x2e,0x30,0x20,0x2a,0x20,0x28,0x28,0x5f,
    0x31,0x32,0x30,0x20,0x2d,0x20,0x5f,0x31,0x31,0x34,0x29,0x20,0x2f,0x20,0x5f,0x31,
    0x33,0x36,0x29,0x29,0x20,0x2b,0x20,0x31,0x32,0x30,0x2e,0x30,0x3b,0x0a,0x20,0x20,
    0x20,0x20,0x20,0x20,0x20,0x20,0x20,0x20,0x20,0x20,0x20,0x20,0x20,0x20,0x66,0x6c,
    0x6f,0x61,0x74,0x20,0x70,0x61,0x72,0x61,0x6d,0x5f,0x33,0x20,0x3d,0x20,0x33,0x36,
    0x30,0x2e,0x30,0x3b,0x0a,0x20,0x20,0x20,0x20,0x20,0x20,0x20,0x20,0x20,0x20,0x20,
    0x20,0x20,0x20,0x20,0x20,0x5f,0x33,0x30,0x31,0x20,0x3d,0x20,0x66,0x6d,0x6f,0x64,
    0x28,0x70,0x61,0x72,0x61,0x6d,0x5f,0x32,0x2c,0x20,0x70,0x61,0x72,0x61,0x6d,0x5f,
    0x33,0x29,0x3b,0x0a,0x20,0x20,0x20,0x20,0x20,0x20,0x20,0x20,0x20,0x20,0x20,0x20,
    0x7d,0x0a,0x20,0x20,0x20,0x20,0x20,0x20,0x20,0x20,0x20,0x20,0x20,0x20,0x65,0x6c,
    0x73,0x65,0x0a,0x20,0x20,0x20,0x20,0x20,0x20,0x20,0x20,0x20,0x20,0x20,0x20,0x7b,
    0x0a,0x20,0x20,0x20,0x20,0x20,0x20,0x20,0x20,0x20,0x20,0x20,0x20,0x20,0x20,0x20,
    0x20,0x69,0x66,0x20,0x28,0x5f,0x31,0x32,0x36,0x20,0x3d,0x3d,0x20,0x5f,0x31,0x32,
    0x30,0x29,0x0a,0x20,0x20,0x20,0x20,0x20,0x20,0x20,0x20,0x20,0x20,0x20,0x20,0x20,
    0x20,0x20,0x20,0x7b,0x0a,0x20,0x20,0x20,0x20,0x20,0x20,0x20,0x20,0x20,0x20,0x20,
    0x20,0x20,0x20,0x20,0x20,0x20,0x20,0x20,0x20,0x66,0x6c,0x6f,0x61,0x74,0x20,0x70,
    0x61,0x72,0x61,0x6d,0x5f,0x34,0x20,0x3d,0x20,0x28,0x36,0x30,0x2e,0x30,0x20,0x2a,
    0x20,0x28,0x28,0x5f,0x31,0x31,0x34,0x20,0x2d,0x20,0x5f,0x31,0x31,0x37,0x29,0x20,
    0x2f,0x20,0x5f,0x31,0x33,0x36,0x29,0x29,0x20,0x2b,0x20,0x32,0x34,0x30,0x2e,0x30,
    0x3b,0x0a,0x20,0x20,0x20,0x20,0x20,0x20,0x20,0x20,0x20,0x20,0x20,0x20,0x20,0x20,
    0x20,0x20,0x20,0x20,0x20,0x20,0x66,0x6c,0x6f,0x61,0x74,0x20,0x70,0x61,0x72,0x61,
    0x6d,0x5f,0x35,0x20,0x3d,0x20,0x33,0x36,0x30,0x2e,0x30,0x3b,0x0a,0x20,0x20,0x20,
    0x20,0x20,0x20,0x20,0x20,0x20,0x20,0x20,0x20,0x20,0x20,0x20,0x20,0x20,0x20,0x20,
    0x20,0x5f,0x33,0x30,0x31,0x20,0x3d,0x20,0x66,0x6d,0x6f,0x64,0x28,0x70,0x61,0x72,
    0x61,0x6d,0x5f,0x34,0x2c,0x20,0x70,0x61,0x72,0x61,0x6d,0x5f,0x35,0x29,0x3b,0x0a,
    0x20,0x20,0x20,0x20,0x20,0x20,0x20,0x20,0x20,0x20,0x20,0x20,0x20,0x20,0x20,0x20,
    0x7d,0x0a,0x20,0x20,0x20,0x20,0x20,0x20,0x20,0x20,0x20,0x20,0x20,0x20,0x7d,0x0a,
    0x20,0x20,0x20,0x20,0x20,0x20,0x20,0x20,0x7d,0x0a,0x20,0x20,0x20,0x20,0x7d,0x0a,
    0x20,0x20,0x20,0x20,0x69,0x66,0x20,0x28,0x5f,0x31,0x32,0x36,0x20,0x3d,0x3d,0x20,
    0x30,0x2e,0x30,0x29,0x0a,0x20,0x20,0x20,0x20,0x7b,0x0a,0x20,0x20,0x20,0x20,0x20,
    0x20,0x20,0x20,0x5f,0x33,0x30,0x32,0x20,0x3d,0x20,0x30,0x2e,0x30,0x3b,0x0a,0x20,
    0x20,0x20,0x20,0x7d,0x0a,0x20,0x20,0x20,0x20,0x65,0x6c,0x73,0x65,0x0a,0x20,0x20,
    0x20,0x20,0x7b,0x0a,0x20,0x20,0x20,0x20,0x20,0x20,0x20,0x20,0x5f,0x33,0x30,0x32,
    0x20,0x3d,0x20,0x28,0x5f,0x31,0x33,0x36,0x20,0x2f,0x20,0x5f,0x31,0x32,0x36,0x29,
    0x20,0x2a,0x20,0x31,0x30,0x30,0x2e,0x30,0x3b,0x0a,0x20,0x20,0x20,0x20,0x7d,0x0a,
    0x20,0x20,0x20,0x20,0x72,0x65,0x74,0x75,0x72,0x6e,0x20,0x48,0x53,0x56,0x28,0x5f,
    0x33,0x30,0x31,0x2c,0x20,0x5f,0x33,0x30,0x32,0x2c,0x20,0x5f,0x31,0x32,0x36,0x20,
    0x2a,0x20,0x28,0x31,0x30,0x30,0x2e,0x30,0x20,0x2a,0x20,0x62,0x72,0x69,0x67,0x68,
    0x74,0x6e,0x65,0x73,0x73,0x29,0x29,0x3b,0x0a,0x7d,0x0a,0x0a,0x76,0x65,0x63,0x34,
    0x20,0x68,0x73,0x76,0x32,0x72,0x67,0x62,0x28,0x69,0x6e,0x74,0x20,0x68,0x75,0x65,
    0x2c,0x20,0x66,0x6c,0x6f,0x61,0x74,0x20,0x73,0x61,0x74,0x75,0x72,0x61,0x74,0x69,
    0x6f,0x6e,0x2c,0x20,0x66,0x6c,0x6f,0x61,0x74,0x20,0x76,0x61,0x6c,0x75,0x65,0x29,
    0x0a,0x7b,0x0a,0x20,0x20,0x20,0x20,0x66,0x6c,0x6f,0x61,0x74,0x20,0x5f,0x34,0x33,
    0x20,0x3d,0x20,0x76,0x61,0x6c,0x75,0x65,0x20,0x2a,0x20,0x73,0x61,0x74,0x75,0x72,
    0x61,0x74,0x69,0x6f,0x6e,0x3b,0x0a,0x20,0x20,0x20,0x20,0x66,0x6c,0x6f,0x61,0x74,
    0x20,0x70,0x61,0x72,0x61,0x6d,0x20,0x3d,0x20,0x66,0x6c,0x6f,0x61,0x74,0x28,0x68,
    0x75,0x65,0x29,0x20,0x2a,0x20,0x30,0x2e,0x30,0x31,0x36,0x36,0x36,0x36,0x36,0x36,
    0x37,0x35,0x33,0x35,0x39,0x30,0x31,0x30,0x36,0x39,0x36,0x34,0x31,0x31,0x31,0x33,
    0x32,0x38,0x31,0x32,0x35,0x3b,0x0a,0x20,0x20,0x20,0x20,0x66,0x6c,0x6f,0x61,0x74,
    0x20,0x70,0x61,0x72,0x61,0x6d,0x5f,0x31,0x20,0x3d,0x20,0x32,0x2e,0x30,0x3b,0x0a,
    0x20,0x20,0x20,0x20,0x66,0x6c,0x6f,0x61,0x74,0x20,0x5f,0x35,0x38,0x20,0x3d,0x20,
    0x5f,0x34,0x33,0x20,0x2a,0x20,0x28,0x31,0x2e,0x30,0x20,0x2d,0x20,0x61,0x62,0x73,
    0x28,0x31,0x2e,0x30,0x20,0x2d,0x20,0x66,0x6d,0x6f,0x64,0x28,0x70,0x61,0x72,0x61,
    0x6d,0x2c,0x20,0x70,0x61,0x72,0x61,0x6d,0x5f,0x31,0x29,0x29,0x29,0x3b,0x0a,0x20,
    0x20,0x20,0x20,0x66,0x6c,0x6f,0x61,0x74,0x20,0x5f,0x36,0x32,0x20,0x3d,0x20,0x76,
    0x61,0x6c,0x75,0x65,0x20,0x2d,0x20,0x5f,0x34,0x33,0x3b,0x0a,0x20,0x20,0x20,0x20,
    0x66,0x6c,0x6f,0x61,0x74,0x20,0x72,0x20,0x3d,0x20,0x30,0x2e,0x30,0x3b,0x0a,0x20,
    0x20,0x20,0x20,0x66,0x6c,0x6f,0x61,0x74,0x20,0x67,0x20,0x3d,0x20,0x30,0x2e,0x30,
    0x3b,0x0a,0x20,0x20,0x20,0x20,0x66,0x6c,0x6f,0x61,0x74,0x20,0x62,0x20,0x3d,0x20,
    0x30,0x2e,0x30,0x3b,0x0a,0x20,0x20,0x20,0x20,0x73,0x77,0x69,0x74,0x63,0x68,0x20,
    0x28,0x68,0x75,0x65,0x20,0x2f,0x20,0x36,0x30,0x29,0x0a,0x20,0x20,0x20,0x20,0x7b,
    0x0a,0x20,0x20,0x20,0x20,0x20,0x20,0x20,0x20,0x63,0x61,0x73,0x65,0x20,0x30,0x3a,
    0x0a,0x20,0x20,0x20,0x20,0x20,0x20,0x20,0x20,0x7b,0x0a,0x20,0x20,0x20,0x20,0x20,
    0x20,0x20,0x20,0x20,0x20,0x20,0x20,0x72,0x20,0x3d,0x20,0x5f,0x34,0x33,0x3b,0x0a,
    0x20,0x20,0x20,0x20,0x20,0x20,0x20,0x20,0x20,0x20,0x20,0x20,0x67,0x20,0x3d,0x20,
    0x5f,0x35,0x38,0x3b,0x0a,0x20,0x20,0x20,0x20,0x20,0x20,0x20,0x20,0x20,0x20,0x20,
    0x20,0x62,0x20,0x3d,0x20,0x30,0x2e,0x30,0x3b,0x0a,0x20,0x20,0x20,0x20,0x20,0x20,
    0x20,0x20,0x20,0x20,0x20,0x20,0x62,0x72,0x65,0x61,0x6b,0x3b,0x0a,0x20,0x20,0x20,
    0x20,0x20,0x20,0x20,0x20,0x7d,0x0a,0x20,0x20,0x20,0x20,0x20,0x20,0x20,0x20,0x63,
    0x61,0x73,0x65,0x20,0x31,0x3a,0x0a,0x20,0x20,0x20,0x20,0x20,0x20,0x20,0x20,0x7b,
    0x0a,0x20,0x20,0x20,0x20,0x20,0x20,0x20,0x20,0x20,0x20,0x20,0x20,0x72,0x20,0x3d,
    0x20,0x5f,0x35,0x38,0x3b,0x0a,0x20,0x20,0x20,0x20,0x20,0x20,0x20,0x20,0x20,0x20,
    0x20,0x20,0x67,0x20,0x3d,0x20,0x5f,0x34,0x33,0x3b,0x0a,0x20,0x20,0x20,0x20,0x20,
    0x20,0x20,0x20,0x20,0x20,0x20,0x20,0x62,0x20,0x3d,0x20,0x30,0x2e,0x30,0x3b,0x0a,
    0x20,0x20,0x20,0x20,0x20,0x20,0x20,0x20,0x20,0x20,0x20,0x20,0x62,0x72,0x65,0x61,
    0x6b,0x3b,0x0a,0x20,0x20,0x20,0x20,0x20,0x20,0x20,0x20,0x7d,0x0a,0x20,0x20,0x20,
    0x20,0x20,0x20,0x20,0x20,0x63,0x61,0x73,0x65,0x20,0x32,0x3a,0x0a,0x20,0x20,0x20,
    0x20,0x20,0x20,0x20,0x20,0x7b,0x0a,0x20,0x20,0x20,0x20,0x20,0x20,0x20,0x20,0x20,
    0x20,0x20,0x20,0x72,0x20,0x3d,0x20,0x30,0x2e,0x30,0x3b,0x0a,0x20,0x20,0x20,0x20,
    0x20,0x20,0x20,0x20,0x20,0x20,0x20,0x20,0x67,0x20,0x3d,0x20,0x5f,0x34,0x33,0x3b,
    0x0a,0x20,0x20,0x20,0x20,0x20,0x20,0x20,0x20,0x20,0x20,0x20,0x20,0x62,0x20,0x3d,
    0x20,0x5f,0x35,0x38,0x3b,0x0a,0x20,0x20,0x20,0x20,0x20,0x20,0x20,0x20,0x20,0x20,
    0x20,0x20,0x62,0x72,0x65,0x61,0x6b,0x3b,0x0a,0x20,0x20,0x20,0x20,0x20,0x20,0x20,
    0x20,0x7d,0x0a,0x20,0x20,0x20,0x20,0x20,0x20,0x20,0x20,0x63,0x61,0x73,0x65,0x20,
    0x33,0x3a,0x0a,0x20,0x20,0x20,0x20,0x20,0x20,0x20,0x20,0x7b,0x0a,0x20,0x20,0x20,
    0x20,0x20,0x20,0x20,0x20,0x20,0x20,0x20,0x20,0x72,0x20,0x3d,0x20,0x30,0x2e,0x30,
    0x3b,0x0a,0x20,0x20,0x20,0x20,0x20,0x20,0x20,0x20,0x20,0x20,0x20,0x20,0x67,0x20,
    0x3d,0x20,0x5f,0x35,0x38,0x3b,0x0a,0x20,0x20,0x20,0x20,0x20,0x20,0x20,0x20,0x20,
    0x20,0x20,0x20,0x62,0x20,0x3d,0x20,0x5f,0x34,0x33,0x3b,0x0a,0x20,0x20,0x20,0x20,
    0x20,0x20,0x20,0x20,0x20,0x20,0x20,0x20,0x62,0x72,0x65,0x61,0x6b,0x3b,0x0a,0x20,
    0x20,0x20,0x20,0x20,0x20,0x20,0x20,0x7d,0x0a,0x20,0x20,0x20,0x20,0x20,0x20,0x20,
    0x20,0x63,0x61,0x73,0x65,0x20,0x34,0x3a,0x0a,0x20,0x20,0x20,0x20,0x20,0x20,0x20,
    0x20,0x7b,0x0a,0x20,0x20,0x20,0x20,0x20,0x20,0x20,0x20,0x20,0x20,0x20,0x20,0x72,
    0x20,0x3d,0x20,0x5f,0x35,0x38,0x3b,0x0a,0x20,0x20,0x20,0x20,0x20,0x20,0x20,0x20,
    0x20,0x20,0x20,0x20,0x67,0x20,0x3d,0x20,0x30,0x2e,0x30,0x3b,0x0a,0x20,0x20,0x20,
    0x20,0x20,0x20,0x20,0x20,0x20,0x20,0x20,0x20,0x62,0x20,0x3d,0x20,0x5f,0x34,0x33,
    0x3b,0x0a,0x20,0x20,0x20,0x20,0x20,0x20,0x20,0x20,0x20,0x20,0x20,0x20,0x62,0x72,
    0x65,0x61,0x6b,0x3b,0x0a,0x20,0x20,0x20,0x20,0x20,0x20,0x20,0x20,0x7d,0x0a,0x20,
    0x20,0x20,0x20,0x20,0x20,0x20,0x20,0x63,0x61,0x73,0x65,0x20,0x35,0x3a,0x0a,0x20,
    0x20,0x20,0x20,0x20,0x20,0x20,0x20,0x7b,0x0a,0x20,0x20,0x20,0x20,0x20,0x20,0x20,
    0x20,0x20,0x20,0x20,0x20,0x72,0x20,0x3d,0x20,0x5f,0x34,0x33,0x3b,0x0a,0x20,0x20,
    0x20,0x20,0x20,0x20,0x20,0x20,0x20,0x20,0x20,0x20,0x67,0x20,0x3d,0x20,0x30,0x2e,
    0x30,0x3b,0x0a,0x20,0x20,0x20,0x20,0x20,0x20,0x20,0x20,0x20,0x20,0x20,0x20,0x62,
    0x20,0x3d,0x20,0x5f,0x35,0x38,0x3b,0x0a,0x20,0x20,0x20,0x20,0x20,0x20,0x20,0x20,
    0x20,0x20,0x20,0x20,0x62,0x72,0x65,0x61,0x6b,0x3b,0x0a,0x20,0x20,0x20,0x20,0x20,
    0x20,0x20,0x20,0x7d,0x0a,0x20,0x20,0x20,0x20,0x7d,0x0a,0x20,0x20,0x20,0x20,0x66,
    0x6c,0x6f,0x61,0x74,0x20,0x5f,0x39,0x37,0x20,0x3d,0x20,0x72,0x3b,0x0a,0x20,0x20,
    0x20,0x20,0x66,0x6c,0x6f,0x61,0x74,0x20,0x5f,0x39,0x38,0x20,0x3d,0x20,0x5f,0x39,
    0x37,0x20,0x2b,0x20,0x5f,0x36,0x32,0x3b,0x0a,0x20,0x20,0x20,0x20,0x72,0x20,0x3d,
    0x20,0x5f,0x39,0x38,0x3b,0x0a,0x20,0x20,0x20,0x20,0x66,0x6c,0x6f,0x61,0x74,0x20,
    0x5f,0x31,0x30,0x30,0x20,0x3d,0x20,0x67,0x3b,0x0a,0x20,0x20,0x20,0x20,0x66,0x6c,
    0x6f,0x61,0x74,0x20,0x5f,0x31,0x30,0x31,0x20,0x3d,0x20,0x5f,0x31,0x30,0x30,0x20,
    0x2b,0x20,0x5f,0x36,0x32,0x3b,0x0a,0x20,0x20,0x20,0x20,0x67,0x20,0x3d,0x20,0x5f,
    0x31,0x30,0x31,0x3b,0x0a,0x20,0x20,0x20,0x20,0x66,0x6c,0x6f,0x61,0x74,0x20,0x5f,
    0x31,0x30,0x33,0x20,0x3d,0x20,0x62,0x3b,0x0a,0x20,0x20,0x20,0x20,0x66,0x6c,0x6f,
    0x61,0x74,0x20,0x5f,0x31,0x30,0x34,0x20,0x3d,0x20,0x5f,0x31,0x30,0x33,0x20,0x2b,
    0x20,0x5f,0x36,0x32,0x3b,0x0a,0x20,0x20,0x20,0x20,0x62,0x20,0x3d,0x20,0x5f,0x31,
    0x30,0x34,0x3b,0x0a,0x20,0x20,0x20,0x20,0x72,0x65,0x74,0x75,0x72,0x6e,0x20,0x76,
    0x65,0x63,0x34,0x28,0x5f,0x39,0x38,0x2c,0x20,0x5f,0x31,0x30,0x31,0x2c,0x20,0x5f,
    0x31,0x30,0x34,0x2c,0x20,0x31,0x2e,0x30,0x29,0x3b,0x0a,0x7d,0x0a,0x0a,0x76,0x6f,
    0x69,0x64,0x20,0x6d,0x61,0x69,0x6e,0x28,0x29,0x0a,0x7b,0x0a,0x20,0x20,0x20,0x20,
    0x76,0x65,0x63,0x34,0x20,0x5f,0x32,0x35,0x36,0x20,0x3d,0x20,0x74,0x65,0x78,0x74,
    0x75,0x72,0x65,0x28,0x74,0x65,0x78,0x76,0x69,0x65,0x77,0x5f,0x74,0x65,0x78,0x5f,
    0x74,0x65,0x78,0x76,0x69,0x65,0x77,0x5f,0x73,0x6d,0x70,0x2c,0x20,0x66,0x73,0x5f,
    0x74,0x65,0x78,0x76,0x69,0x65,0x77,0x5f,0x70,0x61,0x72,0x61,0x6d,0x73,0x5b,0x32,
    0x5d,0x2e,0x78,0x79,0x20,0x2b,0x20,0x28,0x75,0x76,0x20,0x2a,0x20,0x28,0x66,0x73,
    0x5f,0x74,0x65,0x78,0x76,0x69,0x65,0x77,0x5f,0x70,0x61,0x72,0x61,0x6d,0x73,0x5b,
    0x32,0x5d,0x2e,0x7a,0x77,0x20,0x2d,0x20,0x66,0x73,0x5f,0x74,0x65,0x78,0x76,0x69,
    0x65,0x77,0x5f,0x70,0x61,0x72,0x61,0x6d,0x73,0x5b,0x32,0x5d,0x2e,0x78,0x79,0x29,
    0x29,0x29,0x3b,0x0a,0x20,0x20,0x20,0x20,0x66,0x6c,0x6f,0x61,0x74,0x20,0x70,0x61,
    0x72,0x61,0x6d,0x20,0x3d,0x20,0x5f,0x32,0x35,0x36,0x2e,0x78,0x3b,0x0a,0x20,0x20,
    0x20,0x20,0x66,0x6c,0x6f,0x61,0x74,0x20,0x70,0x61,0x72,0x61,0x6d,0x5f,0x31,0x20,
    0x3d,0x20,0x5f,0x32,0x35,0x36,0x2e,0x79,0x3b,0x0a,0x20,0x20,0x20,0x20,0x66,0x6c,
    0x6f,0x61,0x74,0x20,0x70,0x61,0x72,0x61,0x6d,0x5f,0x32,0x20,0x3d,0x20,0x5f,0x32,
    0x35,0x36,0x2e,0x7a,0x3b,0x0a,0x20,0x20,0x20,0x20,0x66,0x6c,0x6f,0x61,0x74,0x20,
    0x70,0x61,0x72,0x61,0x6d,0x5f,0x33,0x20,0x3d,0x20,0x66,0x73,0x5f,0x74,0x65,0x78,
    0x76,0x69,0x65,0x77,0x5f,0x70,0x61,0x72,0x61,0x6d,0x73,0x5b,0x30,0x5d,0x2e,0x78,
    0x3b,0x0a,0x20,0x20,0x20,0x20,0x48,0x53,0x56,0x20,0x5f,0x32,0x37,0x35,0x20,0x3d,
    0x20,0x72,0x67,0x62,0x32,0x68,0x73,0x76,0x28,0x70,0x61,0x72,0x61,0x6d,0x2c,0x20,
    0x70,0x61,0x72,0x61,0x6d,0x5f,0x31,0x2c,0x20,0x70,0x61,0x72,0x61,0x6d,0x5f,0x32,
    0x2c,0x20,0x70,0x61,0x72,0x61,0x6d,0x5f,0x33,0x29,0x3b,0x0a,0x20,0x20,0x20,0x20,
    0x69,0x6e,0x74,0x20,0x70,0x61,0x72,0x61,0x6d,0x5f,0x34,0x20,0x3d,0x20,0x69,0x6e,
    0x74,0x28,0x5f,0x32,0x37,0x35,0x2e,0x68,0x75,0x65,0x29,0x3b,0x0a,0x20,0x20,0x20,
    0x20,0x66,0x6c,0x6f,0x61,0x74,0x20,0x70,0x61,0x72,0x61,0x6d,0x5f,0x35,0x20,0x3d,
    0x20,0x5f,0x32,0x37,0x35,0x2e,0x73,0x61,0x74,0x75,0x72,0x61,0x74,0x69,0x6f,0x6e,
    0x3b,0x0a,0x20,0x20,0x20,0x20,0x66,0x6c,0x6f,0x61,0x74,0x20,0x70,0x61,0x72,0x61,
    0x6d,0x5f,0x36,0x20,0x3d,0x20,0x5f,0x32,0x37,0x35,0x2e,0x76,0x61,0x6c,0x75,0x65,
    0x3b,0x0a,0x20,0x20,0x20,0x20,0x66,0x72,0x61,0x67,0x5f,0x63,0x6f,0x6c,0x6f,0x72,
    0x20,0x3d,0x20,0x66,0x73,0x5f,0x74,0x65,0x78,0x76,0x69,0x65,0x77,0x5f,0x70,0x61,
    0x72,0x61,0x6d,0x73,0x5b,0x31,0x5d,0x20,0x2a,0x20,0x68,0x73,0x76,0x32,0x72,0x67,
    0x62,0x28,0x70,0x61,0x72,0x61,0x6d,0x5f,0x34,0x2c,0x20,0x70,0x61,0x72,0x61,0x6d,
    0x5f,0x35,0x2c,0x20,0x70,0x61,0x72,0x61,0x6d,0x5f,0x36,0x29,0x3b,0x0a,0x7d,0x0a,
    0x0a,0x00,
};
/*
    #version 430

    uniform vec4 vs_line_params[4];
    layout(location = 0) out vec4 col;
    layout(location = 1) in vec4 i_col;
    layout(location = 0) in vec3 i_pos;

    void main()
    {
        col = i_col;
        gl_Position = mat4(vs_line_params[0], vs_line_params[1], vs_line_params[2], vs_line_params[3]) * vec4(i_pos, 1.0);
    }

*/
static const uint8_t vs_line_source_glsl430[308] = {
    0x23,0x76,0x65,0x72,0x73,0x69,0x6f,0x6e,0x20,0x34,0x33,0x30,0x0a,0x0a,0x75,0x6e,
    0x69,0x66,0x6f,0x72,0x6d,0x20,0x76,0x65,0x63,0x34,0x20,0x76,0x73,0x5f,0x6c,0x69,
    0x6e,0x65,0x5f,0x70,0x61,0x72,0x61,0x6d,0x73,0x5b,0x34,0x5d,0x3b,0x0a,0x6c,0x61,
    0x79,0x6f,0x75,0x74,0x28,0x6c,0x6f,0x63,0x61,0x74,0x69,0x6f,0x6e,0x20,0x3d,0x20,
    0x30,0x29,0x20,0x6f,0x75,0x74,0x20,0x76,0x65,0x63,0x34,0x20,0x63,0x6f,0x6c,0x3b,
    0x0a,0x6c,0x61,0x79,0x6f,0x75,0x74,0x28,0x6c,0x6f,0x63,0x61,0x74,0x69,0x6f,0x6e,
    0x20,0x3d,0x20,0x31,0x29,0x20,0x69,0x6e,0x20,0x76,0x65,0x63,0x34,0x20,0x69,0x5f,
    0x63,0x6f,0x6c,0x3b,0x0a,0x6c,0x61,0x79,0x6f,0x75,0x74,0x28,0x6c,0x6f,0x63,0x61,
    0x74,0x69,0x6f,0x6e,0x20,0x3d,0x20,0x30,0x29,0x20,0x69,0x6e,0x20,0x76,0x65,0x63,
    0x33,0x20,0x69,0x5f,0x70,0x6f,0x73,0x3b,0x0a,0x0a,0x76,0x6f,0x69,0x64,0x20,0x6d,
    0x61,0x69,0x6e,0x28,0x29,0x0a,0x7b,0x0a,0x20,0x20,0x20,0x20,0x63,0x6f,0x6c,0x20,
    0x3d,0x20,0x69,0x5f,0x63,0x6f,0x6c,0x3b,0x0a,0x20,0x20,0x20,0x20,0x67,0x6c,0x5f,
    0x50,0x6f,0x73,0x69,0x74,0x69,0x6f,0x6e,0x20,0x3d,0x20,0x6d,0x61,0x74,0x34,0x28,
    0x76,0x73,0x5f,0x6c,0x69,0x6e,0x65,0x5f,0x70,0x61,0x72,0x61,0x6d,0x73,0x5b,0x30,
    0x5d,0x2c,0x20,0x76,0x73,0x5f,0x6c,0x69,0x6e,0x65,0x5f,0x70,0x61,0x72,0x61,0x6d,
    0x73,0x5b,0x31,0x5d,0x2c,0x20,0x76,0x73,0x5f,0x6c,0x69,0x6e,0x65,0x5f,0x70,0x61,
    0x72,0x61,0x6d,0x73,0x5b,0x32,0x5d,0x2c,0x20,0x76,0x73,0x5f,0x6c,0x69,0x6e,0x65,
    0x5f,0x70,0x61,0x72,0x61,0x6d,0x73,0x5b,0x33,0x5d,0x29,0x20,0x2a,0x20,0x76,0x65,
    0x63,0x34,0x28,0x69,0x5f,0x70,0x6f,0x73,0x2c,0x20,0x31,0x2e,0x30,0x29,0x3b,0x0a,
    0x7d,0x0a,0x0a,0x00,
};
/*
    #version 430

    uniform vec4 fs_line_params[1];
    layout(location = 0) out vec4 o_frag_col;
    layout(location = 0) in vec4 col;

    void main()
    {
        o_frag_col = fs_line_params[0] * col;
    }

*/
static const uint8_t fs_line_source_glsl430[183] = {
    0x23,0x76,0x65,0x72,0x73,0x69,0x6f,0x6e,0x20,0x34,0x33,0x30,0x0a,0x0a,0x75,0x6e,
    0x69,0x66,0x6f,0x72,0x6d,0x20,0x76,0x65,0x63,0x34,0x20,0x66,0x73,0x5f,0x6c,0x69,
    0x6e,0x65,0x5f,0x70,0x61,0x72,0x61,0x6d,0x73,0x5b,0x31,0x5d,0x3b,0x0a,0x6c,0x61,
    0x79,0x6f,0x75,0x74,0x28,0x6c,0x6f,0x63,0x61,0x74,0x69,0x6f,0x6e,0x20,0x3d,0x20,
    0x30,0x29,0x20,0x6f,0x75,0x74,0x20,0x76,0x65,0x63,0x34,0x20,0x6f,0x5f,0x66,0x72,
    0x61,0x67,0x5f,0x63,0x6f,0x6c,0x3b,0x0a,0x6c,0x61,0x79,0x6f,0x75,0x74,0x28,0x6c,
    0x6f,0x63,0x61,0x74,0x69,0x6f,0x6e,0x20,0x3d,0x20,0x30,0x29,0x20,0x69,0x6e,0x20,
    0x76,0x65,0x63,0x34,0x20,0x63,0x6f,0x6c,0x3b,0x0a,0x0a,0x76,0x6f,0x69,0x64,0x20,
    0x6d,0x61,0x69,0x6e,0x28,0x29,0x0a,0x7b,0x0a,0x20,0x20,0x20,0x20,0x6f,0x5f,0x66,
    0x72,0x61,0x67,0x5f,0x63,0x6f,0x6c,0x20,0x3d,0x20,0x66,0x73,0x5f,0x6c,0x69,0x6e,
    0x65,0x5f,0x70,0x61,0x72,0x61,0x6d,0x73,0x5b,0x30,0x5d,0x20,0x2a,0x20,0x63,0x6f,
    0x6c,0x3b,0x0a,0x7d,0x0a,0x0a,0x00,
};
/*
    #version 430

    uniform vec4 vs_fontview_params[1];
    layout(location = 0) out vec2 uv;
    layout(location = 1) in vec2 i_uv;
    layout(location = 0) in vec2 i_pos;

    void main()
    {
        uv = vs_fontview_params[0].xy + (i_uv * (vs_fontview_params[0].zw - vs_fontview_params[0].xy));
        gl_Position = vec4(i_pos, 0.5, 1.0);
    }

*/
static const uint8_t vs_fontview_source_glsl430[315] = {
    0x23,0x76,0x65,0x72,0x73,0x69,0x6f,0x6e,0x20,0x34,0x33,0x30,0x0a,0x0a,0x75,0x6e,
    0x69,0x66,0x6f,0x72,0x6d,0x20,0x76,0x65,0x63,0x34,0x20,0x76,0x73,0x5f,0x66,0x6f,
    0x6e,0x74,0x76,0x69,0x65,0x77,0x5f,0x70,0x61,0x72,0x61,0x6d,0x73,0x5b,0x31,0x5d,
    0x3b,0x0a,0x6c,0x61,0x79,0x6f,0x75,0x74,0x28,0x6c,0x6f,0x63,0x61,0x74,0x69,0x6f,
    0x6e,0x20,0x3d,0x20,0x30,0x29,0x20,0x6f,0x75,0x74,0x20,0x76,0x65,0x63,0x32,0x20,
    0x75,0x76,0x3b,0x0a,0x6c,0x61,0x79,0x6f,0x75,0x74,0x28,0x6c,0x6f,0x63,0x61,0x74,
    0x69,0x6f,0x6e,0x20,0x3d,0x20,0x31,0x29,0x20,0x69,0x6e,0x20,0x76,0x65,0x63,0x32,
    0x20,0x69,0x5f,0x75,0x76,0x3b,0x0a,0x6c,0x61,0x79,0x6f,0x75,0x74,0x28,0x6c,0x6f,
    0x63,0x61,0x74,0x69,0x6f,0x6e,0x20,0x3d,0x20,0x30,0x29,0x20,0x69,0x6e,0x20,0x76,
    0x65,0x63,0x32,0x20,0x69,0x5f,0x70,0x6f,0x73,0x3b,0x0a,0x0a,0x76,0x6f,0x69,0x64,
    0x20,0x6d,0x61,0x69,0x6e,0x28,0x29,0x0a,0x7b,0x0a,0x20,0x20,0x20,0x20,0x75,0x76,
    0x20,0x3d,0x20,0x76,0x73,0x5f,0x66,0x6f,0x6e,0x74,0x76,0x69,0x65,0x77,0x5f,0x70,
    0x61,0x72,0x61,0x6d,0x73,0x5b,0x30,0x5d,0x2e,0x78,0x79,0x20,0x2b,0x20,0x28,0x69,
    0x5f,0x75,0x76,0x20,0x2a,0x20,0x28,0x76,0x73,0x5f,0x66,0x6f,0x6e,0x74,0x76,0x69,
    0x65,0x77,0x5f,0x70,0x61,0x72,0x61,0x6d,0x73,0x5b,0x30,0x5d,0x2e,0x7a,0x77,0x20,
    0x2d,0x20,0x76,0x73,0x5f,0x66,0x6f,0x6e,0x74,0x76,0x69,0x65,0x77,0x5f,0x70,0x61,
    0x72,0x61,0x6d,0x73,0x5b,0x30,0x5d,0x2e,0x78,0x79,0x29,0x29,0x3b,0x0a,0x20,0x20,
    0x20,0x20,0x67,0x6c,0x5f,0x50,0x6f,0x73,0x69,0x74,0x69,0x6f,0x6e,0x20,0x3d,0x20,
    0x76,0x65,0x63,0x34,0x28,0x69,0x5f,0x70,0x6f,0x73,0x2c,0x20,0x30,0x2e,0x35,0x2c,
    0x20,0x31,0x2e,0x30,0x29,0x3b,0x0a,0x7d,0x0a,0x0a,0x00,
};
/*
    #version 430

    uniform vec4 fs_fontview_params[1];
    layout(binding = 0) uniform sampler2D u_fontview_tex_u_fontview_smp;

    layout(location = 0) out vec4 o_frag_col;
    layout(location = 0) in vec2 uv;

    void main()
    {
        o_frag_col = fs_fontview_params[0] * texture(u_fontview_tex_u_fontview_smp, uv);
    }

*/
static const uint8_t fs_fontview_source_glsl430[299] = {
    0x23,0x76,0x65,0x72,0x73,0x69,0x6f,0x6e,0x20,0x34,0x33,0x30,0x0a,0x0a,0x75,0x6e,
    0x69,0x66,0x6f,0x72,0x6d,0x20,0x76,0x65,0x63,0x34,0x20,0x66,0x73,0x5f,0x66,0x6f,
    0x6e,0x74,0x76,0x69,0x65,0x77,0x5f,0x70,0x61,0x72,0x61,0x6d,0x73,0x5b,0x31,0x5d,
    0x3b,0x0a,0x6c,0x61,0x79,0x6f,0x75,0x74,0x28,0x62,0x69,0x6e,0x64,0x69,0x6e,0x67,
    0x20,0x3d,0x20,0x30,0x29,0x20,0x75,0x6e,0x69,0x66,0x6f,0x72,0x6d,0x20,0x73,0x61,
    0x6d,0x70,0x6c,0x65,0x72,0x32,0x44,0x20,0x75,0x5f,0x66,0x6f,0x6e,0x74,0x76,0x69,
    0x65,0x77,0x5f,0x74,0x65,0x78,0x5f,0x75,0x5f,0x66,0x6f,0x6e,0x74,0x76,0x69,0x65,
    0x77,0x5f,0x73,0x6d,0x70,0x3b,0x0a,0x0a,0x6c,0x61,0x79,0x6f,0x75,0x74,0x28,0x6c,
    0x6f,0x63,0x61,0x74,0x69,0x6f,0x6e,0x20,0x3d,0x20,0x30,0x29,0x20,0x6f,0x75,0x74,
    0x20,0x76,0x65,0x63,0x34,0x20,0x6f,0x5f,0x66,0x72,0x61,0x67,0x5f,0x63,0x6f,0x6c,
    0x3b,0x0a,0x6c,0x61,0x79,0x6f,0x75,0x74,0x28,0x6c,0x6f,0x63,0x61,0x74,0x69,0x6f,
    0x6e,0x20,0x3d,0x20,0x30,0x29,0x20,0x69,0x6e,0x20,0x76,0x65,0x63,0x32,0x20,0x75,
    0x76,0x3b,0x0a,0x0a,0x76,0x6f,0x69,0x64,0x20,0x6d,0x61,0x69,0x6e,0x28,0x29,0x0a,
    0x7b,0x0a,0x20,0x20,0x20,0x20,0x6f,0x5f,0x66,0x72,0x61,0x67,0x5f,0x63,0x6f,0x6c,
    0x20,0x3d,0x20,0x66,0x73,0x5f,0x66,0x6f,0x6e,0x74,0x76,0x69,0x65,0x77,0x5f,0x70,
    0x61,0x72,0x61,0x6d,0x73,0x5b,0x30,0x5d,0x20,0x2a,0x20,0x74,0x65,0x78,0x74,0x75,
    0x72,0x65,0x28,0x75,0x5f,0x66,0x6f,0x6e,0x74,0x76,0x69,0x65,0x77,0x5f,0x74,0x65,
    0x78,0x5f,0x75,0x5f,0x66,0x6f,0x6e,0x74,0x76,0x69,0x65,0x77,0x5f,0x73,0x6d,0x70,
    0x2c,0x20,0x75,0x76,0x29,0x3b,0x0a,0x7d,0x0a,0x0a,0x00,
};
/*
    #version 430

    uniform vec4 p_vs_skybox[4];
    layout(location = 0) out vec2 uv;
    layout(location = 1) in vec2 i_uv;
    layout(location = 0) in vec3 i_pos;

    void main()
    {
        uv = i_uv;
        gl_Position = (mat4(p_vs_skybox[0], p_vs_skybox[1], p_vs_skybox[2], p_vs_skybox[3]) * vec4(i_pos, 1.0)).xyww;
    }

*/
static const uint8_t vs_skybox_source_glsl430[296] = {
    0x23,0x76,0x65,0x72,0x73,0x69,0x6f,0x6e,0x20,0x34,0x33,0x30,0x0a,0x0a,0x75,0x6e,
    0x69,0x66,0x6f,0x72,0x6d,0x20,0x76,0x65,0x63,0x34,0x20,0x70,0x5f,0x76,0x73,0x5f,
    0x73,0x6b,0x79,0x62,0x6f,0x78,0x5b,0x34,0x5d,0x3b,0x0a,0x6c,0x61,0x79,0x6f,0x75,
    0x74,0x28,0x6c,0x6f,0x63,0x61,0x74,0x69,0x6f,0x6e,0x20,0x3d,0x20,0x30,0x29,0x20,
    0x6f,0x75,0x74,0x20,0x76,0x65,0x63,0x32,0x20,0x75,0x76,0x3b,0x0a,0x6c,0x61,0x79,
    0x6f,0x75,0x74,0x28,0x6c,0x6f,0x63,0x61,0x74,0x69,0x6f,0x6e,0x20,0x3d,0x20,0x31,
    0x29,0x20,0x69,0x6e,0x20,0x76,0x65,0x63,0x32,0x20,0x69,0x5f,0x75,0x76,0x3b,0x0a,
    0x6c,0x61,0x79,0x6f,0x75,0x74,0x28,0x6c,0x6f,0x63,0x61,0x74,0x69,0x6f,0x6e,0x20,
    0x3d,0x20,0x30,0x29,0x20,0x69,0x6e,0x20,0x76,0x65,0x63,0x33,0x20,0x69,0x5f,0x70,
    0x6f,0x73,0x3b,0x0a,0x0a,0x76,0x6f,0x69,0x64,0x20,0x6d,0x61,0x69,0x6e,0x28,0x29,
    0x0a,0x7b,0x0a,0x20,0x20,0x20,0x20,0x75,0x76,0x20,0x3d,0x20,0x69,0x5f,0x75,0x76,
    0x3b,0x0a,0x20,0x20,0x20,0x20,0x67,0x6c,0x5f,0x50,0x6f,0x73,0x69,0x74,0x69,0x6f,
    0x6e,0x20,0x3d,0x20,0x28,0x6d,0x61,0x74,0x34,0x28,0x70,0x5f,0x76,0x73,0x5f,0x73,
    0x6b,0x79,0x62,0x6f,0x78,0x5b,0x30,0x5d,0x2c,0x20,0x70,0x5f,0x76,0x73,0x5f,0x73,
    0x6b,0x79,0x62,0x6f,0x78,0x5b,0x31,0x5d,0x2c,0x20,0x70,0x5f,0x76,0x73,0x5f,0x73,
    0x6b,0x79,0x62,0x6f,0x78,0x5b,0x32,0x5d,0x2c,0x20,0x70,0x5f,0x76,0x73,0x5f,0x73,
    0x6b,0x79,0x62,0x6f,0x78,0x5b,0x33,0x5d,0x29,0x20,0x2a,0x20,0x76,0x65,0x63,0x34,
    0x28,0x69,0x5f,0x70,0x6f,0x73,0x2c,0x20,0x31,0x2e,0x30,0x29,0x29,0x2e,0x78,0x79,
    0x77,0x77,0x3b,0x0a,0x7d,0x0a,0x0a,0x00,
};
/*
    #version 430

    layout(binding = 0) uniform sampler2D b_skybox_tex_b_skybox_smp;

    layout(location = 0) out vec4 o_frag_col;
    layout(location = 0) in vec2 uv;

    void main()
    {
        o_frag_col = texture(b_skybox_tex_b_skybox_smp, uv);
    }

*/
static const uint8_t fs_skybox_source_glsl430[231] = {
    0x23,0x76,0x65,0x72,0x73,0x69,0x6f,0x6e,0x20,0x34,0x33,0x30,0x0a,0x0a,0x6c,0x61,
    0x79,0x6f,0x75,0x74,0x28,0x62,0x69,0x6e,0x64,0x69,0x6e,0x67,0x20,0x3d,0x20,0x30,
    0x29,0x20,0x75,0x6e,0x69,0x66,0x6f,0x72,0x6d,0x20,0x73,0x61,0x6d,0x70,0x6c,0x65,
    0x72,0x32,0x44,0x20,0x62,0x5f,0x73,0x6b,0x79,0x62,0x6f,0x78,0x5f,0x74,0x65,0x78,
    0x5f,0x62,0x5f,0x73,0x6b,0x79,0x62,0x6f,0x78,0x5f,0x73,0x6d,0x70,0x3b,0x0a,0x0a,
    0x6c,0x61,0x79,0x6f,0x75,0x74,0x28,0x6c,0x6f,0x63,0x61,0x74,0x69,0x6f,0x6e,0x20,
    0x3d,0x20,0x30,0x29,0x20,0x6f,0x75,0x74,0x20,0x76,0x65,0x63,0x34,0x20,0x6f,0x5f,
    0x66,0x72,0x61,0x67,0x5f,0x63,0x6f,0x6c,0x3b,0x0a,0x6c,0x61,0x79,0x6f,0x75,0x74,
    0x28,0x6c,0x6f,0x63,0x61,0x74,0x69,0x6f,0x6e,0x20,0x3d,0x20,0x30,0x29,0x20,0x69,
    0x6e,0x20,0x76,0x65,0x63,0x32,0x20,0x75,0x76,0x3b,0x0a,0x0a,0x76,0x6f,0x69,0x64,
    0x20,0x6d,0x61,0x69,0x6e,0x28,0x29,0x0a,0x7b,0x0a,0x20,0x20,0x20,0x20,0x6f,0x5f,
    0x66,0x72,0x61,0x67,0x5f,0x63,0x6f,0x6c,0x20,0x3d,0x20,0x74,0x65,0x78,0x74,0x75,
    0x72,0x65,0x28,0x62,0x5f,0x73,0x6b,0x79,0x62,0x6f,0x78,0x5f,0x74,0x65,0x78,0x5f,
    0x62,0x5f,0x73,0x6b,0x79,0x62,0x6f,0x78,0x5f,0x73,0x6d,0x70,0x2c,0x20,0x75,0x76,
    0x29,0x3b,0x0a,0x7d,0x0a,0x0a,0x00,
};
/*
    #version 430

    uniform vec4 p_vs_shadow_map[8];
    layout(location = 0) out vec3 pos;
    layout(location = 0) in vec3 i_pos;
    layout(location = 1) in vec3 i_norm;
    layout(location = 2) in vec2 i_uv;

    void main()
    {
        vec4 _27 = vec4(i_pos, 1.0);
        pos = (mat4(p_vs_shadow_map[0], p_vs_shadow_map[1], p_vs_shadow_map[2], p_vs_shadow_map[3]) * _27).xyz;
        gl_Position = mat4(p_vs_shadow_map[4], p_vs_shadow_map[5], p_vs_shadow_map[6], p_vs_shadow_map[7]) * _27;
    }

*/
static const uint8_t vs_shadow_map_source_glsl430[460] = {
    0x23,0x76,0x65,0x72,0x73,0x69,0x6f,0x6e,0x20,0x34,0x33,0x30,0x0a,0x0a,0x75,0x6e,
    0x69,0x66,0x6f,0x72,0x6d,0x20,0x76,0x65,0x63,0x34,0x20,0x70,0x5f,0x76,0x73,0x5f,
    0x73,0x68,0x61,0x64,0x6f,0x77,0x5f,0x6d,0x61,0x70,0x5b,0x38,0x5d,0x3b,0x0a,0x6c,
    0x61,0x79,0x6f,0x75,0x74,0x28,0x6c,0x6f,0x63,0x61,0x74,0x69,0x6f,0x6e,0x20,0x3d,
    0x20,0x30,0x29,0x20,0x6f,0x75,0x74,0x20,0x76,0x65,0x63,0x33,0x20,0x70,0x6f,0x73,
    0x3b,0x0a,0x6c,0x61,0x79,0x6f,0x75,0x74,0x28,0x6c,0x6f,0x63,0x61,0x74,0x69,0x6f,
    0x6e,0x20,0x3d,0x20,0x30,0x29,0x20,0x69,0x6e,0x20,0x76,0x65,0x63,0x33,0x20,0x69,
    0x5f,0x70,0x6f,0x73,0x3b,0x0a,0x6c,0x61,0x79,0x6f,0x75,0x74,0x28,0x6c,0x6f,0x63,
    0x61,0x74,0x69,0x6f,0x6e,0x20,0x3d,0x20,0x31,0x29,0x20,0x69,0x6e,0x20,0x76,0x65,
    0x63,0x33,0x20,0x69,0x5f,0x6e,0x6f,0x72,0x6d,0x3b,0x0a,0x6c,0x61,0x79,0x6f,0x75,
    0x74,0x28,0x6c,0x6f,0x63,0x61,0x74,0x69,0x6f,0x6e,0x20,0x3d,0x20,0x32,0x29,0x20,
    0x69,0x6e,0x20,0x76,0x65,0x63,0x32,0x20,0x69,0x5f,0x75,0x76,0x3b,0x0a,0x0a,0x76,
    0x6f,0x69,0x64,0x20,0x6d,0x61,0x69,0x6e,0x28,0x29,0x0a,0x7b,0x0a,0x20,0x20,0x20,
    0x20,0x76,0x65,0x63,0x34,0x20,0x5f,0x32,0x37,0x20,0x3d,0x20,0x76,0x65,0x63,0x34,
    0x28,0x69,0x5f,0x70,0x6f,0x73,0x2c,0x20,0x31,0x2e,0x30,0x29,0x3b,0x0a,0x20,0x20,
    0x20,0x20,0x70,0x6f,0x73,0x20,0x3d,0x20,0x28,0x6d,0x61,0x74,0x34,0x28,0x70,0x5f,
    0x76,0x73,0x5f,0x73,0x68,0x61,0x64,0x6f,0x77,0x5f,0x6d,0x61,0x70,0x5b,0x30,0x5d,
    0x2c,0x20,0x70,0x5f,0x76,0x73,0x5f,0x73,0x68,0x61,0x64,0x6f,0x77,0x5f,0x6d,0x61,
    0x70,0x5b,0x31,0x5d,0x2c,0x20,0x70,0x5f,0x76,0x73,0x5f,0x73,0x68,0x61,0x64,0x6f,
    0x77,0x5f,0x6d,0x61,0x70,0x5b,0x32,0x5d,0x2c,0x20,0x70,0x5f,0x76,0x73,0x5f,0x73,
    0x68,0x61,0x64,0x6f,0x77,0x5f,0x6d,0x61,0x70,0x5b,0x33,0x5d,0x29,0x20,0x2a,0x20,
    0x5f,0x32,0x37,0x29,0x2e,0x78,0x79,0x7a,0x3b,0x0a,0x20,0x20,0x20,0x20,0x67,0x6c,
    0x5f,0x50,0x6f,0x73,0x69,0x74,0x69,0x6f,0x6e,0x20,0x3d,0x20,0x6d,0x61,0x74,0x34,
    0x28,0x70,0x5f,0x76,0x73,0x5f,0x73,0x68,0x61,0x64,0x6f,0x77,0x5f,0x6d,0x61,0x70,
    0x5b,0x34,0x5d,0x2c,0x20,0x70,0x5f,0x76,0x73,0x5f,0x73,0x68,0x61,0x64,0x6f,0x77,
    0x5f,0x6d,0x61,0x70,0x5b,0x35,0x5d,0x2c,0x20,0x70,0x5f,0x76,0x73,0x5f,0x73,0x68,
    0x61,0x64,0x6f,0x77,0x5f,0x6d,0x61,0x70,0x5b,0x36,0x5d,0x2c,0x20,0x70,0x5f,0x76,
    0x73,0x5f,0x73,0x68,0x61,0x64,0x6f,0x77,0x5f,0x6d,0x61,0x70,0x5b,0x37,0x5d,0x29,
    0x20,0x2a,0x20,0x5f,0x32,0x37,0x3b,0x0a,0x7d,0x0a,0x0a,0x00,
};
/*
    #version 430

    uniform vec4 p_fs_shadow_map[2];
    layout(location = 0) in vec3 pos;
    layout(location = 0) out vec4 o_frag_col;

    vec4 encodeFloat(float f)
    {
        vec4 _22 = fract(vec4(1.0, 255.0, 65025.0, 16581375.0) * f);
        return _22 - (_22.yzwx * vec4(0.0039215688593685626983642578125, 0.0039215688593685626983642578125, 0.0039215688593685626983642578125, 0.0));
    }

    void main()
    {
        float param = (length(p_fs_shadow_map[0].xyz - pos) - p_fs_shadow_map[0].w) / (p_fs_shadow_map[1].x - p_fs_shadow_map[0].w);
        o_frag_col = encodeFloat(param);
    }

*/
static const uint8_t fs_shadow_map_source_glsl430[550] = {
    0x23,0x76,0x65,0x72,0x73,0x69,0x6f,0x6e,0x20,0x34,0x33,0x30,0x0a,0x0a,0x75,0x6e,
    0x69,0x66,0x6f,0x72,0x6d,0x20,0x76,0x65,0x63,0x34,0x20,0x70,0x5f,0x66,0x73,0x5f,
    0x73,0x68,0x61,0x64,0x6f,0x77,0x5f,0x6d,0x61,0x70,0x5b,0x32,0x5d,0x3b,0x0a,0x6c,
    0x61,0x79,0x6f,0x75,0x74,0x28,0x6c,0x6f,0x63,0x61,0x74,0x69,0x6f,0x6e,0x20,0x3d,
    0x20,0x30,0x29,0x20,0x69,0x6e,0x20,0x76,0x65,0x63,0x33,0x20,0x70,0x6f,0x73,0x3b,
    0x0a,0x6c,0x61,0x79,0x6f,0x75,0x74,0x28,0x6c,0x6f,0x63,0x61,0x74,0x69,0x6f,0x6e,
    0x20,0x3d,0x20,0x30,0x29,0x20,0x6f,0x75,0x74,0x20,0x76,0x65,0x63,0x34,0x20,0x6f,
    0x5f,0x66,0x72,0x61,0x67,0x5f,0x63,0x6f,0x6c,0x3b,0x0a,0x0a,0x76,0x65,0x63,0x34,
    0x20,0x65,0x6e,0x63,0x6f,0x64,0x65,0x46,0x6c,0x6f,0x61,0x74,0x28,0x66,0x6c,0x6f,
    0x61,0x74,0x20,0x66,0x29,0x0a,0x7b,0x0a,0x20,0x20,0x20,0x20,0x76,0x65,0x63,0x34,
    0x20,0x5f,0x32,0x32,0x20,0x3d,0x20,0x66,0x72,0x61,0x63,0x74,0x28,0x76,0x65,0x63,
    0x34,0x28,0x31,0x2e,0x30,0x2c,0x20,0x32,0x35,0x35,0x2e,0x30,0x2c,0x20,0x36,0x35,
    0x30,0x32,0x35,0x2e,0x30,0x2c,0x20,0x31,0x36,0x35,0x38,0x31,0x33,0x37,0x35,0x2e,
    0x30,0x29,0x20,0x2a,0x20,0x66,0x29,0x3b,0x0a,0x20,0x20,0x20,0x20,0x72,0x65,0x74,
    0x75,0x72,0x6e,0x20,0x5f,0x32,0x32,0x20,0x2d,0x20,0x28,0x5f,0x32,0x32,0x2e,0x79,
    0x7a,0x77,0x78,0x20,0x2a,0x20,0x76,0x65,0x63,0x34,0x28,0x30,0x2e,0x30,0x30,0x33,
    0x39,0x32,0x31,0x35,0x36,0x38,0x38,0x35,0x39,0x33,0x36,0x38,0x35,0x36,0x32,0x36,
    0x39,0x38,0x33,0x36,0x34,0x32,0x35,0x37,0x38,0x31,0x32,0x35,0x2c,0x20,0x30,0x2e,
    0x30,0x30,0x33,0x39,0x32,0x31,0x35,0x36,0x38,0x38,0x35,0x39,0x33,0x36,0x38,0x35,
    0x36,0x32,0x36,0x39,0x38,0x33,0x36,0x34,0x32,0x35,0x37,0x38,0x31,0x32,0x35,0x2c,
    0x20,0x30,0x2e,0x30,0x30,0x33,0x39,0x32,0x31,0x35,0x36,0x38,0x38,0x35,0x39,0x33,
    0x36,0x38,0x35,0x36,0x32,0x36,0x39,0x38,0x33,0x36,0x34,0x32,0x35,0x37,0x38,0x31,
    0x32,0x35,0x2c,0x20,0x30,0x2e,0x30,0x29,0x29,0x3b,0x0a,0x7d,0x0a,0x0a,0x76,0x6f,
    0x69,0x64,0x20,0x6d,0x61,0x69,0x6e,0x28,0x29,0x0a,0x7b,0x0a,0x20,0x20,0x20,0x20,
    0x66,0x6c,0x6f,0x61,0x74,0x20,0x70,0x61,0x72,0x61,0x6d,0x20,0x3d,0x20,0x28,0x6c,
    0x65,0x6e,0x67,0x74,0x68,0x28,0x70,0x5f,0x66,0x73,0x5f,0x73,0x68,0x61,0x64,0x6f,
    0x77,0x5f,0x6d,0x61,0x70,0x5b,0x30,0x5d,0x2e,0x78,0x79,0x7a,0x20,0x2d,0x20,0x70,
    0x6f,0x73,0x29,0x20,0x2d,0x20,0x70,0x5f,0x66,0x73,0x5f,0x73,0x68,0x61,0x64,0x6f,
    0x77,0x5f,0x6d,0x61,0x70,0x5b,0x30,0x5d,0x2e,0x77,0x29,0x20,0x2f,0x20,0x28,0x70,
    0x5f,0x66,0x73,0x5f,0x73,0x68,0x61,0x64,0x6f,0x77,0x5f,0x6d,0x61,0x70,0x5b,0x31,
    0x5d,0x2e,0x78,0x20,0x2d,0x20,0x70,0x5f,0x66,0x73,0x5f,0x73,0x68,0x61,0x64,0x6f,
    0x77,0x5f,0x6d,0x61,0x70,0x5b,0x30,0x5d,0x2e,0x77,0x29,0x3b,0x0a,0x20,0x20,0x20,
    0x20,0x6f,0x5f,0x66,0x72,0x61,0x67,0x5f,0x63,0x6f,0x6c,0x20,0x3d,0x20,0x65,0x6e,
    0x63,0x6f,0x64,0x65,0x46,0x6c,0x6f,0x61,0x74,0x28,0x70,0x61,0x72,0x61,0x6d,0x29,
    0x3b,0x0a,0x7d,0x0a,0x0a,0x00,
};
/*
    cbuffer p_vs_mesh : register(b0)
    {
        row_major float4x4 _19_u_mvp : packoffset(c0);
    };


    static float4 gl_Position;
    static float3 i_pos;
    static float3 i_norm;
    static float2 i_uv;

    struct SPIRV_Cross_Input
    {
        float3 i_pos : TEXCOORD0;
        float3 i_norm : TEXCOORD1;
        float2 i_uv : TEXCOORD2;
    };

    struct SPIRV_Cross_Output
    {
        float4 gl_Position : SV_Position;
    };

    void vert_main()
    {
        gl_Position = mul(float4(i_pos, 1.0f), _19_u_mvp);
    }

    SPIRV_Cross_Output main(SPIRV_Cross_Input stage_input)
    {
        i_pos = stage_input.i_pos;
        i_norm = stage_input.i_norm;
        i_uv = stage_input.i_uv;
        vert_main();
        SPIRV_Cross_Output stage_output;
        stage_output.gl_Position = gl_Position;
        return stage_output;
    }
*/
static const uint8_t vs_mesh_source_hlsl5[726] = {
    0x63,0x62,0x75,0x66,0x66,0x65,0x72,0x20,0x70,0x5f,0x76,0x73,0x5f,0x6d,0x65,0x73,
    0x68,0x20,0x3a,0x20,0x72,0x65,0x67,0x69,0x73,0x74,0x65,0x72,0x28,0x62,0x30,0x29,
    0x0a,0x7b,0x0a,0x20,0x20,0x20,0x20,0x72,0x6f,0x77,0x5f,0x6d,0x61,0x6a,0x6f,0x72,
    0x20,0x66,0x6c,0x6f,0x61,0x74,0x34,0x78,0x34,0x20,0x5f,0x31,0x39,0x5f,0x75,0x5f,
    0x6d,0x76,0x70,0x20,0x3a,0x20,0x70,0x61,0x63,0x6b,0x6f,0x66,0x66,0x73,0x65,0x74,
    0x28,0x63,0x30,0x29,0x3b,0x0a,0x7d,0x3b,0x0a,0x0a,0x0a,0x73,0x74,0x61,0x74,0x69,
    0x63,0x20,0x66,0x6c,0x6f,0x61,0x74,0x34,0x20,0x67,0x6c,0x5f,0x50,0x6f,0x73,0x69,
    0x74,0x69,0x6f,0x6e,0x3b,0x0a,0x73,0x74,0x61,0x74,0x69,0x63,0x20,0x66,0x6c,0x6f,
    0x61,0x74,0x33,0x20,0x69,0x5f,0x70,0x6f,0x73,0x3b,0x0a,0x73,0x74,0x61,0x74,0x69,
    0x63,0x20,0x66,0x6c,0x6f,0x61,0x74,0x33,0x20,0x69,0x5f,0x6e,0x6f,0x72,0x6d,0x3b,
    0x0a,0x73,0x74,0x61,0x74,0x69,0x63,0x20,0x66,0x6c,0x6f,0x61,0x74,0x32,0x20,0x69,
    0x5f,0x75,0x76,0x3b,0x0a,0x0a,0x73,0x74,0x72,0x75,0x63,0x74,0x20,0x53,0x50,0x49,
    0x52,0x56,0x5f,0x43,0x72,0x6f,0x73,0x73,0x5f,0x49,0x6e,0x70,0x75,0x74,0x0a,0x7b,
    0x0a,0x20,0x20,0x20,0x20,0x66,0x6c,0x6f,0x61,0x74,0x33,0x20,0x69,0x5f,0x70,0x6f,
    0x73,0x20,0x3a,0x20,0x54,0x45,0x58,0x43,0x4f,0x4f,0x52,0x44,0x30,0x3b,0x0a,0x20,
    0x20,0x20,0x20,0x66,0x6c,0x6f,0x61,0x74,0x33,0x20,0x69,0x5f,0x6e,0x6f,0x72,0x6d,
    0x20,0x3a,0x20,0x54,0x45,0x58,0x43,0x4f,0x4f,0x52,0x44,0x31,0x3b,0x0a,0x20,0x20,
    0x20,0x20,0x66,0x6c,0x6f,0x61,0x74,0x32,0x20,0x69,0x5f,0x75,0x76,0x20,0x3a,0x20,
    0x54,0x45,0x58,0x43,0x4f,0x4f,0x52,0x44,0x32,0x3b,0x0a,0x7d,0x3b,0x0a,0x0a,0x73,
    0x74,0x72,0x75,0x63,0x74,0x20,0x53,0x50,0x49,0x52,0x56,0x5f,0x43,0x72,0x6f,0x73,
    0x73,0x5f,0x4f,0x75,0x74,0x70,0x75,0x74,0x0a,0x7b,0x0a,0x20,0x20,0x20,0x20,0x66,
    0x6c,0x6f,0x61,0x74,0x34,0x20,0x67,0x6c,0x5f,0x50,0x6f,0x73,0x69,0x74,0x69,0x6f,
    0x6e,0x20,0x3a,0x20,0x53,0x56,0x5f,0x50,0x6f,0x73,0x69,0x74,0x69,0x6f,0x6e,0x3b,
    0x0a,0x7d,0x3b,0x0a,0x0a,0x76,0x6f,0x69,0x64,0x20,0x76,0x65,0x72,0x74,0x5f,0x6d,
    0x61,0x69,0x6e,0x28,0x29,0x0a,0x7b,0x0a,0x20,0x20,0x20,0x20,0x67,0x6c,0x5f,0x50,
    0x6f,0x73,0x69,0x74,0x69,0x6f,0x6e,0x20,0x3d,0x20,0x6d,0x75,0x6c,0x28,0x66,0x6c,
    0x6f,0x61,0x74,0x34,0x28,0x69,0x5f,0x70,0x6f,0x73,0x2c,0x20,0x31,0x2e,0x30,0x66,
    0x29,0x2c,0x20,0x5f,0x31,0x39,0x5f,0x75,0x5f,0x6d,0x76,0x70,0x29,0x3b,0x0a,0x7d,
    0x0a,0x0a,0x53,0x50,0x49,0x52,0x56,0x5f,0x43,0x72,0x6f,0x73,0x73,0x5f,0x4f,0x75,
    0x74,0x70,0x75,0x74,0x20,0x6d,0x61,0x69,0x6e,0x28,0x53,0x50,0x49,0x52,0x56,0x5f,
    0x43,0x72,0x6f,0x73,0x73,0x5f,0x49,0x6e,0x70,0x75,0x74,0x20,0x73,0x74,0x61,0x67,
    0x65,0x5f,0x69,0x6e,0x70,0x75,0x74,0x29,0x0a,0x7b,0x0a,0x20,0x20,0x20,0x20,0x69,
    0x5f,0x70,0x6f,0x73,0x20,0x3d,0x20,0x73,0x74,0x61,0x67,0x65,0x5f,0x69,0x6e,0x70,
    0x75,0x74,0x2e,0x69,0x5f,0x70,0x6f,0x73,0x3b,0x0a,0x20,0x20,0x20,0x20,0x69,0x5f,
    0x6e,0x6f,0x72,0x6d,0x20,0x3d,0x20,0x73,0x74,0x61,0x67,0x65,0x5f,0x69,0x6e,0x70,
    0x75,0x74,0x2e,0x69,0x5f,0x6e,0x6f,0x72,0x6d,0x3b,0x0a,0x20,0x20,0x20,0x20,0x69,
    0x5f,0x75,0x76,0x20,0x3d,0x20,0x73,0x74,0x61,0x67,0x65,0x5f,0x69,0x6e,0x70,0x75,
    0x74,0x2e,0x69,0x5f,0x75,0x76,0x3b,0x0a,0x20,0x20,0x20,0x20,0x76,0x65,0x72,0x74,
    0x5f,0x6d,0x61,0x69,0x6e,0x28,0x29,0x3b,0x0a,0x20,0x20,0x20,0x20,0x53,0x50,0x49,
    0x52,0x56,0x5f,0x43,0x72,0x6f,0x73,0x73,0x5f,0x4f,0x75,0x74,0x70,0x75,0x74,0x20,
    0x73,0x74,0x61,0x67,0x65,0x5f,0x6f,0x75,0x74,0x70,0x75,0x74,0x3b,0x0a,0x20,0x20,
    0x20,0x20,0x73,0x74,0x61,0x67,0x65,0x5f,0x6f,0x75,0x74,0x70,0x75,0x74,0x2e,0x67,
    0x6c,0x5f,0x50,0x6f,0x73,0x69,0x74,0x69,0x6f,0x6e,0x20,0x3d,0x20,0x67,0x6c,0x5f,
    0x50,0x6f,0x73,0x69,0x74,0x69,0x6f,0x6e,0x3b,0x0a,0x20,0x20,0x20,0x20,0x72,0x65,
    0x74,0x75,0x72,0x6e,0x20,0x73,0x74,0x61,0x67,0x65,0x5f,0x6f,0x75,0x74,0x70,0x75,
    0x74,0x3b,0x0a,0x7d,0x0a,0x00,
};
/*
    cbuffer p_fs_mesh : register(b1)
    {
        float4 _12_u_tint : packoffset(c0);
    };


    static float4 o_frag_col;

    struct SPIRV_Cross_Output
    {
        float4 o_frag_col : SV_Target0;
    };

    void frag_main()
    {
        o_frag_col = _12_u_tint;
    }

    SPIRV_Cross_Output main()
    {
        frag_main();
        SPIRV_Cross_Output stage_output;
        stage_output.o_frag_col = o_frag_col;
        return stage_output;
    }
*/
static const uint8_t fs_mesh_source_hlsl5[378] = {
    0x63,0x62,0x75,0x66,0x66,0x65,0x72,0x20,0x70,0x5f,0x66,0x73,0x5f,0x6d,0x65,0x73,
    0x68,0x20,0x3a,0x20,0x72,0x65,0x67,0x69,0x73,0x74,0x65,0x72,0x28,0x62,0x31,0x29,
    0x0a,0x7b,0x0a,0x20,0x20,0x20,0x20,0x66,0x6c,0x6f,0x61,0x74,0x34,0x20,0x5f,0x31,
    0x32,0x5f,0x75,0x5f,0x74,0x69,0x6e,0x74,0x20,0x3a,0x20,0x70,0x61,0x63,0x6b,0x6f,
    0x66,0x66,0x73,0x65,0x74,0x28,0x63,0x30,0x29,0x3b,0x0a,0x7d,0x3b,0x0a,0x0a,0x0a,
    0x73,0x74,0x61,0x74,0x69,0x63,0x20,0x66,0x6c,0x6f,0x61,0x74,0x34,0x20,0x6f,0x5f,
    0x66,0x72,0x61,0x67,0x5f,0x63,0x6f,0x6c,0x3b,0x0a,0x0a,0x73,0x74,0x72,0x75,0x63,
    0x74,0x20,0x53,0x50,0x49,0x52,0x56,0x5f,0x43,0x72,0x6f,0x73,0x73,0x5f,0x4f,0x75,
    0x74,0x70,0x75,0x74,0x0a,0x7b,0x0a,0x20,0x20,0x20,0x20,0x66,0x6c,0x6f,0x61,0x74,
    0x34,0x20,0x6f,0x5f,0x66,0x72,0x61,0x67,0x5f,0x63,0x6f,0x6c,0x20,0x3a,0x20,0x53,
    0x56,0x5f,0x54,0x61,0x72,0x67,0x65,0x74,0x30,0x3b,0x0a,0x7d,0x3b,0x0a,0x0a,0x76,
    0x6f,0x69,0x64,0x20,0x66,0x72,0x61,0x67,0x5f,0x6d,0x61,0x69,0x6e,0x28,0x29,0x0a,
    0x7b,0x0a,0x20,0x20,0x20,0x20,0x6f,0x5f,0x66,0x72,0x61,0x67,0x5f,0x63,0x6f,0x6c,
    0x20,0x3d,0x20,0x5f,0x31,0x32,0x5f,0x75,0x5f,0x74,0x69,0x6e,0x74,0x3b,0x0a,0x7d,
    0x0a,0x0a,0x53,0x50,0x49,0x52,0x56,0x5f,0x43,0x72,0x6f,0x73,0x73,0x5f,0x4f,0x75,
    0x74,0x70,0x75,0x74,0x20,0x6d,0x61,0x69,0x6e,0x28,0x29,0x0a,0x7b,0x0a,0x20,0x20,
    0x20,0x20,0x66,0x72,0x61,0x67,0x5f,0x6d,0x61,0x69,0x6e,0x28,0x29,0x3b,0x0a,0x20,
    0x20,0x20,0x20,0x53,0x50,0x49,0x52,0x56,0x5f,0x43,0x72,0x6f,0x73,0x73,0x5f,0x4f,
    0x75,0x74,0x70,0x75,0x74,0x20,0x73,0x74,0x61,0x67,0x65,0x5f,0x6f,0x75,0x74,0x70,
    0x75,0x74,0x3b,0x0a,0x20,0x20,0x20,0x20,0x73,0x74,0x61,0x67,0x65,0x5f,0x6f,0x75,
    0x74,0x70,0x75,0x74,0x2e,0x6f,0x5f,0x66,0x72,0x61,0x67,0x5f,0x63,0x6f,0x6c,0x20,
    0x3d,0x20,0x6f,0x5f,0x66,0x72,0x61,0x67,0x5f,0x63,0x6f,0x6c,0x3b,0x0a,0x20,0x20,
    0x20,0x20,0x72,0x65,0x74,0x75,0x72,0x6e,0x20,0x73,0x74,0x61,0x67,0x65,0x5f,0x6f,
    0x75,0x74,0x70,0x75,0x74,0x3b,0x0a,0x7d,0x0a,0x00,
};
/*
    cbuffer p_vs_shaded : register(b0)
    {
        row_major float4x4 _14_u_model : packoffset(c0);
        row_major float4x4 _14_u_mvp : packoffset(c4);
    };


    static float4 gl_Position;
    static float3 pos;
    static float3 i_pos;
    static float3 norm;
    static float3 i_norm;
    static float2 uv;
    static float2 i_uv;

    struct SPIRV_Cross_Input
    {
        float3 i_pos : TEXCOORD0;
        float3 i_norm : TEXCOORD1;
        float2 i_uv : TEXCOORD2;
    };

    struct SPIRV_Cross_Output
    {
        float3 pos : TEXCOORD0;
        float3 norm : TEXCOORD1;
        float2 uv : TEXCOORD2;
        float4 gl_Position : SV_Position;
    };

    void vert_main()
    {
        float4 _27 = float4(i_pos, 1.0f);
        pos = mul(_27, _14_u_model).xyz;
        norm = normalize(mul(i_norm, float3x3(_14_u_model[0].xyz, _14_u_model[1].xyz, _14_u_model[2].xyz)));
        uv = i_uv;
        gl_Position = mul(_27, _14_u_mvp);
    }

    SPIRV_Cross_Output main(SPIRV_Cross_Input stage_input)
    {
        i_pos = stage_input.i_pos;
        i_norm = stage_input.i_norm;
        i_uv = stage_input.i_uv;
        vert_main();
        SPIRV_Cross_Output stage_output;
        stage_output.gl_Position = gl_Position;
        stage_output.pos = pos;
        stage_output.norm = norm;
        stage_output.uv = uv;
        return stage_output;
    }
*/
static const uint8_t vs_shaded_source_hlsl5[1185] = {
    0x63,0x62,0x75,0x66,0x66,0x65,0x72,0x20,0x70,0x5f,0x76,0x73,0x5f,0x73,0x68,0x61,
    0x64,0x65,0x64,0x20,0x3a,0x20,0x72,0x65,0x67,0x69,0x73,0x74,0x65,0x72,0x28,0x62,
    0x30,0x29,0x0a,0x7b,0x0a,0x20,0x20,0x20,0x20,0x72,0x6f,0x77,0x5f,0x6d,0x61,0x6a,
    0x6f,0x72,0x20,0x66,0x6c,0x6f,0x61,0x74,0x34,0x78,0x34,0x20,0x5f,0x31,0x34,0x5f,
    0x75,0x5f,0x6d,0x6f,0x64,0x65,0x6c,0x20,0x3a,0x20,0x70,0x61,0x63,0x6b,0x6f,0x66,
    0x66,0x73,0x65,0x74,0x28,0x63,0x30,0x29,0x3b,0x0a,0x20,0x20,0x20,0x20,0x72,0x6f,
    0x77,0x5f,0x6d,0x61,0x6a,0x6f,0x72,0x20,0x66,0x6c,0x6f,0x61,0x74,0x34,0x78,0x34,
    0x20,0x5f,0x31,0x34,0x5f,0x75,0x5f,0x6d,0x76,0x70,0x20,0x3a,0x20,0x70,0x61,0x63,
    0x6b,0x6f,0x66,0x66,0x73,0x65,0x74,0x28,0x63,0x34,0x29,0x3b,0x0a,0x7d,0x3b,0x0a,
    0x0a,0x0a,0x73,0x74,0x61,0x74,0x69,0x63,0x20,0x66,0x6c,0x6f,0x61,0x74,0x34,0x20,
    0x67,0x6c,0x5f,0x50,0x6f,0x73,0x69,0x74,0x69,0x6f,0x6e,0x3b,0x0a,0x73,0x74,0x61,
    0x74,0x69,0x63,0x20,0x66,0x6c,0x6f,0x61,0x74,0x33,0x20,0x70,0x6f,0x73,0x3b,0x0a,
    0x73,0x74,0x61,0x74,0x69,0x63,0x20,0x66,0x6c,0x6f,0x61,0x74,0x33,0x20,0x69,0x5f,
    0x70,0x6f,0x73,0x3b,0x0a,0x73,0x74,0x61,0x74,0x69,0x63,0x20,0x66,0x6c,0x6f,0x61,
    0x74,0x33,0x20,0x6e,0x6f,0x72,0x6d,0x3b,0x0a,0x73,0x74,0x61,0x74,0x69,0x63,0x20,
    0x66,0x6c,0x6f,0x61,0x74,0x33,0x20,0x69,0x5f,0x6e,0x6f,0x72,0x6d,0x3b,0x0a,0x73,
    0x74,0x61,0x74,0x69,0x63,0x20,0x66,0x6c,0x6f,0x61,0x74,0x32,0x20,0x75,0x76,0x3b,
    0x0a,0x73,0x74,0x61,0x74,0x69,0x63,0x20,0x66,0x6c,0x6f,0x61,0x74,0x32,0x20,0x69,
    0x5f,0x75,0x76,0x3b,0x0a,0x0a,0x73,0x74,0x72,0x75,0x63,0x74,0x20,0x53,0x50,0x49,
    0x52,0x56,0x5f,0x43,0x72,0x6f,0x73,0x73,0x5f,0x49,0x6e,0x70,0x75,0x74,0x0a,0x7b,
    0x0a,0x20,0x20,0x20,0x20,0x66,0x6c,0x6f,0x61,0x74,0x33,0x20,0x69,0x5f,0x70,0x6f,
    0x73,0x20,0x3a,0x20,0x54,0x45,0x58,0x43,0x4f,0x4f,0x52,0x44,0x30,0x3b,0x0a,0x20,
    0x20,0x20,0x20,0x66,0x6c,0x6f,0x61,0x74,0x33,0x20,0x69,0x5f,0x6e,0x6f,0x72,0x6d,
    0x20,0x3a,0x20,0x54,0x45,0x58,0x43,0x4f,0x4f,0x52,0x44,0x31,0x3b,0x0a,0x20,0x20,
    0x20,0x20,0x66,0x6c,0x6f,0x61,0x74,0x32,0x20,0x69,0x5f,0x75,0x76,0x20,0x3a,0x20,
    0x54,0x45,0x58,0x43,0x4f,0x4f,0x52,0x44,0x32,0x3b,0x0a,0x7d,0x3b,0x0a,0x0a,0x73,
    0x74,0x72,0x75,0x63,0x74,0x20,0x53,0x50,0x49,0x52,0x56,0x5f,0x43,0x72,0x6f,0x73,
    0x73,0x5f,0x4f,0x75,0x74,0x70,0x75,0x74,0x0a,0x7b,0x0a,0x20,0x20,0x20,0x20,0x66,
    0x6c,0x6f,0x61,0x74,0x33,0x20,0x70,0x6f,0x73,0x20,0x3a,0x20,0x54,0x45,0x58,0x43,
    0x4f,0x4f,0x52,0x44,0x30,0x3b,0x0a,0x20,0x20,0x20,0x20,0x66,0x6c,0x6f,0x61,0x74,
    0x33,0x20,0x6e,0x6f,0x72,0x6d,0x20,0x3a,0x20,0x54,0x45,0x58,0x43,0x4f,0x4f,0x52,
    0x44,0x31,0x3b,0x0a,0x20,0x20,0x20,0x20,0x66,0x6c,0x6f,0x61,0x74,0x32,0x20,0x75,
    0x76,0x20,0x3a,0x20,0x54,0x45,0x58,0x43,0x4f,0x4f,0x52,0x44,0x32,0x3b,0x0a,0x20,
    0x20,0x20,0x20,0x66,0x6c,0x6f,0x61,0x74,0x34,0x20,0x67,0x6c,0x5f,0x50,0x6f,0x73,
    0x69,0x74,0x69,0x6f,0x6e,0x20,0x3a,0x20,0x53,0x56,0x5f,0x50,0x6f,0x73,0x69,0x74,
    0x69,0x6f,0x6e,0x3b,0x0a,0x7d,0x3b,0x0a,0x0a,0x76,0x6f,0x69,0x64,0x20,0x76,0x65,
    0x72,0x74,0x5f,0x6d,0x61,0x69,0x6e,0x28,0x29,0x0a,0x7b,0x0a,0x20,0x20,0x20,0x20,
    0x66,0x6c,0x6f,0x61,0x74,0x34,0x20,0x5f,0x32,0x37,0x20,0x3d,0x20,0x66,0x6c,0x6f,
    0x61,0x74,0x34,0x28,0x69,0x5f,0x70,0x6f,0x73,0x2c,0x20,0x31,0x2e,0x30,0x66,0x29,
    0x3b,0x0a,0x20,0x20,0x20,0x20,0x70,0x6f,0x73,0x20,0x3d,0x20,0x6d,0x75,0x6c,0x28,
    0x5f,0x32,0x37,0x2c,0x20,0x5f,0x31,0x34,0x5f,0x75,0x5f,0x6d,0x6f,0x64,0x65,0x6c,
    0x29,0x2e,0x78,0x79,0x7a,0x3b,0x0a,0x20,0x20,0x20,0x20,0x6e,0x6f,0x72,0x6d,0x20,
    0x3d,0x20,0x6e,0x6f,0x72,0x6d,0x61,0x6c,0x69,0x7a,0x65,0x28,0x6d,0x75,0x6c,0x28,
    0x69,0x5f,0x6e,0x6f,0x72,0x6d,0x2c,0x20,0x66,0x6c,0x6f,0x61,0x74,0x33,0x78,0x33,
    0x28,0x5f,0x31,0x34,0x5f,0x75,0x5f,0x6d,0x6f,0x64,0x65,0x6c,0x5b,0x30,0x5d,0x2e,
    0x78,0x79,0x7a,0x2c,0x20,0x5f,0x31,0x34,0x5f,0x75,0x5f,0x6d,0x6f,0x64,0x65,0x6c,
    0x5b,0x31,0x5d,0x2e,0x78,0x79,0x7a,0x2c,0x20,0x5f,0x31,0x34,0x5f,0x75,0x5f,0x6d,
    0x6f,0x64,0x65,0x6c,0x5b,0x32,0x5d,0x2e,0x78,0x79,0x7a,0x29,0x29,0x29,0x3b,0x0a,
    0x20,0x20,0x20,0x20,0x75,0x76,0x20,0x3d,0x20,0x69,0x5f,0x75,0x76,0x3b,0x0a,0x20,
    0x20,0x20,0x20,0x67,0x6c,0x5f,0x50,0x6f,0x73,0x69,0x74,0x69,0x6f,0x6e,0x20,0x3d,
    0x20,0x6d,0x75,0x6c,0x28,0x5f,0x32,0x37,0x2c,0x20,0x5f,0x31,0x34,0x5f,0x75,0x5f,
    0x6d,0x76,0x70,0x29,0x3b,0x0a,0x7d,0x0a,0x0a,0x53,0x50,0x49,0x52,0x56,0x5f,0x43,
    0x72,0x6f,0x73,0x73,0x5f,0x4f,0x75,0x74,0x70,0x75,0x74,0x20,0x6d,0x61,0x69,0x6e,
    0x28,0x53,0x50,0x49,0x52,0x56,0x5f,0x43,0x72,0x6f,0x73,0x73,0x5f,0x49,0x6e,0x70,
    0x75,0x74,0x20,0x73,0x74,0x61,0x67,0x65,0x5f,0x69,0x6e,0x70,0x75,0x74,0x29,0x0a,
    0x7b,0x0a,0x20,0x20,0x20,0x20,0x69,0x5f,0x70,0x6f,0x73,0x20,0x3d,0x20,0x73,0x74,
    0x61,0x67,0x65,0x5f,0x69,0x6e,0x70,0x75,0x74,0x2e,0x69,0x5f,0x70,0x6f,0x73,0x3b,
    0x0a,0x20,0x20,0x20,0x20,0x69,0x5f,0x6e,0x6f,0x72,0x6d,0x20,0x3d,0x20,0x73,0x74,
    0x61,0x67,0x65,0x5f,0x69,0x6e,0x70,0x75,0x74,0x2e,0x69,0x5f,0x6e,0x6f,0x72,0x6d,
    0x3b,0x0a,0x20,0x20,0x20,0x20,0x69,0x5f,0x75,0x76,0x20,0x3d,0x20,0x73,0x74,0x61,
    0x67,0x65,0x5f,0x69,0x6e,0x70,0x75,0x74,0x2e,0x69,0x5f,0x75,0x76,0x3b,0x0a,0x20,
    0x20,0x20,0x20,0x76,0x65,0x72,0x74,0x5f,0x6d,0x61,0x69,0x6e,0x28,0x29,0x3b,0x0a,
    0x20,0x20,0x20,0x20,0x53,0x50,0x49,0x52,0x56,0x5f,0x43,0x72,0x6f,0x73,0x73,0x5f,
    0x4f,0x75,0x74,0x70,0x75,0x74,0x20,0x73,0x74,0x61,0x67,0x65,0x5f,0x6f,0x75,0x74,
    0x70,0x75,0x74,0x3b,0x0a,0x20,0x20,0x20,0x20,0x73,0x74,0x61,0x67,0x65,0x5f,0x6f,
    0x75,0x74,0x70,0x75,0x74,0x2e,0x67,0x6c,0x5f,0x50,0x6f,0x73,0x69,0x74,0x69,0x6f,
    0x6e,0x20,0x3d,0x20,0x67,0x6c,0x5f,0x50,0x6f,0x73,0x69,0x74,0x69,0x6f,0x6e,0x3b,
    0x0a,0x20,0x20,0x20,0x20,0x73,0x74,0x61,0x67,0x65,0x5f,0x6f,0x75,0x74,0x70,0x75,
    0x74,0x2e,0x70,0x6f,0x73,0x20,0x3d,0x20,0x70,0x6f,0x73,0x3b,0x0a,0x20,0x20,0x20,
    0x20,0x73,0x74,0x61,0x67,0x65,0x5f,0x6f,0x75,0x74,0x70,0x75,0x74,0x2e,0x6e,0x6f,
    0x72,0x6d,0x20,0x3d,0x20,0x6e,0x6f,0x72,0x6d,0x3b,0x0a,0x20,0x20,0x20,0x20,0x73,
    0x74,0x61,0x67,0x65,0x5f,0x6f,0x75,0x74,0x70,0x75,0x74,0x2e,0x75,0x76,0x20,0x3d,
    0x20,0x75,0x76,0x3b,0x0a,0x20,0x20,0x20,0x20,0x72,0x65,0x74,0x75,0x72,0x6e,0x20,
    0x73,0x74,0x61,0x67,0x65,0x5f,0x6f,0x75,0x74,0x70,0x75,0x74,0x3b,0x0a,0x7d,0x0a,
    0x00,
};
/*
    cbuffer p_fs_shaded : register(b1)
    {
        float2 _33_u_tl : packoffset(c0);
        float2 _33_u_br : packoffset(c0.z);
        float3 _33_u_eye_pos : packoffset(c1);
        float3 _33_u_light_pos : packoffset(c2);
        float _33_u_cam_near : packoffset(c2.w);
        float _33_u_cam_far : packoffset(c3);
    };

    TextureCube<float4> b_shaded_shadow_tex : register(t1);
    SamplerState b_shaded_shadow_smp : register(s1);
    Texture2D<float4> b_shaded_tex : register(t0);
    SamplerState b_shaded_smp : register(s0);

    static float3 norm;
    static float3 pos;
    static float2 uv;
    static float4 o_frag_col;

    struct SPIRV_Cross_Input
    {
        float3 pos : TEXCOORD0;
        float3 norm : TEXCOORD1;
        float2 uv : TEXCOORD2;
    };

    struct SPIRV_Cross_Output
    {
        float4 o_frag_col : SV_Target0;
    };

    float decodeFloat(float4 enc)
    {
        return dot(enc, float4(1.0f, 0.0039215688593685626983642578125f, 1.5378700481960549950599670410156e-05f, 6.0308629201699659461155533790588e-08f));
    }

    void frag_main()
    {
        float3 _28 = normalize(norm);
        float3 _41 = _33_u_light_pos - pos;
        float3 _42 = normalize(_41);
        float3 _52 = -_42;
        float diff_mag = 0.699999988079071044921875f * max(dot(_42, _28), 0.0f);
        float spec_mag = 0.300000011920928955078125f * pow(max(dot(reflect(_52, _28), normalize(_33_u_eye_pos - pos)), 0.0f), 32.0f);
        float4 param = b_shaded_shadow_tex.Sample(b_shaded_shadow_smp, _52);
        if (length(_41) > ((_33_u_cam_near + (decodeFloat(param) * (_33_u_cam_far - _33_u_cam_near))) + 0.0500000007450580596923828125f))
        {
            diff_mag = 0.0f;
            spec_mag = 0.0f;
        }
        o_frag_col = float4((1.0f.xxx * spec_mag) + (b_shaded_tex.Sample(b_shaded_smp, _33_u_tl + (uv * (_33_u_br - _33_u_tl))).xyz * (0.20000000298023223876953125f + diff_mag)), 1.0f);
    }

    SPIRV_Cross_Output main(SPIRV_Cross_Input stage_input)
    {
        norm = stage_input.norm;
        pos = stage_input.pos;
        uv = stage_input.uv;
        frag_main();
        SPIRV_Cross_Output stage_output;
        stage_output.o_frag_col = o_frag_col;
        return stage_output;
    }
*/
static const uint8_t fs_shaded_source_hlsl5[2014] = {
    0x63,0x62,0x75,0x66,0x66,0x65,0x72,0x20,0x70,0x5f,0x66,0x73,0x5f,0x73,0x68,0x61,
    0x64,0x65,0x64,0x20,0x3a,0x20,0x72,0x65,0x67,0x69,0x73,0x74,0x65,0x72,0x28,0x62,
    0x31,0x29,0x0a,0x7b,0x0a,0x20,0x20,0x20,0x20,0x66,0x6c,0x6f,0x61,0x74,0x32,0x20,
    0x5f,0x33,0x33,0x5f,0x75,0x5f,0x74,0x6c,0x20,0x3a,0x20,0x70,0x61,0x63,0x6b,0x6f,
    0x66,0x66,0x73,0x65,0x74,0x28,0x63,0x30,0x29,0x3b,0x0a,0x20,0x20,0x20,0x20,0x66,
    0x6c,0x6f,0x61,0x74,0x32,0x20,0x5f,0x33,0x33,0x5f,0x75,0x5f,0x62,0x72,0x20,0x3a,
    0x20,0x70,0x61,0x63,0x6b,0x6f,0x66,0x66,0x73,0x65,0x74,0x28,0x63,0x30,0x2e,0x7a,
    0x29,0x3b,0x0a,0x20,0x20,0x20,0x20,0x66,0x6c,0x6f,0x61,0x74,0x33,0x20,0x5f,0x33,
    0x33,0x5f,0x75,0x5f,0x65,0x79,0x65,0x5f,0x70,0x6f,0x73,0x20,0x3a,0x20,0x70,0x61,
    0x63,0x6b,0x6f,0x66,0x66,0x73,0x65,0x74,0x28,0x63,0x31,0x29,0x3b,0x0a,0x20,0x20,
    0x20,0x20,0x66,0x6c,0x6f,0x61,0x74,0x33,0x20,0x5f,0x33,0x33,0x5f,0x75,0x5f,0x6c,
    0x69,0x67,0x68,0x74,0x5f,0x70,0x6f,0x73,0x20,0x3a,0x20,0x70,0x61,0x63,0x6b,0x6f,
    0x66,0x66,0x73,0x65,0x74,0x28,0x63,0x32,0x29,0x3b,0x0a,0x20,0x20,0x20,0x20,0x66,
    0x6c,0x6f,0x61,0x74,0x20,0x5f,0x33,0x33,0x5f,0x75,0x5f,0x63,0x61,0x6d,0x5f,0x6e,
    0x65,0x61,0x72,0x20,0x3a,0x20,0x70,0x61,0x63,0x6b,0x6f,0x66,0x66,0x73,0x65,0x74,
    0x28,0x63,0x32,0x2e,0x77,0x29,0x3b,0x0a,0x20,0x20,0x20,0x20,0x66,0x6c,0x6f,0x61,
    0x74,0x20,0x5f,0x33,0x33,0x5f,0x75,0x5f,0x63,0x61,0x6d,0x5f,0x66,0x61,0x72,0x20,
    0x3a,0x20,0x70,0x61,0x63,0x6b,0x6f,0x66,0x66,0x73,0x65,0x74,0x28,0x63,0x33,0x29,
    0x3b,0x0a,0x7d,0x3b,0x0a,0x0a,0x54,0x65,0x78,0x74,0x75,0x72,0x65,0x43,0x75,0x62,
    0x65,0x3c,0x66,0x6c,0x6f,0x61,0x74,0x34,0x3e,0x20,0x62,0x5f,0x73,0x68,0x61,0x64,
    0x65,0x64,0x5f,0x73,0x68,0x61,0x64,0x6f,0x77,0x5f,0x74,0x65,0x78,0x20,0x3a,0x20,
    0x72,0x65,0x67,0x69,0x73,0x74,0x65,0x72,0x28,0x74,0x31,0x29,0x3b,0x0a,0x53,0x61,
    0x6d,0x70,0x6c,0x65,0x72,0x53,0x74,0x61,0x74,0x65,0x20,0x62,0x5f,0x73,0x68,0x61,
    0x64,0x65,0x64,0x5f,0x73,0x68,0x61,0x64,0x6f,0x77,0x5f,0x73,0x6d,0x70,0x20,0x3a,
    0x20,0x72,0x65,0x67,0x69,0x73,0x74,0x65,0x72,0x28,0x73,0x31,0x29,0x3b,0x0a,0x54,
    0x65,0x78,0x74,0x75,0x72,0x65,0x32,0x44,0x3c,0x66,0x6c,0x6f,0x61,0x74,0x34,0x3e,
    0x20,0x62,0x5f,0x73,0x68,0x61,0x64,0x65,0x64,0x5f,0x74,0x65,0x78,0x20,0x3a,0x20,
    0x72,0x65,0x67,0x69,0x73,0x74,0x65,0x72,0x28,0x74,0x30,0x29,0x3b,0x0a,0x53,0x61,
    0x6d,0x70,0x6c,0x65,0x72,0x53,0x74,0x61,0x74,0x65,0x20,0x62,0x5f,0x73,0x68,0x61,
    0x64,0x65,0x64,0x5f,0x73,0x6d,0x70,0x20,0x3a,0x20,0x72,0x65,0x67,0x69,0x73,0x74,
    0x65,0x72,0x28,0x73,0x30,0x29,0x3b,0x0a,0x0a,0x73,0x74,0x61,0x74,0x69,0x63,0x20,
    0x66,0x6c,0x6f,0x61,0x74,0x33,0x20,0x6e,0x6f,0x72,0x6d,0x3b,0x0a,0x73,0x74,0x61,
    0x74,0x69,0x63,0x20,0x66,0x6c,0x6f,0x61,0x74,0x33,0x20,0x70,0x6f,0x73,0x3b,0x0a,
    0x73,0x74,0x61,0x74,0x69,0x63,0x20,0x66,0x6c,0x6f,0x61,0x74,0x32,0x20,0x75,0x76,
    0x3b,0x0a,0x73,0x74,0x61,0x74,0x69,0x63,0x20,0x66,0x6c,0x6f,0x61,0x74,0x34,0x20,
    0x6f,0x5f,0x66,0x72,0x61,0x67,0x5f,0x63,0x6f,0x6c,0x3b,0x0a,0x0a,0x73,0x74,0x72,
    0x75,0x63,0x74,0x20,0x53,0x50,0x49,0x52,0x56,0x5f,0x43,0x72,0x6f,0x73,0x73,0x5f,
    0x49,0x6e,0x70,0x75,0x74,0x0a,0x7b,0x0a,0x20,0x20,0x20,0x20,0x66,0x6c,0x6f,0x61,
    0x74,0x33,0x20,0x70,0x6f,0x73,0x20,0x3a,0x20,0x54,0x45,0x58,0x43,0x4f,0x4f,0x52,
    0x44,0x30,0x3b,0x0a,0x20,0x20,0x20,0x20,0x66,0x6c,0x6f,0x61,0x74,0x33,0x20,0x6e,
    0x6f,0x72,0x6d,0x20,0x3a,0x20,0x54,0x45,0x58,0x43,0x4f,0x4f,0x52,0x44,0x31,0x3b,
    0x0a,0x20,0x20,0x20,0x20,0x66,0x6c,0x6f,0x61,0x74,0x32,0x20,0x75,0x76,0x20,0x3a,
    0x20,0x54,0x45,0x58,0x43,0x4f,0x4f,0x52,0x44,0x32,0x3b,0x0a,0x7d,0x3b,0x0a,0x0a,
    0x73,0x74,0x72,0x75,0x63,0x74,0x20,0x53,0x50,0x49,0x52,0x56,0x5f,0x43,0x72,0x6f,
    0x73,0x73,0x5f,0x4f,0x75,0x74,0x70,0x75,0x74,0x0a,0x7b,0x0a,0x20,0x20,0x20,0x20,
    0x66,0x6c,0x6f,0x61,0x74,0x34,0x20,0x6f,0x5f,0x66,0x72,0x61,0x67,0x5f,0x63,0x6f,
    0x6c,0x20,0x3a,0x20,0x53,0x56,0x5f,0x54,0x61,0x72,0x67,0x65,0x74,0x30,0x3b,0x0a,
    0x7d,0x3b,0x0a,0x0a,0x66,0x6c,0x6f,0x61,0x74,0x20,0x64,0x65,0x63,0x6f,0x64,0x65,
    0x46,0x6c,0x6f,0x61,0x74,0x28,0x66,0x6c,0x6f,0x61,0x74,0x34,0x20,0x65,0x6e,0x63,
    0x29,0x0a,0x7b,0x0a,0x20,0x20,0x20,0x20,0x72,0x65,0x74,0x75,0x72,0x6e,0x20,0x64,
    0x6f,0x74,0x28,0x65,0x6e,0x63,0x2c,0x20,0x66,0x6c,0x6f,0x61,0x74,0x34,0x28,0x31,
    0x2e,0x30,0x66,0x2c,0x20,0x30,0x2e,0x30,0x30,0x33,0x39,0x32,0x31,0x35,0x36,0x38,
    0x38,0x35,0x39,0x33,0x36,0x38,0x35,0x36,0x32,0x36,0x39,0x38,0x33,0x36,0x34,0x32,
    0x35,0x37,0x38,0x31,0x32,0x35,0x66,0x2c,0x20,0x31,0x2e,0x35,0x33,0x37,0x38,0x37,
    0x30,0x30,0x34,0x38,0x31,0x39,0x36,0x30,0x35,0x34,0x39,0x39,0x35,0x30,0x35,0x39,
    0x39,0x36,0x37,0x30,0x34,0x31,0x30,0x31,0x35,0x36,0x65,0x2d,0x30,0x35,0x66,0x2c,
    0x20,0x36,0x2e,0x30,0x33,0x30,0x38,0x36,0x32,0x39,0x32,0x30,0x31,0x36,0x39,0x39,
    0x36,0x35,0x39,0x34,0x36,0x31,0x31,0x35,0x35,0x35,0x33,0x33,0x37,0x39,0x30,0x35,
    0x38,0x38,0x65,0x2d,0x30,0x38,0x66,0x29,0x29,0x3b,0x0a,0x7d,0x0a,0x0a,0x76,0x6f,
    0x69,0x64,0x20,0x66,0x72,0x61,0x67,0x5f,0x6d,0x61,0x69,0x6e,0x28,0x29,0x0a,0x7b,
    0x0a,0x20,0x20,0x20,0x20,0x66,0x6c,0x6f,0x61,0x74,0x33,0x20,0x5f,0x32,0x38,0x20,
    0x3d,0x20,0x6e,0x6f,0x72,0x6d,0x61,0x6c,0x69,0x7a,0x65,0x28,0x6e,0x6f,0x72,0x6d,
    0x29,0x3b,0x0a,0x20,0x20,0x20,0x20,0x66,0x6c,0x6f,0x61,0x74,0x33,0x20,0x5f,0x34,
    0x31,0x20,0x3d,0x20,0x5f,0x33,0x33,0x5f,0x75,0x5f,0x6c,0x69,0x67,0x68,0x74,0x5f,
    0x70,0x6f,0x73,0x20,0x2d,0x20,0x70,0x6f,0x73,0x3b,0x0a,0x20,0x20,0x20,0x20,0x66,
    0x6c,0x6f,0x61,0x74,0x33,0x20,0x5f,0x34,0x32,0x20,0x3d,0x20,0x6e,0x6f,0x72,0x6d,
    0x61,0x6c,0x69,0x7a,0x65,0x28,0x5f,0x34,0x31,0x29,0x3b,0x0a,0x20,0x20,0x20,0x20,
    0x66,0x6c,0x6f,0x61,0x74,0x33,0x20,0x5f,0x35,0x32,0x20,0x3d,0x20,0x2d,0x5f,0x34,
    0x32,0x3b,0x0a,0x20,0x20,0x20,0x20,0x66,0x6c,0x6f,0x61,0x74,0x20,0x64,0x69,0x66,
    0x66,0x5f,0x6d,0x61,0x67,0x20,0x3d,0x20,0x30,0x2e,0x36,0x39,0x39,0x39,0x39,0x39,
    0x39,0x38,0x38,0x30,0x37,0x39,0x30,0x37,0x31,0x30,0x34,0x34,0x39,0x32,0x31,0x38,
    0x37,0x35,0x66,0x20,0x2a,0x20,0x6d,0x61,0x78,0x28,0x64,0x6f,0x74,0x28,0x5f,0x34,
    0x32,0x2c,0x20,0x5f,0x32,0x38,0x29,0x2c,0x20,0x30,0x2e,0x30,0x66,0x29,0x3b,0x0a,
    0x20,0x20,0x20,0x20,0x66,0x6c,0x6f,0x61,0x74,0x20,0x73,0x70,0x65,0x63,0x5f,0x6d,
    0x61,0x67,0x20,0x3d,0x20,0x30,0x2e,0x33,0x30,0x30,0x30,0x30,0x30,0x30,0x31,0x31,
    0x39,0x32,0x30,0x39,0x32,0x38,0x39,0x35,0x35,0x30,0x37,0x38,0x31,0x32,0x35,0x66,
    0x20,0x2a,0x20,0x70,0x6f,0x77,0x28,0x6d,0x61,0x78,0x28,0x64,0x6f,0x74,0x28,0x72,
    0x65,0x66,0x6c,0x65,0x63,0x74,0x28,0x5f,0x35,0x32,0x2c,0x20,0x5f,0x32,0x38,0x29,
    0x2c,0x20,0x6e,0x6f,0x72,0x6d,0x61,0x6c,0x69,0x7a,0x65,0x28,0x5f,0x33,0x33,0x5f,
    0x75,0x5f,0x65,0x79,0x65,0x5f,0x70,0x6f,0x73,0x20,0x2d,0x20,0x70,0x6f,0x73,0x29,
    0x29,0x2c,0x20,0x30,0x2e,0x30,0x66,0x29,0x2c,0x20,0x33,0x32,0x2e,0x30,0x66,0x29,
    0x3b,0x0a,0x20,0x20,0x20,0x20,0x66,0x6c,0x6f,0x61,0x74,0x34,0x20,0x70,0x61,0x72,
    0x61,0x6d,0x20,0x3d,0x20,0x62,0x5f,0x73,0x68,0x61,0x64,0x65,0x64,0x5f,0x73,0x68,
    0x61,0x64,0x6f,0x77,0x5f,0x74,0x65,0x78,0x2e,0x53,0x61,0x6d,0x70,0x6c,0x65,0x28,
    0x62,0x5f,0x73,0x68,0x61,0x64,0x65,0x64,0x5f,0x73,0x68,0x61,0x64,0x6f,0x77,0x5f,
    0x73,0x6d,0x70,0x2c,0x20,0x5f,0x35,0x32,0x29,0x3b,0x0a,0x20,0x20,0x20,0x20,0x69,
    0x66,0x20,0x28,0x6c,0x65,0x6e,0x67,0x74,0x68,0x28,0x5f,0x34,0x31,0x29,0x20,0x3e,
    0x20,0x28,0x28,0x5f,0x33,0x33,0x5f,0x75,0x5f,0x63,0x61,0x6d,0x5f,0x6e,0x65,0x61,
    0x72,0x20,0x2b,0x20,0x28,0x64,0x65,0x63,0x6f,0x64,0x65,0x46,0x6c,0x6f,0x61,0x74,
    0x28,0x70,0x61,0x72,0x61,0x6d,0x29,0x20,0x2a,0x20,0x28,0x5f,0x33,0x33,0x5f,0x75,
    0x5f,0x63,0x61,0x6d,0x5f,0x66,0x61,0x72,0x20,0x2d,0x20,0x5f,0x33,0x33,0x5f,0x75,
    0x5f,0x63,0x61,0x6d,0x5f,0x6e,0x65,0x61,0x72,0x29,0x29,0x29,0x20,0x2b,0x20,0x30,
    0x2e,0x30,0x35,0x30,0x30,0x30,0x30,0x30,0x30,0x30,0x37,0x34,0x35,0x30,0x35,0x38,
    0x30,0x35,0x39,0x36,0x39,0x32,0x33,0x38,0x32,0x38,0x31,0x32,0x35,0x66,0x29,0x29,
    0x0a,0x20,0x20,0x20,0x20,0x7b,0x0a,0x20,0x20,0x20,0x20,0x20,0x20,0x20,0x20,0x64,
    0x69,0x66,0x66,0x5f,0x6d,0x61,0x67,0x20,0x3d,0x20,0x30,0x2e,0x30,0x66,0x3b,0x0a,
    0x20,0x20,0x20,0x20,0x20,0x20,0x20,0x20,0x73,0x70,0x65,0x63,0x5f,0x6d,0x61,0x67,
    0x20,0x3d,0x20,0x30,0x2e,0x30,0x66,0x3b,0x0a,0x20,0x20,0x20,0x20,0x7d,0x0a,0x20,
    0x20,0x20,0x20,0x6f,0x5f,0x66,0x72,0x61,0x67,0x5f,0x63,0x6f,0x6c,0x20,0x3d,0x20,
    0x66,0x6c,0x6f,0x61,0x74,0x34,0x28,0x28,0x31,0x2e,0x30,0x66,0x2e,0x78,0x78,0x78,
    0x20,0x2a,0x20,0x73,0x70,0x65,0x63,0x5f,0x6d,0x61,0x67,0x29,0x20,0x2b,0x20,0x28,
    0x62,0x5f,0x73,0x68,0x61,0x64,0x65,0x64,0x5f,0x74,0x65,0x78,0x2e,0x53,0x61,0x6d,
    0x70,0x6c,0x65,0x28,0x62,0x5f,0x73,0x68,0x61,0x64,0x65,0x64,0x5f,0x73,0x6d,0x70,
    0x2c,0x20,0x5f,0x33,0x33,0x5f,0x75,0x5f,0x74,0x6c,0x20,0x2b,0x20,0x28,0x75,0x76,
    0x20,0x2a,0x20,0x28,0x5f,0x33,0x33,0x5f,0x75,0x5f,0x62,0x72,0x20,0x2d,0x20,0x5f,
    0x33,0x33,0x5f,0x75,0x5f,0x74,0x6c,0x29,0x29,0x29,0x2e,0x78,0x79,0x7a,0x20,0x2a,
    0x20,0x28,0x30,0x2e,0x32,0x30,0x30,0x30,0x30,0x30,0x30,0x30,0x32,0x39,0x38,0x30,
    0x32,0x33,0x32,0x32,0x33,0x38,0x37,0x36,0x39,0x35,0x33,0x31,0x32,0x35,0x66,0x20,
    0x2b,0x20,0x64,0x69,0x66,0x66,0x5f,0x6d,0x61,0x67,0x29,0x29,0x2c,0x20,0x31,0x2e,
    0x30,0x66,0x29,0x3b,0x0a,0x7d,0x0a,0x0a,0x53,0x50,0x49,0x52,0x56,0x5f,0x43,0x72,
    0x6f,0x73,0x73,0x5f,0x4f,0x75,0x74,0x70,0x75,0x74,0x20,0x6d,0x61,0x69,0x6e,0x28,
    0x53,0x50,0x49,0x52,0x56,0x5f,0x43,0x72,0x6f,0x73,0x73,0x5f,0x49,0x6e,0x70,0x75,
    0x74,0x20,0x73,0x74,0x61,0x67,0x65,0x5f,0x69,0x6e,0x70,0x75,0x74,0x29,0x0a,0x7b,
    0x0a,0x20,0x20,0x20,0x20,0x6e,0x6f,0x72,0x6d,0x20,0x3d,0x20,0x73,0x74,0x61,0x67,
    0x65,0x5f,0x69,0x6e,0x70,0x75,0x74,0x2e,0x6e,0x6f,0x72,0x6d,0x3b,0x0a,0x20,0x20,
    0x20,0x20,0x70,0x6f,0x73,0x20,0x3d,0x20,0x73,0x74,0x61,0x67,0x65,0x5f,0x69,0x6e,
    0x70,0x75,0x74,0x2e,0x70,0x6f,0x73,0x3b,0x0a,0x20,0x20,0x20,0x20,0x75,0x76,0x20,
    0x3d,0x20,0x73,0x74,0x61,0x67,0x65,0x5f,0x69,0x6e,0x70,0x75,0x74,0x2e,0x75,0x76,
    0x3b,0x0a,0x20,0x20,0x20,0x20,0x66,0x72,0x61,0x67,0x5f,0x6d,0x61,0x69,0x6e,0x28,
    0x29,0x3b,0x0a,0x20,0x20,0x20,0x20,0x53,0x50,0x49,0x52,0x56,0x5f,0x43,0x72,0x6f,
    0x73,0x73,0x5f,0x4f,0x75,0x74,0x70,0x75,0x74,0x20,0x73,0x74,0x61,0x67,0x65,0x5f,
    0x6f,0x75,0x74,0x70,0x75,0x74,0x3b,0x0a,0x20,0x20,0x20,0x20,0x73,0x74,0x61,0x67,
    0x65,0x5f,0x6f,0x75,0x74,0x70,0x75,0x74,0x2e,0x6f,0x5f,0x66,0x72,0x61,0x67,0x5f,
    0x63,0x6f,0x6c,0x20,0x3d,0x20,0x6f,0x5f,0x66,0x72,0x61,0x67,0x5f,0x63,0x6f,0x6c,
    0x3b,0x0a,0x20,0x20,0x20,0x20,0x72,0x65,0x74,0x75,0x72,0x6e,0x20,0x73,0x74,0x61,
    0x67,0x65,0x5f,0x6f,0x75,0x74,0x70,0x75,0x74,0x3b,0x0a,0x7d,0x0a,0x00,
};
/*
    cbuffer p_vs_colorview : register(b0)
    {
        float2 _12_u_tl : packoffset(c0);
        float2 _12_u_br : packoffset(c0.z);
    };


    static float4 gl_Position;
    static float2 uv;
    static float2 i_uv;
    static float2 i_pos;

    struct SPIRV_Cross_Input
    {
        float2 i_pos : TEXCOORD0;
        float2 i_uv : TEXCOORD1;
    };

    struct SPIRV_Cross_Output
    {
        float2 uv : TEXCOORD0;
        float4 gl_Position : SV_Position;
    };

    void vert_main()
    {
        uv = _12_u_tl + (i_uv * (_12_u_br - _12_u_tl));
        gl_Position = float4(i_pos, 0.5f, 1.0f);
    }

    SPIRV_Cross_Output main(SPIRV_Cross_Input stage_input)
    {
        i_uv = stage_input.i_uv;
        i_pos = stage_input.i_pos;
        vert_main();
        SPIRV_Cross_Output stage_output;
        stage_output.gl_Position = gl_Position;
        stage_output.uv = uv;
        return stage_output;
    }
*/
static const uint8_t vs_colorview_source_hlsl5[785] = {
    0x63,0x62,0x75,0x66,0x66,0x65,0x72,0x20,0x70,0x5f,0x76,0x73,0x5f,0x63,0x6f,0x6c,
    0x6f,0x72,0x76,0x69,0x65,0x77,0x20,0x3a,0x20,0x72,0x65,0x67,0x69,0x73,0x74,0x65,
    0x72,0x28,0x62,0x30,0x29,0x0a,0x7b,0x0a,0x20,0x20,0x20,0x20,0x66,0x6c,0x6f,0x61,
    0x74,0x32,0x20,0x5f,0x31,0x32,0x5f,0x75,0x5f,0x74,0x6c,0x20,0x3a,0x20,0x70,0x61,
    0x63,0x6b,0x6f,0x66,0x66,0x73,0x65,0x74,0x28,0x63,0x30,0x29,0x3b,0x0a,0x20,0x20,
    0x20,0x20,0x66,0x6c,0x6f,0x61,0x74,0x32,0x20,0x5f,0x31,0x32,0x5f,0x75,0x5f,0x62,
    0x72,0x20,0x3a,0x20,0x70,0x61,0x63,0x6b,0x6f,0x66,0x66,0x73,0x65,0x74,0x28,0x63,
    0x30,0x2e,0x7a,0x29,0x3b,0x0a,0x7d,0x3b,0x0a,0x0a,0x0a,0x73,0x74,0x61,0x74,0x69,
    0x63,0x20,0x66,0x6c,0x6f,0x61,0x74,0x34,0x20,0x67,0x6c,0x5f,0x50,0x6f,0x73,0x69,
    0x74,0x69,0x6f,0x6e,0x3b,0x0a,0x73,0x74,0x61,0x74,0x69,0x63,0x20,0x66,0x6c,0x6f,
    0x61,0x74,0x32,0x20,0x75,0x76,0x3b,0x0a,0x73,0x74,0x61,0x74,0x69,0x63,0x20,0x66,
    0x6c,0x6f,0x61,0x74,0x32,0x20,0x69,0x5f,0x75,0x76,0x3b,0x0a,0x73,0x74,0x61,0x74,
    0x69,0x63,0x20,0x66,0x6c,0x6f,0x61,0x74,0x32,0x20,0x69,0x5f,0x70,0x6f,0x73,0x3b,
    0x0a,0x0a,0x73,0x74,0x72,0x75,0x63,0x74,0x20,0x53,0x50,0x49,0x52,0x56,0x5f,0x43,
    0x72,0x6f,0x73,0x73,0x5f,0x49,0x6e,0x70,0x75,0x74,0x0a,0x7b,0x0a,0x20,0x20,0x20,
    0x20,0x66,0x6c,0x6f,0x61,0x74,0x32,0x20,0x69,0x5f,0x70,0x6f,0x73,0x20,0x3a,0x20,
    0x54,0x45,0x58,0x43,0x4f,0x4f,0x52,0x44,0x30,0x3b,0x0a,0x20,0x20,0x20,0x20,0x66,
    0x6c,0x6f,0x61,0x74,0x32,0x20,0x69,0x5f,0x75,0x76,0x20,0x3a,0x20,0x54,0x45,0x58,
    0x43,0x4f,0x4f,0x52,0x44,0x31,0x3b,0x0a,0x7d,0x3b,0x0a,0x0a,0x73,0x74,0x72,0x75,
    0x63,0x74,0x20,0x53,0x50,0x49,0x52,0x56,0x5f,0x43,0x72,0x6f,0x73,0x73,0x5f,0x4f,
    0x75,0x74,0x70,0x75,0x74,0x0a,0x7b,0x0a,0x20,0x20,0x20,0x20,0x66,0x6c,0x6f,0x61,
    0x74,0x32,0x20,0x75,0x76,0x20,0x3a,0x20,0x54,0x45,0x58,0x43,0x4f,0x4f,0x52,0x44,
    0x30,0x3b,0x0a,0x20,0x20,0x20,0x20,0x66,0x6c,0x6f,0x61,0x74,0x34,0x20,0x67,0x6c,
    0x5f,0x50,0x6f,0x73,0x69,0x74,0x69,0x6f,0x6e,0x20,0x3a,0x20,0x53,0x56,0x5f,0x50,
    0x6f,0x73,0x69,0x74,0x69,0x6f,0x6e,0x3b,0x0a,0x7d,0x3b,0x0a,0x0a,0x76,0x6f,0x69,
    0x64,0x20,0x76,0x65,0x72,0x74,0x5f,0x6d,0x61,0x69,0x6e,0x28,0x29,0x0a,0x7b,0x0a,
    0x20,0x20,0x20,0x20,0x75,0x76,0x20,0x3d,0x20,0x5f,0x31,0x32,0x5f,0x75,0x5f,0x74,
    0x6c,0x20,0x2b,0x20,0x28,0x69,0x5f,0x75,0x76,0x20,0x2a,0x20,0x28,0x5f,0x31,0x32,
    0x5f,0x75,0x5f,0x62,0x72,0x20,0x2d,0x20,0x5f,0x31,0x32,0x5f,0x75,0x5f,0x74,0x6c,
    0x29,0x29,0x3b,0x0a,0x20,0x20,0x20,0x20,0x67,0x6c,0x5f,0x50,0x6f,0x73,0x69,0x74,
    0x69,0x6f,0x6e,0x20,0x3d,0x20,0x66,0x6c,0x6f,0x61,0x74,0x34,0x28,0x69,0x5f,0x70,
    0x6f,0x73,0x2c,0x20,0x30,0x2e,0x35,0x66,0x2c,0x20,0x31,0x2e,0x30,0x66,0x29,0x3b,
    0x0a,0x7d,0x0a,0x0a,0x53,0x50,0x49,0x52,0x56,0x5f,0x43,0x72,0x6f,0x73,0x73,0x5f,
    0x4f,0x75,0x74,0x70,0x75,0x74,0x20,0x6d,0x61,0x69,0x6e,0x28,0x53,0x50,0x49,0x52,
    0x56,0x5f,0x43,0x72,0x6f,0x73,0x73,0x5f,0x49,0x6e,0x70,0x75,0x74,0x20,0x73,0x74,
    0x61,0x67,0x65,0x5f,0x69,0x6e,0x70,0x75,0x74,0x29,0x0a,0x7b,0x0a,0x20,0x20,0x20,
    0x20,0x69,0x5f,0x75,0x76,0x20,0x3d,0x20,0x73,0x74,0x61,0x67,0x65,0x5f,0x69,0x6e,
    0x70,0x75,0x74,0x2e,0x69,0x5f,0x75,0x76,0x3b,0x0a,0x20,0x20,0x20,0x20,0x69,0x5f,
    0x70,0x6f,0x73,0x20,0x3d,0x20,0x73,0x74,0x61,0x67,0x65,0x5f,0x69,0x6e,0x70,0x75,
    0x74,0x2e,0x69,0x5f,0x70,0x6f,0x73,0x3b,0x0a,0x20,0x20,0x20,0x20,0x76,0x65,0x72,
    0x74,0x5f,0x6d,0x61,0x69,0x6e,0x28,0x29,0x3b,0x0a,0x20,0x20,0x20,0x20,0x53,0x50,
    0x49,0x52,0x56,0x5f,0x43,0x72,0x6f,0x73,0x73,0x5f,0x4f,0x75,0x74,0x70,0x75,0x74,
    0x20,0x73,0x74,0x61,0x67,0x65,0x5f,0x6f,0x75,0x74,0x70,0x75,0x74,0x3b,0x0a,0x20,
    0x20,0x20,0x20,0x73,0x74,0x61,0x67,0x65,0x5f,0x6f,0x75,0x74,0x70,0x75,0x74,0x2e,
    0x67,0x6c,0x5f,0x50,0x6f,0x73,0x69,0x74,0x69,0x6f,0x6e,0x20,0x3d,0x20,0x67,0x6c,
    0x5f,0x50,0x6f,0x73,0x69,0x74,0x69,0x6f,0x6e,0x3b,0x0a,0x20,0x20,0x20,0x20,0x73,
    0x74,0x61,0x67,0x65,0x5f,0x6f,0x75,0x74,0x70,0x75,0x74,0x2e,0x75,0x76,0x20,0x3d,
    0x20,0x75,0x76,0x3b,0x0a,0x20,0x20,0x20,0x20,0x72,0x65,0x74,0x75,0x72,0x6e,0x20,
    0x73,0x74,0x61,0x67,0x65,0x5f,0x6f,0x75,0x74,0x70,0x75,0x74,0x3b,0x0a,0x7d,0x0a,
    0x00,
};
/*
    cbuffer p_fs_colorview : register(b1)
    {
        float4 _29_u_tint : packoffset(c0);
    };

    Texture2D<float4> b_colorview_tex : register(t0);
    SamplerState b_colorview_smp : register(s0);

    static float2 uv;
    static float4 o_frag_col;

    struct SPIRV_Cross_Input
    {
        float2 uv : TEXCOORD0;
    };

    struct SPIRV_Cross_Output
    {
        float4 o_frag_col : SV_Target0;
    };

    void frag_main()
    {
        o_frag_col = _29_u_tint * b_colorview_tex.Sample(b_colorview_smp, uv);
    }

    SPIRV_Cross_Output main(SPIRV_Cross_Input stage_input)
    {
        uv = stage_input.uv;
        frag_main();
        SPIRV_Cross_Output stage_output;
        stage_output.o_frag_col = o_frag_col;
        return stage_output;
    }
*/
static const uint8_t fs_colorview_source_hlsl5[654] = {
    0x63,0x62,0x75,0x66,0x66,0x65,0x72,0x20,0x70,0x5f,0x66,0x73,0x5f,0x63,0x6f,0x6c,
    0x6f,0x72,0x76,0x69,0x65,0x77,0x20,0x3a,0x20,0x72,0x65,0x67,0x69,0x73,0x74,0x65,
    0x72,0x28,0x62,0x31,0x29,0x0a,0x7b,0x0a,0x20,0x20,0x20,0x20,0x66,0x6c,0x6f,0x61,
    0x74,0x34,0x20,0x5f,0x32,0x39,0x5f,0x75,0x5f,0x74,0x69,0x6e,0x74,0x20,0x3a,0x20,
    0x70,0x61,0x63,0x6b,0x6f,0x66,0x66,0x73,0x65,0x74,0x28,0x63,0x30,0x29,0x3b,0x0a,
    0x7d,0x3b,0x0a,0x0a,0x54,0x65,0x78,0x74,0x75,0x72,0x65,0x32,0x44,0x3c,0x66,0x6c,
    0x6f,0x61,0x74,0x34,0x3e,0x20,0x62,0x5f,0x63,0x6f,0x6c,0x6f,0x72,0x76,0x69,0x65,
    0x77,0x5f,0x74,0x65,0x78,0x20,0x3a,0x20,0x72,0x65,0x67,0x69,0x73,0x74,0x65,0x72,
    0x28,0x74,0x30,0x29,0x3b,0x0a,0x53,0x61,0x6d,0x70,0x6c,0x65,0x72,0x53,0x74,0x61,
    0x74,0x65,0x20,0x62,0x5f,0x63,0x6f,0x6c,0x6f,0x72,0x76,0x69,0x65,0x77,0x5f,0x73,
    0x6d,0x70,0x20,0x3a,0x20,0x72,0x65,0x67,0x69,0x73,0x74,0x65,0x72,0x28,0x73,0x30,
    0x29,0x3b,0x0a,0x0a,0x73,0x74,0x61,0x74,0x69,0x63,0x20,0x66,0x6c,0x6f,0x61,0x74,
    0x32,0x20,0x75,0x76,0x3b,0x0a,0x73,0x74,0x61,0x74,0x69,0x63,0x20,0x66,0x6c,0x6f,
    0x61,0x74,0x34,0x20,0x6f,0x5f,0x66,0x72,0x61,0x67,0x5f,0x63,0x6f,0x6c,0x3b,0x0a,
    0x0a,0x73,0x74,0x72,0x75,0x63,0x74,0x20,0x53,0x50,0x49,0x52,0x56,0x5f,0x43,0x72,
    0x6f,0x73,0x73,0x5f,0x49,0x6e,0x70,0x75,0x74,0x0a,0x7b,0x0a,0x20,0x20,0x20,0x20,
    0x66,0x6c,0x6f,0x61,0x74,0x32,0x20,0x75,0x76,0x20,0x3a,0x20,0x54,0x45,0x58,0x43,
    0x4f,0x4f,0x52,0x44,0x30,0x3b,0x0a,0x7d,0x3b,0x0a,0x0a,0x73,0x74,0x72,0x75,0x63,
    0x74,0x20,0x53,0x50,0x49,0x52,0x56,0x5f,0x43,0x72,0x6f,0x73,0x73,0x5f,0x4f,0x75,
    0x74,0x70,0x75,0x74,0x0a,0x7b,0x0a,0x20,0x20,0x20,0x20,0x66,0x6c,0x6f,0x61,0x74,
    0x34,0x20,0x6f,0x5f,0x66,0x72,0x61,0x67,0x5f,0x63,0x6f,0x6c,0x20,0x3a,0x20,0x53,
    0x56,0x5f,0x54,0x61,0x72,0x67,0x65,0x74,0x30,0x3b,0x0a,0x7d,0x3b,0x0a,0x0a,0x76,
    0x6f,0x69,0x64,0x20,0x66,0x72,0x61,0x67,0x5f,0x6d,0x61,0x69,0x6e,0x28,0x29,0x0a,
    0x7b,0x0a,0x20,0x20,0x20,0x20,0x6f,0x5f,0x66,0x72,0x61,0x67,0x5f,0x63,0x6f,0x6c,
    0x20,0x3d,0x20,0x5f,0x32,0x39,0x5f,0x75,0x5f,0x74,0x69,0x6e,0x74,0x20,0x2a,0x20,
    0x62,0x5f,0x63,0x6f,0x6c,0x6f,0x72,0x76,0x69,0x65,0x77,0x5f,0x74,0x65,0x78,0x2e,
    0x53,0x61,0x6d,0x70,0x6c,0x65,0x28,0x62,0x5f,0x63,0x6f,0x6c,0x6f,0x72,0x76,0x69,
    0x65,0x77,0x5f,0x73,0x6d,0x70,0x2c,0x20,0x75,0x76,0x29,0x3b,0x0a,0x7d,0x0a,0x0a,
    0x53,0x50,0x49,0x52,0x56,0x5f,0x43,0x72,0x6f,0x73,0x73,0x5f,0x4f,0x75,0x74,0x70,
    0x75,0x74,0x20,0x6d,0x61,0x69,0x6e,0x28,0x53,0x50,0x49,0x52,0x56,0x5f,0x43,0x72,
    0x6f,0x73,0x73,0x5f,0x49,0x6e,0x70,0x75,0x74,0x20,0x73,0x74,0x61,0x67,0x65,0x5f,
    0x69,0x6e,0x70,0x75,0x74,0x29,0x0a,0x7b,0x0a,0x20,0x20,0x20,0x20,0x75,0x76,0x20,
    0x3d,0x20,0x73,0x74,0x61,0x67,0x65,0x5f,0x69,0x6e,0x70,0x75,0x74,0x2e,0x75,0x76,
    0x3b,0x0a,0x20,0x20,0x20,0x20,0x66,0x72,0x61,0x67,0x5f,0x6d,0x61,0x69,0x6e,0x28,
    0x29,0x3b,0x0a,0x20,0x20,0x20,0x20,0x53,0x50,0x49,0x52,0x56,0x5f,0x43,0x72,0x6f,
    0x73,0x73,0x5f,0x4f,0x75,0x74,0x70,0x75,0x74,0x20,0x73,0x74,0x61,0x67,0x65,0x5f,
    0x6f,0x75,0x74,0x70,0x75,0x74,0x3b,0x0a,0x20,0x20,0x20,0x20,0x73,0x74,0x61,0x67,
    0x65,0x5f,0x6f,0x75,0x74,0x70,0x75,0x74,0x2e,0x6f,0x5f,0x66,0x72,0x61,0x67,0x5f,
    0x63,0x6f,0x6c,0x20,0x3d,0x20,0x6f,0x5f,0x66,0x72,0x61,0x67,0x5f,0x63,0x6f,0x6c,
    0x3b,0x0a,0x20,0x20,0x20,0x20,0x72,0x65,0x74,0x75,0x72,0x6e,0x20,0x73,0x74,0x61,
    0x67,0x65,0x5f,0x6f,0x75,0x74,0x70,0x75,0x74,0x3b,0x0a,0x7d,0x0a,0x00,
};
/*
    static float4 gl_Position;
    static float2 v_pos;
    static float2 uv;
    static float2 v_uv;

    struct SPIRV_Cross_Input
    {
        float2 v_pos : TEXCOORD0;
        float2 v_uv : TEXCOORD1;
    };

    struct SPIRV_Cross_Output
    {
        float2 uv : TEXCOORD0;
        float4 gl_Position : SV_Position;
    };

    void vert_main()
    {
        gl_Position = float4(v_pos, 0.5f, 1.0f);
        uv.x = v_uv.x;
        uv.y = -v_uv.y;
    }

    SPIRV_Cross_Output main(SPIRV_Cross_Input stage_input)
    {
        v_pos = stage_input.v_pos;
        v_uv = stage_input.v_uv;
        vert_main();
        SPIRV_Cross_Output stage_output;
        stage_output.gl_Position = gl_Position;
        stage_output.uv = uv;
        return stage_output;
    }
*/
static const uint8_t vs_texview_source_hlsl5[649] = {
    0x73,0x74,0x61,0x74,0x69,0x63,0x20,0x66,0x6c,0x6f,0x61,0x74,0x34,0x20,0x67,0x6c,
    0x5f,0x50,0x6f,0x73,0x69,0x74,0x69,0x6f,0x6e,0x3b,0x0a,0x73,0x74,0x61,0x74,0x69,
    0x63,0x20,0x66,0x6c,0x6f,0x61,0x74,0x32,0x20,0x76,0x5f,0x70,0x6f,0x73,0x3b,0x0a,
    0x73,0x74,0x61,0x74,0x69,0x63,0x20,0x66,0x6c,0x6f,0x61,0x74,0x32,0x20,0x75,0x76,
    0x3b,0x0a,0x73,0x74,0x61,0x74,0x69,0x63,0x20,0x66,0x6c,0x6f,0x61,0x74,0x32,0x20,
    0x76,0x5f,0x75,0x76,0x3b,0x0a,0x0a,0x73,0x74,0x72,0x75,0x63,0x74,0x20,0x53,0x50,
    0x49,0x52,0x56,0x5f,0x43,0x72,0x6f,0x73,0x73,0x5f,0x49,0x6e,0x70,0x75,0x74,0x0a,
    0x7b,0x0a,0x20,0x20,0x20,0x20,0x66,0x6c,0x6f,0x61,0x74,0x32,0x20,0x76,0x5f,0x70,
    0x6f,0x73,0x20,0x3a,0x20,0x54,0x45,0x58,0x43,0x4f,0x4f,0x52,0x44,0x30,0x3b,0x0a,
    0x20,0x20,0x20,0x20,0x66,0x6c,0x6f,0x61,0x74,0x32,0x20,0x76,0x5f,0x75,0x76,0x20,
    0x3a,0x20,0x54,0x45,0x58,0x43,0x4f,0x4f,0x52,0x44,0x31,0x3b,0x0a,0x7d,0x3b,0x0a,
    0x0a,0x73,0x74,0x72,0x75,0x63,0x74,0x20,0x53,0x50,0x49,0x52,0x56,0x5f,0x43,0x72,
    0x6f,0x73,0x73,0x5f,0x4f,0x75,0x74,0x70,0x75,0x74,0x0a,0x7b,0x0a,0x20,0x20,0x20,
    0x20,0x66,0x6c,0x6f,0x61,0x74,0x32,0x20,0x75,0x76,0x20,0x3a,0x20,0x54,0x45,0x58,
    0x43,0x4f,0x4f,0x52,0x44,0x30,0x3b,0x0a,0x20,0x20,0x20,0x20,0x66,0x6c,0x6f,0x61,
    0x74,0x34,0x20,0x67,0x6c,0x5f,0x50,0x6f,0x73,0x69,0x74,0x69,0x6f,0x6e,0x20,0x3a,
    0x20,0x53,0x56,0x5f,0x50,0x6f,0x73,0x69,0x74,0x69,0x6f,0x6e,0x3b,0x0a,0x7d,0x3b,
    0x0a,0x0a,0x76,0x6f,0x69,0x64,0x20,0x76,0x65,0x72,0x74,0x5f,0x6d,0x61,0x69,0x6e,
    0x28,0x29,0x0a,0x7b,0x0a,0x20,0x20,0x20,0x20,0x67,0x6c,0x5f,0x50,0x6f,0x73,0x69,
    0x74,0x69,0x6f,0x6e,0x20,0x3d,0x20,0x66,0x6c,0x6f,0x61,0x74,0x34,0x28,0x76,0x5f,
    0x70,0x6f,0x73,0x2c,0x20,0x30,0x2e,0x35,0x66,0x2c,0x20,0x31,0x2e,0x30,0x66,0x29,
    0x3b,0x0a,0x20,0x20,0x20,0x20,0x75,0x76,0x2e,0x78,0x20,0x3d,0x20,0x76,0x5f,0x75,
    0x76,0x2e,0x78,0x3b,0x0a,0x20,0x20,0x20,0x20,0x75,0x76,0x2e,0x79,0x20,0x3d,0x20,
    0x2d,0x76,0x5f,0x75,0x76,0x2e,0x79,0x3b,0x0a,0x7d,0x0a,0x0a,0x53,0x50,0x49,0x52,
    0x56,0x5f,0x43,0x72,0x6f,0x73,0x73,0x5f,0x4f,0x75,0x74,0x70,0x75,0x74,0x20,0x6d,
    0x61,0x69,0x6e,0x28,0x53,0x50,0x49,0x52,0x56,0x5f,0x43,0x72,0x6f,0x73,0x73,0x5f,
    0x49,0x6e,0x70,0x75,0x74,0x20,0x73,0x74,0x61,0x67,0x65,0x5f,0x69,0x6e,0x70,0x75,
    0x74,0x29,0x0a,0x7b,0x0a,0x20,0x20,0x20,0x20,0x76,0x5f,0x70,0x6f,0x73,0x20,0x3d,
    0x20,0x73,0x74,0x61,0x67,0x65,0x5f,0x69,0x6e,0x70,0x75,0x74,0x2e,0x76,0x5f,0x70,
    0x6f,0x73,0x3b,0x0a,0x20,0x20,0x20,0x20,0x76,0x5f,0x75,0x76,0x20,0x3d,0x20,0x73,
    0x74,0x61,0x67,0x65,0x5f,0x69,0x6e,0x70,0x75,0x74,0x2e,0x76,0x5f,0x75,0x76,0x3b,
    0x0a,0x20,0x20,0x20,0x20,0x76,0x65,0x72,0x74,0x5f,0x6d,0x61,0x69,0x6e,0x28,0x29,
    0x3b,0x0a,0x20,0x20,0x20,0x20,0x53,0x50,0x49,0x52,0x56,0x5f,0x43,0x72,0x6f,0x73,
    0x73,0x5f,0x4f,0x75,0x74,0x70,0x75,0x74,0x20,0x73,0x74,0x61,0x67,0x65,0x5f,0x6f,
    0x75,0x74,0x70,0x75,0x74,0x3b,0x0a,0x20,0x20,0x20,0x20,0x73,0x74,0x61,0x67,0x65,
    0x5f,0x6f,0x75,0x74,0x70,0x75,0x74,0x2e,0x67,0x6c,0x5f,0x50,0x6f,0x73,0x69,0x74,
    0x69,0x6f,0x6e,0x20,0x3d,0x20,0x67,0x6c,0x5f,0x50,0x6f,0x73,0x69,0x74,0x69,0x6f,
    0x6e,0x3b,0x0a,0x20,0x20,0x20,0x20,0x73,0x74,0x61,0x67,0x65,0x5f,0x6f,0x75,0x74,
    0x70,0x75,0x74,0x2e,0x75,0x76,0x20,0x3d,0x20,0x75,0x76,0x3b,0x0a,0x20,0x20,0x20,
    0x20,0x72,0x65,0x74,0x75,0x72,0x6e,0x20,0x73,0x74,0x61,0x67,0x65,0x5f,0x6f,0x75,
    0x74,0x70,0x75,0x74,0x3b,0x0a,0x7d,0x0a,0x00,
};
/*
    struct HSV
    {
        float hue;
        float saturation;
        float value;
    };

    cbuffer fs_texview_params : register(b0)
    {
        float _241_brightness : packoffset(c0);
        float4 _241_u_tint : packoffset(c1);
        float2 _241_u_tl : packoffset(c2);
        float2 _241_u_br : packoffset(c2.z);
    };

    Texture2D<float4> texview_tex : register(t0);
    SamplerState texview_smp : register(s0);

    static float2 uv;
    static float4 frag_color;

    struct SPIRV_Cross_Input
    {
        float2 uv : TEXCOORD0;
    };

    struct SPIRV_Cross_Output
    {
        float4 frag_color : SV_Target0;
    };

    float fmod(float x, float y)
    {
        return x - (y * trunc(x / y));
    }

    HSV rgb2hsv(float r, float g, float b, float brightness)
    {
        float _114 = r * 0.0039215688593685626983642578125f;
        float _117 = g * 0.0039215688593685626983642578125f;
        float _120 = b * 0.0039215688593685626983642578125f;
        float _126 = max(_114, max(_117, _120));
        float _132 = min(_114, min(_117, _120));
        float _136 = _126 - _132;
        float _301 = 0.0f;
        float _302 = 0.0f;
        if (_126 == _132)
        {
            _301 = 0.0f;
        }
        else
        {
            if (_126 == _114)
            {
                float param = (60.0f * ((_117 - _120) / _136)) + 360.0f;
                float param_1 = 360.0f;
                _301 = fmod(param, param_1);
            }
            else
            {
                if (_126 == _117)
                {
                    float param_2 = (60.0f * ((_120 - _114) / _136)) + 120.0f;
                    float param_3 = 360.0f;
                    _301 = fmod(param_2, param_3);
                }
                else
                {
                    if (_126 == _120)
                    {
                        float param_4 = (60.0f * ((_114 - _117) / _136)) + 240.0f;
                        float param_5 = 360.0f;
                        _301 = fmod(param_4, param_5);
                    }
                }
            }
        }
        if (_126 == 0.0f)
        {
            _302 = 0.0f;
        }
        else
        {
            _302 = (_136 / _126) * 100.0f;
        }
        HSV _307 = { _301, _302, _126 * (100.0f * brightness) };
        return _307;
    }

    float4 hsv2rgb(int hue, float saturation, float value)
    {
        float _43 = value * saturation;
        float param = float(hue) * 0.01666666753590106964111328125f;
        float param_1 = 2.0f;
        float _58 = _43 * (1.0f - abs(1.0f - fmod(param, param_1)));
        float _62 = value - _43;
        float r = 0.0f;
        float g = 0.0f;
        float b = 0.0f;
        switch (hue / 60)
        {
            case 0:
            {
                r = _43;
                g = _58;
                b = 0.0f;
                break;
            }
            case 1:
            {
                r = _58;
                g = _43;
                b = 0.0f;
                break;
            }
            case 2:
            {
                r = 0.0f;
                g = _43;
                b = _58;
                break;
            }
            case 3:
            {
                r = 0.0f;
                g = _58;
                b = _43;
                break;
            }
            case 4:
            {
                r = _58;
                g = 0.0f;
                b = _43;
                break;
            }
            case 5:
            {
                r = _43;
                g = 0.0f;
                b = _58;
                break;
            }
        }
        float _97 = r;
        float _98 = _97 + _62;
        r = _98;
        float _100 = g;
        float _101 = _100 + _62;
        g = _101;
        float _103 = b;
        float _104 = _103 + _62;
        b = _104;
        return float4(_98, _101, _104, 1.0f);
    }

    void frag_main()
    {
        float4 _256 = texview_tex.Sample(texview_smp, _241_u_tl + (uv * (_241_u_br - _241_u_tl)));
        float param = _256.x;
        float param_1 = _256.y;
        float param_2 = _256.z;
        float param_3 = _241_brightness;
        HSV _275 = rgb2hsv(param, param_1, param_2, param_3);
        int param_4 = int(_275.hue);
        float param_5 = _275.saturation;
        float param_6 = _275.value;
        frag_color = _241_u_tint * hsv2rgb(param_4, param_5, param_6);
    }

    SPIRV_Cross_Output main(SPIRV_Cross_Input stage_input)
    {
        uv = stage_input.uv;
        frag_main();
        SPIRV_Cross_Output stage_output;
        stage_output.frag_color = frag_color;
        return stage_output;
    }
*/
static const uint8_t fs_texview_source_hlsl5[3998] = {
    0x73,0x74,0x72,0x75,0x63,0x74,0x20,0x48,0x53,0x56,0x0a,0x7b,0x0a,0x20,0x20,0x20,
    0x20,0x66,0x6c,0x6f,0x61,0x74,0x20,0x68,0x75,0x65,0x3b,0x0a,0x20,0x20,0x20,0x20,
    0x66,0x6c,0x6f,0x61,0x74,0x20,0x73,0x61,0x74,0x75,0x72,0x61,0x74,0x69,0x6f,0x6e,
    0x3b,0x0a,0x20,0x20,0x20,0x20,0x66,0x6c,0x6f,0x61,0x74,0x20,0x76,0x61,0x6c,0x75,
    0x65,0x3b,0x0a,0x7d,0x3b,0x0a,0x0a,0x63,0x62,0x75,0x66,0x66,0x65,0x72,0x20,0x66,
    0x73,0x5f,0x74,0x65,0x78,0x76,0x69,0x65,0x77,0x5f,0x70,0x61,0x72,0x61,0x6d,0x73,
    0x20,0x3a,0x20,0x72,0x65,0x67,0x69,0x73,0x74,0x65,0x72,0x28,0x62,0x30,0x29,0x0a,
    0x7b,0x0a,0x20,0x20,0x20,0x20,0x66,0x6c,0x6f,0x61,0x74,0x20,0x5f,0x32,0x34,0x31,
    0x5f,0x62,0x72,0x69,0x67,0x68,0x74,0x6e,0x65,0x73,0x73,0x20,0x3a,0x20,0x70,0x61,
    0x63,0x6b,0x6f,0x66,0x66,0x73,0x65,0x74,0x28,0x63,0x30,0x29,0x3b,0x0a,0x20,0x20,
    0x20,0x20,0x66,0x6c,0x6f,0x61,0x74,0x34,0x20,0x5f,0x32,0x34,0x31,0x5f,0x75,0x5f,
    0x74,0x69,0x6e,0x74,0x20,0x3a,0x20,0x70,0x61,0x63,0x6b,0x6f,0x66,0x66,0x73,0x65,
    0x74,0x28,0x63,0x31,0x29,0x3b,0x0a,0x20,0x20,0x20,0x20,0x66,0x6c,0x6f,0x61,0x74,
    0x32,0x20,0x5f,0x32,0x34,0x31,0x5f,0x75,0x5f,0x74,0x6c,0x20,0x3a,0x20,0x70,0x61,
    0x63,0x6b,0x6f,0x66,0x66,0x73,0x65,0x74,0x28,0x63,0x32,0x29,0x3b,0x0a,0x20,0x20,
    0x20,0x20,0x66,0x6c,0x6f,0x61,0x74,0x32,0x20,0x5f,0x32,0x34,0x31,0x5f,0x75,0x5f,
    0x62,0x72,0x20,0x3a,0x20,0x70,0x61,0x63,0x6b,0x6f,0x66,0x66,0x73,0x65,0x74,0x28,
    0x63,0x32,0x2e,0x7a,0x29,0x3b,0x0a,0x7d,0x3b,0x0a,0x0a,0x54,0x65,0x78,0x74,0x75,
    0x72,0x65,0x32,0x44,0x3c,0x66,0x6c,0x6f,0x61,0x74,0x34,0x3e,0x20,0x74,0x65,0x78,
    0x76,0x69,0x65,0x77,0x5f,0x74,0x65,0x78,0x20,0x3a,0x20,0x72,0x65,0x67,0x69,0x73,
    0x74,0x65,0x72,0x28,0x74,0x30,0x29,0x3b,0x0a,0x53,0x61,0x6d,0x70,0x6c,0x65,0x72,
    0x53,0x74,0x61,0x74,0x65,0x20,0x74,0x65,0x78,0x76,0x69,0x65,0x77,0x5f,0x73,0x6d,
    0x70,0x20,0x3a,0x20,0x72,0x65,0x67,0x69,0x73,0x74,0x65,0x72,0x28,0x73,0x30,0x29,
    0x3b,0x0a,0x0a,0x73,0x74,0x61,0x74,0x69,0x63,0x20,0x66,0x6c,0x6f,0x61,0x74,0x32,
    0x20,0x75,0x76,0x3b,0x0a,0x73,0x74,0x61,0x74,0x69,0x63,0x20,0x66,0x6c,0x6f,0x61,
    0x74,0x34,0x20,0x66,0x72,0x61,0x67,0x5f,0x63,0x6f,0x6c,0x6f,0x72,0x3b,0x0a,0x0a,
    0x73,0x74,0x72,0x75,0x63,0x74,0x20,0x53,0x50,0x49,0x52,0x56,0x5f,0x43,0x72,0x6f,
    0x73,0x73,0x5f,0x49,0x6e,0x70,0x75,0x74,0x0a,0x7b,0x0a,0x20,0x20,0x20,0x20,0x66,
    0x6c,0x6f,0x61,0x74,0x32,0x20,0x75,0x76,0x20,0x3a,0x20,0x54,0x45,0x58,0x43,0x4f,
    0x4f,0x52,0x44,0x30,0x3b,0x0a,0x7d,0x3b,0x0a,0x0a,0x73,0x74,0x72,0x75,0x63,0x74,
    0x20,0x53,0x50,0x49,0x52,0x56,0x5f,0x43,0x72,0x6f,0x73,0x73,0x5f,0x4f,0x75,0x74,
    0x70,0x75,0x74,0x0a,0x7b,0x0a,0x20,0x20,0x20,0x20,0x66,0x6c,0x6f,0x61,0x74,0x34,
    0x20,0x66,0x72,0x61,0x67,0x5f,0x63,0x6f,0x6c,0x6f,0x72,0x20,0x3a,0x20,0x53,0x56,
    0x5f,0x54,0x61,0x72,0x67,0x65,0x74,0x30,0x3b,0x0a,0x7d,0x3b,0x0a,0x0a,0x66,0x6c,
    0x6f,0x61,0x74,0x20,0x66,0x6d,0x6f,0x64,0x28,0x66,0x6c,0x6f,0x61,0x74,0x20,0x78,
    0x2c,0x20,0x66,0x6c,0x6f,0x61,0x74,0x20,0x79,0x29,0x0a,0x7b,0x0a,0x20,0x20,0x20,
    0x20,0x72,0x65,0x74,0x75,0x72,0x6e,0x20,0x78,0x20,0x2d,0x20,0x28,0x79,0x20,0x2a,
    0x20,0x74,0x72,0x75,0x6e,0x63,0x28,0x78,0x20,0x2f,0x20,0x79,0x29,0x29,0x3b,0x0a,
    0x7d,0x0a,0x0a,0x48,0x53,0x56,0x20,0x72,0x67,0x62,0x32,0x68,0x73,0x76,0x28,0x66,
    0x6c,0x6f,0x61,0x74,0x20,0x72,0x2c,0x20,0x66,0x6c,0x6f,0x61,0x74,0x20,0x67,0x2c,
    0x20,0x66,0x6c,0x6f,0x61,0x74,0x20,0x62,0x2c,0x20,0x66,0x6c,0x6f,0x61,0x74,0x20,
    0x62,0x72,0x69,0x67,0x68,0x74,0x6e,0x65,0x73,0x73,0x29,0x0a,0x7b,0x0a,0x20,0x20,
    0x20,0x20,0x66,0x6c,0x6f,0x61,0x74,0x20,0x5f,0x31,0x31,0x34,0x20,0x3d,0x20,0x72,
    0x20,0x2a,0x20,0x30,0x2e,0x30,0x30,0x33,0x39,0x32,0x31,0x35,0x36,0x38,0x38,0x35,
    0x39,0x33,0x36,0x38,0x35,0x36,0x32,0x36,0x39,0x38,0x33,0x36,0x34,0x32,0x35,0x37,
    0x38,0x31,0x32,0x35,0x66,0x3b,0x0a,0x20,0x20,0x20,0x20,0x66,0x6c,0x6f,0x61,0x74,
    0x20,0x5f,0x31,0x31,0x37,0x20,0x3d,0x20,0x67,0x20,0x2a,0x20,0x30,0x2e,0x30,0x30,
    0x33,0x39,0x32,0x31,0x35,0x36,0x38,0x38,0x35,0x39,0x33,0x36,0x38,0x35,0x36,0x32,
    0x36,0x39,0x38,0x33,0x36,0x34,0x32,0x35,0x37,0x38,0x31,0x32,0x35,0x66,0x3b,0x0a,
    0x20,0x20,0x20,0x20,0x66,0x6c,0x6f,0x61,0x74,0x20,0x5f,0x31,0x32,0x30,0x20,0x3d,
    0x20,0x62,0x20,0x2a,0x20,0x30,0x2e,0x30,0x30,0x33,0x39,0x32,0x31,0x35,0x36,0x38,
    0x38,0x35,0x39,0x33,0x36,0x38,0x35,0x36,0x32,0x36,0x39,0x38,0x33,0x36,0x34,0x32,
    0x35,0x37,0x38,0x31,0x32,0x35,0x66,0x3b,0x0a,0x20,0x20,0x20,0x20,0x66,0x6c,0x6f,
    0x61,0x74,0x20,0x5f,0x31,0x32,0x36,0x20,0x3d,0x20,0x6d,0x61,0x78,0x28,0x5f,0x31,
    0x31,0x34,0x2c,0x20,0x6d,0x61,0x78,0x28,0x5f,0x31,0x31,0x37,0x2c,0x20,0x5f,0x31,
    0x32,0x30,0x29,0x29,0x3b,0x0a,0x20,0x20,0x20,0x20,0x66,0x6c,0x6f,0x61,0x74,0x20,
    0x5f,0x31,0x33,0x32,0x20,0x3d,0x20,0x6d,0x69,0x6e,0x28,0x5f,0x31,0x31,0x34,0x2c,
    0x20,0x6d,0x69,0x6e,0x28,0x5f,0x31,0x31,0x37,0x2c,0x20,0x5f,0x31,0x32,0x30,0x29,
    0x29,0x3b,0x0a,0x20,0x20,0x20,0x20,0x66,0x6c,0x6f,0x61,0x74,0x20,0x5f,0x31,0x33,
    0x36,0x20,0x3d,0x20,0x5f,0x31,0x32,0x36,0x20,0x2d,0x20,0x5f,0x31,0x33,0x32,0x3b,
    0x0a,0x20,0x20,0x20,0x20,0x66,0x6c,0x6f,0x61,0x74,0x20,0x5f,0x33,0x30,0x31,0x20,
    0x3d,0x20,0x30,0x2e,0x30,0x66,0x3b,0x0a,0x20,0x20,0x20,0x20,0x66,0x6c,0x6f,0x61,
    0x74,0x20,0x5f,0x33,0x30,0x32,0x20,0x3d,0x20,0x30,0x2e,0x30,0x66,0x3b,0x0a,0x20,
    0x20,0x20,0x20,0x69,0x66,0x20,0x28,0x5f,0x31,0x32,0x36,0x20,0x3d,0x3d,0x20,0x5f,
    0x31,0x33,0x32,0x29,0x0a,0x20,0x20,0x20,0x20,0x7b,0x0a,0x20,0x20,0x20,0x20,0x20,
    0x20,0x20,0x20,0x5f,0x33,0x30,0x31,0x20,0x3d,0x20,0x30,0x2e,0x30,0x66,0x3b,0x0a,
    0x20,0x20,0x20,0x20,0x7d,0x0a,0x20,0x20,0x20,0x20,0x65,0x6c,0x73,0x65,0x0a,0x20,
    0x20,0x20,0x20,0x7b,0x0a,0x20,0x20,0x20,0x20,0x20,0x20,0x20,0x20,0x69,0x66,0x20,
    0x28,0x5f,0x31,0x32,0x36,0x20,0x3d,0x3d,0x20,0x5f,0x31,0x31,0x34,0x29,0x0a,0x20,
    0x20,0x20,0x20,0x20,0x20,0x20,0x20,0x7b,0x0a,0x20,0x20,0x20,0x20,0x20,0x20,0x20,
    0x20,0x20,0x20,0x20,0x20,0x66,0x6c,0x6f,0x61,0x74,0x20,0x70,0x61,0x72,0x61,0x6d,
    0x20,0x3d,0x20,0x28,0x36,0x30,0x2e,0x30,0x66,0x20,0x2a,0x20,0x28,0x28,0x5f,0x31,
    0x31,0x37,0x20,0x2d,0x20,0x5f,0x31,0x32,0x30,0x29,0x20,0x2f,0x20,0x5f,0x31,0x33,
    0x36,0x29,0x29,0x20,0x2b,0x20,0x33,0x36,0x30,0x2e,0x30,0x66,0x3b,0x0a,0x20,0x20,
    0x20,0x20,0x20,0x20,0x20,0x20,0x20,0x20,0x20,0x20,0x66,0x6c,0x6f,0x61,0x74,0x20,
    0x70,0x61,0x72,0x61,0x6d,0x5f,0x31,0x20,0x3d,0x20,0x33,0x36,0x30,0x2e,0x30,0x66,
    0x3b,0x0a,0x20,0x20,0x20,0x20,0x20,0x20,0x20,0x20,0x20,0x20,0x20,0x20,0x5f,0x33,
    0x30,0x31,0x20,0x3d,0x20,0x66,0x6d,0x6f,0x64,0x28,0x70,0x61,0x72,0x61,0x6d,0x2c,
    0x20,0x70,0x61,0x72,0x61,0x6d,0x5f,0x31,0x29,0x3b,0x0a,0x20,0x20,0x20,0x20,0x20,
    0x20,0x20,0x20,0x7d,0x0a,0x20,0x20,0x20,0x20,0x20,0x20,0x20,0x20,0x65,0x6c,0x73,
    0x65,0x0a,0x20,0x20,0x20,0x20,0x20,0x20,0x20,0x20,0x7b,0x0a,0x20,0x20,0x20,0x20,
    0x20,0x20,0x20,0x20,0x20,0x20,0x20,0x20,0x69,0x66,0x20,0x28,0x5f,0x31,0x32,0x36,
    0x20,0x3d,0x3d,0x20,0x5f,0x31,0x31,0x37,0x29,0x0a,0x20,0x20,0x20,0x20,0x20,0x20,
    0x20,0x20,0x20,0x20,0x20,0x20,0x7b,0x0a,0x20,0x20,0x20,0x20,0x20,0x20,0x20,0x20,
    0x20,0x20,0x20,0x20,0x20,0x20,0x20,0x20,0x66,0x6c,0x6f,0x61,0x74,0x20,0x70,0x61,
    0x72,0x61,0x6d,0x5f,0x32,0x20,0x3d,0x20,0x28,0x36,0x30,0x2e,0x30,0x66,0x20,0x2a,
    0x20,0x28,0x28,0x5f,0x31,0x32,0x30,0x20,0x2d,0x20,0x5f,0x31,0x31,0x34,0x29,0x20,
    0x2f,0x20,0x5f,0x31,0x33,0x36,0x29,0x29,0x20,0x2b,0x20,0x31,0x32,0x30,0x2e,0x30,
    0x66,0x3b,0x0a,0x20,0x20,0x20,0x20,0x20,0x20,0x20,0x20,0x20,0x20,0x20,0x20,0x20,
    0x20,0x20,0x20,0x66,0x6c,0x6f,0x61,0x74,0x20,0x70,0x61,0x72,0x61,0x6d,0x5f,0x33,
    0x20,0x3d,0x20,0x33,0x36,0x30,0x2e,0x30,0x66,0x3b,0x0a,0x20,0x20,0x20,0x20,0x20,
    0x20,0x20,0x20,0x20,0x20,0x20,0x20,0x20,0x20,0x20,0x20,0x5f,0x33,0x30,0x31,0x20,
    0x3d,0x20,0x66,0x6d,0x6f,0x64,0x28,0x70,0x61,0x72,0x61,0x6d,0x5f,0x32,0x2c,0x20,
    0x70,0x61,0x72,0x61,0x6d,0x5f,0x33,0x29,0x3b,0x0a,0x20,0x20,0x20,0x20,0x20,0x20,
    0x20,0x20,0x20,0x20,0x20,0x20,0x7d,0x0a,0x20,0x20,0x20,0x20,0x20,0x20,0x20,0x20,
    0x20,0x20,0x20,0x20,0x65,0x6c,0x73,0x65,0x0a,0x20,0x20,0x20,0x20,0x20,0x20,0x20,
    0x20,0x20,0x20,0x20,0x20,0x7b,0x0a,0x20,0x20,0x20,0x20,0x20,0x20,0x20,0x20,0x20,
    0x20,0x20,0x20,0x20,0x20,0x20,0x20,0x69,0x66,0x20,0x28,0x5f,0x31,0x32,0x36,0x20,
    0x3d,0x3d,0x20,0x5f,0x31,0x32,0x30,0x29,0x0a,0x20,0x20,0x20,0x20,0x20,0x20,0x20,
    0x20,0x20,0x20,0x20,0x20,0x20,0x20,0x20,0x20,0x7b,0x0a,0x20,0x20,0x20,0x20,0x20,
    0x20,0x20,0x20,0x20,0x20,0x20,0x20,0x20,0x20,0x20,0x20,0x20,0x20,0x20,0x20,0x66,
    0x6c,0x6f,0x61,0x74,0x20,0x70,0x61,0x72,0x61,0x6d,0x5f,0x34,0x20,0x3d,0x20,0x28,
    0x36,0x30,0x2e,0x30,0x66,0x20,0x2a,0x20,0x28,0x28,0x5f,0x31,0x31,0x34,0x20,0x2d,
    0x20,0x5f,0x31,0x31,0x37,0x29,0x20,0x2f,0x20,0x5f,0x31,0x33,0x36,0x29,0x29,0x20,
    0x2b,0x20,0x32,0x34,0x30,0x2e,0x30,0x66,0x3b,0x0a,0x20,0x20,0x20,0x20,0x20,0x20,
    0x20,0x20,0x20,0x20,0x20,0x20,0x20,0x20,0x20,0x20,0x20,0x20,0x20,0x20,0x66,0x6c,
    0x6f,0x61,0x74,0x20,0x70,0x61,0x72,0x61,0x6d,0x5f,0x35,0x20,0x3d,0x20,0x33,0x36,
    0x30,0x2e,0x30,0x66,0x3b,0x0a,0x20,0x20,0x20,0x20,0x20,0x20,0x20,0x20,0x20,0x20,
    0x20,0x20,0x20,0x20,0x20,0x20,0x20,0x20,0x20,0x20,0x5f,0x33,0x30,0x31,0x20,0x3d,
    0x20,0x66,0x6d,0x6f,0x64,0x28,0x70,0x61,0x72,0x61,0x6d,0x5f,0x34,0x2c,0x20,0x70,
    0x61,0x72,0x61,0x6d,0x5f,0x35,0x29,0x3b,0x0a,0x20,0x20,0x20,0x20,0x20,0x20,0x20,
    0x20,0x20,0x20,0x20,0x20,0x20,0x20,0x20,0x20,0x7d,0x0a,0x20,0x20,0x20,0x20,0x20,
    0x20,0x20,0x20,0x20,0x20,0x20,0x20,0x7d,0x0a,0x20,0x20,0x20,0x20,0x20,0x20,0x20,
    0x20,0x7d,0x0a,0x20,0x20,0x20,0x20,0x7d,0x0a,0x20,0x20,0x20,0x20,0x69,0x66,0x20,
    0x28,0x5f,0x31,0x32,0x36,0x20,0x3d,0x3d,0x20,0x30,0x2e,0x30,0x66,0x29,0x0a,0x20,
    0x20,0x20,0x20,0x7b,0x0a,0x20,0x20,0x20,0x20,0x20,0x20,0x20,0x20,0x5f,0x33,0x30,
    0x32,0x20,0x3d,0x20,0x30,0x2e,0x30,0x66,0x3b,0x0a,0x20,0x20,0x20,0x20,0x7d,0x0a,
    0x20,0x20,0x20,0x20,0x65,0x6c,0x73,0x65,0x0a,0x20,0x20,0x20,0x20,0x7b,0x0a,0x20,
    0x20,0x20,0x20,0x20,0x20,0x20,0x20,0x5f,0x33,0x30,0x32,0x20,0x3d,0x20,0x28,0x5f,
    0x31,0x33,0x36,0x20,0x2f,0x20,0x5f,0x31,0x32,0x36,0x29,0x20,0x2a,0x20,0x31,0x30,
    0x30,0x2e,0x30,0x66,0x3b,0x0a,0x20,0x20,0x20,0x20,0x7d,0x0a,0x20,0x20,0x20,0x20,
    0x48,0x53,0x56,0x20,0x5f,0x33,0x30,0x37,0x20,0x3d,0x20,0x7b,0x20,0x5f,0x33,0x30,
    0x31,0x2c,0x20,0x5f,0x33,0x30,0x32,0x2c,0x20,0x5f,0x31,0x32,0x36,0x20,0x2a,0x20,
    0x28,0x31,0x30,0x30,0x2e,0x30,0x66,0x20,0x2a,0x20,0x62,0x72,0x69,0x67,0x68,0x74,
    0x6e,0x65,0x73,0x73,0x29,0x20,0x7d,0x3b,0x0a,0x20,0x20,0x20,0x20,0x72,0x65,0x74,
    0x75,0x72,0x6e,0x20,0x5f,0x33,0x30,0x37,0x3b,0x0a,0x7d,0x0a,0x0a,0x66,0x6c,0x6f,
    0x61,0x74,0x34,0x20,0x68,0x73,0x76,0x32,0x72,0x67,0x62,0x28,0x69,0x6e,0x74,0x20,
    0x68,0x75,0x65,0x2c,0x20,0x66,0x6c,0x6f,0x61,0x74,0x20,0x73,0x61,0x74,0x75,0x72,
    0x61,0x74,0x69,0x6f,0x6e,0x2c,0x20,0x66,0x6c,0x6f,0x61,0x74,0x20,0x76,0x61,0x6c,
    0x75,0x65,0x29,0x0a,0x7b,0x0a,0x20,0x20,0x20,0x20,0x66,0x6c,0x6f,0x61,0x74,0x20,
    0x5f,0x34,0x33,0x20,0x3d,0x20,0x76,0x61,0x6c,0x75,0x65,0x20,0x2a,0x20,0x73,0x61,
    0x74,0x75,0x72,0x61,0x74,0x69,0x6f,0x6e,0x3b,0x0a,0x20,0x20,0x20,0x20,0x66,0x6c,
    0x6f,0x61,0x74,0x20,0x70,0x61,0x72,0x61,0x6d,0x20,0x3d,0x20,0x66,0x6c,0x6f,0x61,
    0x74,0x28,0x68,0x75,0x65,0x29,0x20,0x2a,0x20,0x30,0x2e,0x30,0x31,0x36,0x36,0x36,
    0x36,0x36,0x36,0x37,0x35,0x33,0x35,0x39,0x30,0x31,0x30,0x36,0x39,0x36,0x34,0x31,
    0x31,0x31,0x33,0x32,0x38,0x31,0x32,0x35,0x66,0x3b,0x0a,0x20,0x20,0x20,0x20,0x66,
    0x6c,0x6f,0x61,0x74,0x20,0x70,0x61,0x72,0x61,0x6d,0x5f,0x31,0x20,0x3d,0x20,0x32,
    0x2e,0x30,0x66,0x3b,0x0a,0x20,0x20,0x20,0x20,0x66,0x6c,0x6f,0x61,0x74,0x20,0x5f,
    0x35,0x38,0x20,0x3d,0x20,0x5f,0x34,0x33,0x20,0x2a,0x20,0x28,0x31,0x2e,0x30,0x66,
    0x20,0x2d,0x20,0x61,0x62,0x73,0x28,0x31,0x2e,0x30,0x66,0x20,0x2d,0x20,0x66,0x6d,
    0x6f,0x64,0x28,0x70,0x61,0x72,0x61,0x6d,0x2c,0x20,0x70,0x61,0x72,0x61,0x6d,0x5f,
    0x31,0x29,0x29,0x29,0x3b,0x0a,0x20,0x20,0x20,0x20,0x66,0x6c,0x6f,0x61,0x74,0x20,
    0x5f,0x36,0x32,0x20,0x3d,0x20,0x76,0x61,0x6c,0x75,0x65,0x20,0x2d,0x20,0x5f,0x34,
    0x33,0x3b,0x0a,0x20,0x20,0x20,0x20,0x66,0x6c,0x6f,0x61,0x74,0x20,0x72,0x20,0x3d,
    0x20,0x30,0x2e,0x30,0x66,0x3b,0x0a,0x20,0x20,0x20,0x20,0x66,0x6c,0x6f,0x61,0x74,
    0x20,0x67,0x20,0x3d,0x20,0x30,0x2e,0x30,0x66,0x3b,0x0a,0x20,0x20,0x20,0x20,0x66,
    0x6c,0x6f,0x61,0x74,0x20,0x62,0x20,0x3d,0x20,0x30,0x2e,0x30,0x66,0x3b,0x0a,0x20,
    0x20,0x20,0x20,0x73,0x77,0x69,0x74,0x63,0x68,0x20,0x28,0x68,0x75,0x65,0x20,0x2f,
    0x20,0x36,0x30,0x29,0x0a,0x20,0x20,0x20,0x20,0x7b,0x0a,0x20,0x20,0x20,0x20,0x20,
    0x20,0x20,0x20,0x63,0x61,0x73,0x65,0x20,0x30,0x3a,0x0a,0x20,0x20,0x20,0x20,0x20,
    0x20,0x20,0x20,0x7b,0x0a,0x20,0x20,0x20,0x20,0x20,0x20,0x20,0x20,0x20,0x20,0x20,
    0x20,0x72,0x20,0x3d,0x20,0x5f,0x34,0x33,0x3b,0x0a,0x20,0x20,0x20,0x20,0x20,0x20,
    0x20,0x20,0x20,0x20,0x20,0x20,0x67,0x20,0x3d,0x20,0x5f,0x35,0x38,0x3b,0x0a,0x20,
    0x20,0x20,0x20,0x20,0x20,0x20,0x20,0x20,0x20,0x20,0x20,0x62,0x20,0x3d,0x20,0x30,
    0x2e,0x30,0x66,0x3b,0x0a,0x20,0x20,0x20,0x20,0x20,0x20,0x20,0x20,0x20,0x20,0x20,
    0x20,0x62,0x72,0x65,0x61,0x6b,0x3b,0x0a,0x20,0x20,0x20,0x20,0x20,0x20,0x20,0x20,
    0x7d,0x0a,0x20,0x20,0x20,0x20,0x20,0x20,0x20,0x20,0x63,0x61,0x73,0x65,0x20,0x31,
    0x3a,0x0a,0x20,0x20,0x20,0x20,0x20,0x20,0x20,0x20,0x7b,0x0a,0x20,0x20,0x20,0x20,
    0x20,0x20,0x20,0x20,0x20,0x20,0x20,0x20,0x72,0x20,0x3d,0x20,0x5f,0x35,0x38,0x3b,
    0x0a,0x20,0x20,0x20,0x20,0x20,0x20,0x20,0x20,0x20,0x20,0x20,0x20,0x67,0x20,0x3d,
    0x20,0x5f,0x34,0x33,0x3b,0x0a,0x20,0x20,0x20,0x20,0x20,0x20,0x20,0x20,0x20,0x20,
    0x20,0x20,0x62,0x20,0x3d,0x20,0x30,0x2e,0x30,0x66,0x3b,0x0a,0x20,0x20,0x20,0x20,
    0x20,0x20,0x20,0x20,0x20,0x20,0x20,0x20,0x62,0x72,0x65,0x61,0x6b,0x3b,0x0a,0x20,
    0x20,0x20,0x20,0x20,0x20,0x20,0x20,0x7d,0x0a,0x20,0x20,0x20,0x20,0x20,0x20,0x20,
    0x20,0x63,0x61,0x73,0x65,0x20,0x32,0x3a,0x0a,0x20,0x20,0x20,0x20,0x20,0x20,0x20,
    0x20,0x7b,0x0a,0x20,0x20,0x20,0x20,0x20,0x20,0x20,0x20,0x20,0x20,0x20,0x20,0x72,
    0x20,0x3d,0x20,0x30,0x2e,0x30,0x66,0x3b,0x0a,0x20,0x20,0x20,0x20,0x20,0x20,0x20,
    0x20,0x20,0x20,0x20,0x20,0x67,0x20,0x3d,0x20,0x5f,0x34,0x33,0x3b,0x0a,0x20,0x20,
    0x20,0x20,0x20,0x20,0x20,0x20,0x20,0x20,0x20,0x20,0x62,0x20,0x3d,0x20,0x5f,0x35,
    0x38,0x3b,0x0a,0x20,0x20,0x20,0x20,0x20,0x20,0x20,0x20,0x20,0x20,0x20,0x20,0x62,
    0x72,0x65,0x61,0x6b,0x3b,0x0a,0x20,0x20,0x20,0x20,0x20,0x20,0x20,0x20,0x7d,0x0a,
    0x20,0x20,0x20,0x20,0x20,0x20,0x20,0x20,0x63,0x61,0x73,0x65,0x20,0x33,0x3a,0x0a,
    0x20,0x20,0x20,0x20,0x20,0x20,0x20,0x20,0x7b,0x0a,0x20,0x20,0x20,0x20,0x20,0x20,
    0x20,0x20,0x20,0x20,0x20,0x20,0x72,0x20,0x3d,0x20,0x30,0x2e,0x30,0x66,0x3b,0x0a,
    0x20,0x20,0x20,0x20,0x20,0x20,0x20,0x20,0x20,0x20,0x20,0x20,0x67,0x20,0x3d,0x20,
    0x5f,0x35,0x38,0x3b,0x0a,0x20,0x20,0x20,0x20,0x20,0x20,0x20,0x20,0x20,0x20,0x20,
    0x20,0x62,0x20,0x3d,0x20,0x5f,0x34,0x33,0x3b,0x0a,0x20,0x20,0x20,0x20,0x20,0x20,
    0x20,0x20,0x20,0x20,0x20,0x20,0x62,0x72,0x65,0x61,0x6b,0x3b,0x0a,0x20,0x20,0x20,
    0x20,0x20,0x20,0x20,0x20,0x7d,0x0a,0x20,0x20,0x20,0x20,0x20,0x20,0x20,0x20,0x63,
    0x61,0x73,0x65,0x20,0x34,0x3a,0x0a,0x20,0x20,0x20,0x20,0x20,0x20,0x20,0x20,0x7b,
    0x0a,0x20,0x20,0x20,0x20,0x20,0x20,0x20,0x20,0x20,0x20,0x20,0x20,0x72,0x20,0x3d,
    0x20,0x5f,0x35,0x38,0x3b,0x0a,0x20,0x20,0x20,0x20,0x20,0x20,0x20,0x20,0x20,0x20,
    0x20,0x20,0x67,0x20,0x3d,0x20,0x30,0x2e,0x30,0x66,0x3b,0x0a,0x20,0x20,0x20,0x20,
    0x20,0x20,0x20,0x20,0x20,0x20,0x20,0x20,0x62,0x20,0x3d,0x20,0x5f,0x34,0x33,0x3b,
    0x0a,0x20,0x20,0x20,0x20,0x20,0x20,0x20,0x20,0x20,0x20,0x20,0x20,0x62,0x72,0x65,
    0x61,0x6b,0x3b,0x0a,0x20,0x20,0x20,0x20,0x20,0x20,0x20,0x20,0x7d,0x0a,0x20,0x20,
    0x20,0x20,0x20,0x20,0x20,0x20,0x63,0x61,0x73,0x65,0x20,0x35,0x3a,0x0a,0x20,0x20,
    0x20,0x20,0x20,0x20,0x20,0x20,0x7b,0x0a,0x20,0x20,0x20,0x20,0x20,0x20,0x20,0x20,
    0x20,0x20,0x20,0x20,0x72,0x20,0x3d,0x20,0x5f,0x34,0x33,0x3b,0x0a,0x20,0x20,0x20,
    0x20,0x20,0x20,0x20,0x20,0x20,0x20,0x20,0x20,0x67,0x20,0x3d,0x20,0x30,0x2e,0x30,
    0x66,0x3b,0x0a,0x20,0x20,0x20,0x20,0x20,0x20,0x20,0x20,0x20,0x20,0x20,0x20,0x62,
    0x20,0x3d,0x20,0x5f,0x35,0x38,0x3b,0x0a,0x20,0x20,0x20,0x20,0x20,0x20,0x20,0x20,
    0x20,0x20,0x20,0x20,0x62,0x72,0x65,0x61,0x6b,0x3b,0x0a,0x20,0x20,0x20,0x20,0x20,
    0x20,0x20,0x20,0x7d,0x0a,0x20,0x20,0x20,0x20,0x7d,0x0a,0x20,0x20,0x20,0x20,0x66,
    0x6c,0x6f,0x61,0x74,0x20,0x5f,0x39,0x37,0x20,0x3d,0x20,0x72,0x3b,0x0a,0x20,0x20,
    0x20,0x20,0x66,0x6c,0x6f,0x61,0x74,0x20,0x5f,0x39,0x38,0x20,0x3d,0x20,0x5f,0x39,
    0x37,0x20,0x2b,0x20,0x5f,0x36,0x32,0x3b,0x0a,0x20,0x20,0x20,0x20,0x72,0x20,0x3d,
    0x20,0x5f,0x39,0x38,0x3b,0x0a,0x20,0x20,0x20,0x20,0x66,0x6c,0x6f,0x61,0x74,0x20,
    0x5f,0x31,0x30,0x30,0x20,0x3d,0x20,0x67,0x3b,0x0a,0x20,0x20,0x20,0x20,0x66,0x6c,
    0x6f,0x61,0x74,0x20,0x5f,0x31,0x30,0x31,0x20,0x3d,0x20,0x5f,0x31,0x30,0x30,0x20,
    0x2b,0x20,0x5f,0x36,0x32,0x3b,0x0a,0x20,0x20,0x20,0x20,0x67,0x20,0x3d,0x20,0x5f,
    0x31,0x30,0x31,0x3b,0x0a,0x20,0x20,0x20,0x20,0x66,0x6c,0x6f,0x61,0x74,0x20,0x5f,
    0x31,0x30,0x33,0x20,0x3d,0x20,0x62,0x3b,0x0a,0x20,0x20,0x20,0x20,0x66,0x6c,0x6f,
    0x61,0x74,0x20,0x5f,0x31,0x30,0x34,0x20,0x3d,0x20,0x5f,0x31,0x30,0x33,0x20,0x2b,
    0x20,0x5f,0x36,0x32,0x3b,0x0a,0x20,0x20,0x20,0x20,0x62,0x20,0x3d,0x20,0x5f,0x31,
    0x30,0x34,0x3b,0x0a,0x20,0x20,0x20,0x20,0x72,0x65,0x74,0x75,0x72,0x6e,0x20,0x66,
    0x6c,0x6f,0x61,0x74,0x34,0x28,0x5f,0x39,0x38,0x2c,0x20,0x5f,0x31,0x30,0x31,0x2c,
    0x20,0x5f,0x31,0x30,0x34,0x2c,0x20,0x31,0x2e,0x30,0x66,0x29,0x3b,0x0a,0x7d,0x0a,
    0x0a,0x76,0x6f,0x69,0x64,0x20,0x66,0x72,0x61,0x67,0x5f,0x6d,0x61,0x69,0x6e,0x28,
    0x29,0x0a,0x7b,0x0a,0x20,0x20,0x20,0x20,0x66,0x6c,0x6f,0x61,0x74,0x34,0x20,0x5f,
    0x32,0x35,0x36,0x20,0x3d,0x20,0x74,0x65,0x78,0x76,0x69,0x65,0x77,0x5f,0x74,0x65,
    0x78,0x2e,0x53,0x61,0x6d,0x70,0x6c,0x65,0x28,0x74,0x65,0x78,0x76,0x69,0x65,0x77,
    0x5f,0x73,0x6d,0x70,0x2c,0x20,0x5f,0x32,0x34,0x31,0x5f,0x75,0x5f,0x74,0x6c,0x20,
    0x2b,0x20,0x28,0x75,0x76,0x20,0x2a,0x20,0x28,0x5f,0x32,0x34,0x31,0x5f,0x75,0x5f,
    0x62,0x72,0x20,0x2d,0x20,0x5f,0x32,0x34,0x31,0x5f,0x75,0x5f,0x74,0x6c,0x29,0x29,
    0x29,0x3b,0x0a,0x20,0x20,0x20,0x20,0x66,0x6c,0x6f,0x61,0x74,0x20,0x70,0x61,0x72,
    0x61,0x6d,0x20,0x3d,0x20,0x5f,0x32,0x35,0x36,0x2e,0x78,0x3b,0x0a,0x20,0x20,0x20,
    0x20,0x66,0x6c,0x6f,0x61,0x74,0x20,0x70,0x61,0x72,0x61,0x6d,0x5f,0x31,0x20,0x3d,
    0x20,0x5f,0x32,0x35,0x36,0x2e,0x79,0x3b,0x0a,0x20,0x20,0x20,0x20,0x66,0x6c,0x6f,
    0x61,0x74,0x20,0x70,0x61,0x72,0x61,0x6d,0x5f,0x32,0x20,0x3d,0x20,0x5f,0x32,0x35,
    0x36,0x2e,0x7a,0x3b,0x0a,0x20,0x20,0x20,0x20,0x66,0x6c,0x6f,0x61,0x74,0x20,0x70,
    0x61,0x72,0x61,0x6d,0x5f,0x33,0x20,0x3d,0x20,0x5f,0x32,0x34,0x31,0x5f,0x62,0x72,
    0x69,0x67,0x68,0x74,0x6e,0x65,0x73,0x73,0x3b,0x0a,0x20,0x20,0x20,0x20,0x48,0x53,
    0x56,0x20,0x5f,0x32,0x37,0x35,0x20,0x3d,0x20,0x72,0x67,0x62,0x32,0x68,0x73,0x76,
    0x28,0x70,0x61,0x72,0x61,0x6d,0x2c,0x20,0x70,0x61,0x72,0x61,0x6d,0x5f,0x31,0x2c,
    0x20,0x70,0x61,0x72,0x61,0x6d,0x5f,0x32,0x2c,0x20,0x70,0x61,0x72,0x61,0x6d,0x5f,
    0x33,0x29,0x3b,0x0a,0x20,0x20,0x20,0x20,0x69,0x6e,0x74,0x20,0x70,0x61,0x72,0x61,
    0x6d,0x5f,0x34,0x20,0x3d,0x20,0x69,0x6e,0x74,0x28,0x5f,0x32,0x37,0x35,0x2e,0x68,
    0x75,0x65,0x29,0x3b,0x0a,0x20,0x20,0x20,0x20,0x66,0x6c,0x6f,0x61,0x74,0x20,0x70,
    0x61,0x72,0x61,0x6d,0x5f,0x35,0x20,0x3d,0x20,0x5f,0x32,0x37,0x35,0x2e,0x73,0x61,
    0x74,0x75,0x72,0x61,0x74,0x69,0x6f,0x6e,0x3b,0x0a,0x20,0x20,0x20,0x20,0x66,0x6c,
    0x6f,0x61,0x74,0x20,0x70,0x61,0x72,0x61,0x6d,0x5f,0x36,0x20,0x3d,0x20,0x5f,0x32,
    0x37,0x35,0x2e,0x76,0x61,0x6c,0x75,0x65,0x3b,0x0a,0x20,0x20,0x20,0x20,0x66,0x72,
    0x61,0x67,0x5f,0x63,0x6f,0x6c,0x6f,0x72,0x20,0x3d,0x20,0x5f,0x32,0x34,0x31,0x5f,
    0x75,0x5f,0x74,0x69,0x6e,0x74,0x20,0x2a,0x20,0x68,0x73,0x76,0x32,0x72,0x67,0x62,
    0x28,0x70,0x61,0x72,0x61,0x6d,0x5f,0x34,0x2c,0x20,0x70,0x61,0x72,0x61,0x6d,0x5f,
    0x35,0x2c,0x20,0x70,0x61,0x72,0x61,0x6d,0x5f,0x36,0x29,0x3b,0x0a,0x7d,0x0a,0x0a,
    0x53,0x50,0x49,0x52,0x56,0x5f,0x43,0x72,0x6f,0x73,0x73,0x5f,0x4f,0x75,0x74,0x70,
    0x75,0x74,0x20,0x6d,0x61,0x69,0x6e,0x28,0x53,0x50,0x49,0x52,0x56,0x5f,0x43,0x72,
    0x6f,0x73,0x73,0x5f,0x49,0x6e,0x70,0x75,0x74,0x20,0x73,0x74,0x61,0x67,0x65,0x5f,
    0x69,0x6e,0x70,0x75,0x74,0x29,0x0a,0x7b,0x0a,0x20,0x20,0x20,0x20,0x75,0x76,0x20,
    0x3d,0x20,0x73,0x74,0x61,0x67,0x65,0x5f,0x69,0x6e,0x70,0x75,0x74,0x2e,0x75,0x76,
    0x3b,0x0a,0x20,0x20,0x20,0x20,0x66,0x72,0x61,0x67,0x5f,0x6d,0x61,0x69,0x6e,0x28,
    0x29,0x3b,0x0a,0x20,0x20,0x20,0x20,0x53,0x50,0x49,0x52,0x56,0x5f,0x43,0x72,0x6f,
    0x73,0x73,0x5f,0x4f,0x75,0x74,0x70,0x75,0x74,0x20,0x73,0x74,0x61,0x67,0x65,0x5f,
    0x6f,0x75,0x74,0x70,0x75,0x74,0x3b,0x0a,0x20,0x20,0x20,0x20,0x73,0x74,0x61,0x67,
    0x65,0x5f,0x6f,0x75,0x74,0x70,0x75,0x74,0x2e,0x66,0x72,0x61,0x67,0x5f,0x63,0x6f,
    0x6c,0x6f,0x72,0x20,0x3d,0x20,0x66,0x72,0x61,0x67,0x5f,0x63,0x6f,0x6c,0x6f,0x72,
    0x3b,0x0a,0x20,0x20,0x20,0x20,0x72,0x65,0x74,0x75,0x72,0x6e,0x20,0x73,0x74,0x61,
    0x67,0x65,0x5f,0x6f,0x75,0x74,0x70,0x75,0x74,0x3b,0x0a,0x7d,0x0a,0x00,
};
/*
    cbuffer vs_line_params : register(b0)
    {
        row_major float4x4 _24_u_mvp : packoffset(c0);
    };


    static float4 gl_Position;
    static float4 col;
    static float4 i_col;
    static float3 i_pos;

    struct SPIRV_Cross_Input
    {
        float3 i_pos : TEXCOORD0;
        float4 i_col : TEXCOORD1;
    };

    struct SPIRV_Cross_Output
    {
        float4 col : TEXCOORD0;
        float4 gl_Position : SV_Position;
    };

    void vert_main()
    {
        col = i_col;
        gl_Position = mul(float4(i_pos, 1.0f), _24_u_mvp);
    }

    SPIRV_Cross_Output main(SPIRV_Cross_Input stage_input)
    {
        i_col = stage_input.i_col;
        i_pos = stage_input.i_pos;
        vert_main();
        SPIRV_Cross_Output stage_output;
        stage_output.gl_Position = gl_Position;
        stage_output.col = col;
        return stage_output;
    }
*/
static const uint8_t vs_line_source_hlsl5[741] = {
    0x63,0x62,0x75,0x66,0x66,0x65,0x72,0x20,0x76,0x73,0x5f,0x6c,0x69,0x6e,0x65,0x5f,
    0x70,0x61,0x72,0x61,0x6d,0x73,0x20,0x3a,0x20,0x72,0x65,0x67,0x69,0x73,0x74,0x65,
    0x72,0x28,0x62,0x30,0x29,0x0a,0x7b,0x0a,0x20,0x20,0x20,0x20,0x72,0x6f,0x77,0x5f,
    0x6d,0x61,0x6a,0x6f,0x72,0x20,0x66,0x6c,0x6f,0x61,0x74,0x34,0x78,0x34,0x20,0x5f,
    0x32,0x34,0x5f,0x75,0x5f,0x6d,0x76,0x70,0x20,0x3a,0x20,0x70,0x61,0x63,0x6b,0x6f,
    0x66,0x66,0x73,0x65,0x74,0x28,0x63,0x30,0x29,0x3b,0x0a,0x7d,0x3b,0x0a,0x0a,0x0a,
    0x73,0x74,0x61,0x74,0x69,0x63,0x20,0x66,0x6c,0x6f,0x61,0x74,0x34,0x20,0x67,0x6c,
    0x5f,0x50,0x6f,0x73,0x69,0x74,0x69,0x6f,0x6e,0x3b,0x0a,0x73,0x74,0x61,0x74,0x69,
    0x63,0x20,0x66,0x6c,0x6f,0x61,0x74,0x34,0x20,0x63,0x6f,0x6c,0x3b,0x0a,0x73,0x74,
    0x61,0x74,0x69,0x63,0x20,0x66,0x6c,0x6f,0x61,0x74,0x34,0x20,0x69,0x5f,0x63,0x6f,
    0x6c,0x3b,0x0a,0x73,0x74,0x61,0x74,0x69,0x63,0x20,0x66,0x6c,0x6f,0x61,0x74,0x33,
    0x20,0x69,0x5f,0x70,0x6f,0x73,0x3b,0x0a,0x0a,0x73,0x74,0x72,0x75,0x63,0x74,0x20,
    0x53,0x50,0x49,0x52,0x56,0x5f,0x43,0x72,0x6f,0x73,0x73,0x5f,0x49,0x6e,0x70,0x75,
    0x74,0x0a,0x7b,0x0a,0x20,0x20,0x20,0x20,0x66,0x6c,0x6f,0x61,0x74,0x33,0x20,0x69,
    0x5f,0x70,0x6f,0x73,0x20,0x3a,0x20,0x54,0x45,0x58,0x43,0x4f,0x4f,0x52,0x44,0x30,
    0x3b,0x0a,0x20,0x20,0x20,0x20,0x66,0x6c,0x6f,0x61,0x74,0x34,0x20,0x69,0x5f,0x63,
    0x6f,0x6c,0x20,0x3a,0x20,0x54,0x45,0x58,0x43,0x4f,0x4f,0x52,0x44,0x31,0x3b,0x0a,
    0x7d,0x3b,0x0a,0x0a,0x73,0x74,0x72,0x75,0x63,0x74,0x20,0x53,0x50,0x49,0x52,0x56,
    0x5f,0x43,0x72,0x6f,0x73,0x73,0x5f,0x4f,0x75,0x74,0x70,0x75,0x74,0x0a,0x7b,0x0a,
    0x20,0x20,0x20,0x20,0x66,0x6c,0x6f,0x61,0x74,0x34,0x20,0x63,0x6f,0x6c,0x20,0x3a,
    0x20,0x54,0x45,0x58,0x43,0x4f,0x4f,0x52,0x44,0x30,0x3b,0x0a,0x20,0x20,0x20,0x20,
    0x66,0x6c,0x6f,0x61,0x74,0x34,0x20,0x67,0x6c,0x5f,0x50,0x6f,0x73,0x69,0x74,0x69,
    0x6f,0x6e,0x20,0x3a,0x20,0x53,0x56,0x5f,0x50,0x6f,0x73,0x69,0x74,0x69,0x6f,0x6e,
    0x3b,0x0a,0x7d,0x3b,0x0a,0x0a,0x76,0x6f,0x69,0x64,0x20,0x76,0x65,0x72,0x74,0x5f,
    0x6d,0x61,0x69,0x6e,0x28,0x29,0x0a,0x7b,0x0a,0x20,0x20,0x20,0x20,0x63,0x6f,0x6c,
    0x20,0x3d,0x20,0x69,0x5f,0x63,0x6f,0x6c,0x3b,0x0a,0x20,0x20,0x20,0x20,0x67,0x6c,
    0x5f,0x50,0x6f,0x73,0x69,0x74,0x69,0x6f,0x6e,0x20,0x3d,0x20,0x6d,0x75,0x6c,0x28,
    0x66,0x6c,0x6f,0x61,0x74,0x34,0x28,0x69,0x5f,0x70,0x6f,0x73,0x2c,0x20,0x31,0x2e,
    0x30,0x66,0x29,0x2c,0x20,0x5f,0x32,0x34,0x5f,0x75,0x5f,0x6d,0x76,0x70,0x29,0x3b,
    0x0a,0x7d,0x0a,0x0a,0x53,0x50,0x49,0x52,0x56,0x5f,0x43,0x72,0x6f,0x73,0x73,0x5f,
    0x4f,0x75,0x74,0x70,0x75,0x74,0x20,0x6d,0x61,0x69,0x6e,0x28,0x53,0x50,0x49,0x52,
    0x56,0x5f,0x43,0x72,0x6f,0x73,0x73,0x5f,0x49,0x6e,0x70,0x75,0x74,0x20,0x73,0x74,
    0x61,0x67,0x65,0x5f,0x69,0x6e,0x70,0x75,0x74,0x29,0x0a,0x7b,0x0a,0x20,0x20,0x20,
    0x20,0x69,0x5f,0x63,0x6f,0x6c,0x20,0x3d,0x20,0x73,0x74,0x61,0x67,0x65,0x5f,0x69,
    0x6e,0x70,0x75,0x74,0x2e,0x69,0x5f,0x63,0x6f,0x6c,0x3b,0x0a,0x20,0x20,0x20,0x20,
    0x69,0x5f,0x70,0x6f,0x73,0x20,0x3d,0x20,0x73,0x74,0x61,0x67,0x65,0x5f,0x69,0x6e,
    0x70,0x75,0x74,0x2e,0x69,0x5f,0x70,0x6f,0x73,0x3b,0x0a,0x20,0x20,0x20,0x20,0x76,
    0x65,0x72,0x74,0x5f,0x6d,0x61,0x69,0x6e,0x28,0x29,0x3b,0x0a,0x20,0x20,0x20,0x20,
    0x53,0x50,0x49,0x52,0x56,0x5f,0x43,0x72,0x6f,0x73,0x73,0x5f,0x4f,0x75,0x74,0x70,
    0x75,0x74,0x20,0x73,0x74,0x61,0x67,0x65,0x5f,0x6f,0x75,0x74,0x70,0x75,0x74,0x3b,
    0x0a,0x20,0x20,0x20,0x20,0x73,0x74,0x61,0x67,0x65,0x5f,0x6f,0x75,0x74,0x70,0x75,
    0x74,0x2e,0x67,0x6c,0x5f,0x50,0x6f,0x73,0x69,0x74,0x69,0x6f,0x6e,0x20,0x3d,0x20,
    0x67,0x6c,0x5f,0x50,0x6f,0x73,0x69,0x74,0x69,0x6f,0x6e,0x3b,0x0a,0x20,0x20,0x20,
    0x20,0x73,0x74,0x61,0x67,0x65,0x5f,0x6f,0x75,0x74,0x70,0x75,0x74,0x2e,0x63,0x6f,
    0x6c,0x20,0x3d,0x20,0x63,0x6f,0x6c,0x3b,0x0a,0x20,0x20,0x20,0x20,0x72,0x65,0x74,
    0x75,0x72,0x6e,0x20,0x73,0x74,0x61,0x67,0x65,0x5f,0x6f,0x75,0x74,0x70,0x75,0x74,
    0x3b,0x0a,0x7d,0x0a,0x00,
};
/*
    cbuffer fs_line_params : register(b1)
    {
        float4 _12_u_tint : packoffset(c0);
    };


    static float4 o_frag_col;
    static float4 col;

    struct SPIRV_Cross_Input
    {
        float4 col : TEXCOORD0;
    };

    struct SPIRV_Cross_Output
    {
        float4 o_frag_col : SV_Target0;
    };

    void frag_main()
    {
        o_frag_col = _12_u_tint * col;
    }

    SPIRV_Cross_Output main(SPIRV_Cross_Input stage_input)
    {
        col = stage_input.col;
        frag_main();
        SPIRV_Cross_Output stage_output;
        stage_output.o_frag_col = o_frag_col;
        return stage_output;
    }
*/
static const uint8_t fs_line_source_hlsl5[523] = {
    0x63,0x62,0x75,0x66,0x66,0x65,0x72,0x20,0x66,0x73,0x5f,0x6c,0x69,0x6e,0x65,0x5f,
    0x70,0x61,0x72,0x61,0x6d,0x73,0x20,0x3a,0x20,0x72,0x65,0x67,0x69,0x73,0x74,0x65,
    0x72,0x28,0x62,0x31,0x29,0x0a,0x7b,0x0a,0x20,0x20,0x20,0x20,0x66,0x6c,0x6f,0x61,
    0x74,0x34,0x20,0x5f,0x31,0x32,0x5f,0x75,0x5f,0x74,0x69,0x6e,0x74,0x20,0x3a,0x20,
    0x70,0x61,0x63,0x6b,0x6f,0x66,0x66,0x73,0x65,0x74,0x28,0x63,0x30,0x29,0x3b,0x0a,
    0x7d,0x3b,0x0a,0x0a,0x0a,0x73,0x74,0x61,0x74,0x69,0x63,0x20,0x66,0x6c,0x6f,0x61,
    0x74,0x34,0x20,0x6f,0x5f,0x66,0x72,0x61,0x67,0x5f,0x63,0x6f,0x6c,0x3b,0x0a,0x73,
    0x74,0x61,0x74,0x69,0x63,0x20,0x66,0x6c,0x6f,0x61,0x74,0x34,0x20,0x63,0x6f,0x6c,
    0x3b,0x0a,0x0a,0x73,0x74,0x72,0x75,0x63,0x74,0x20,0x53,0x50,0x49,0x52,0x56,0x5f,
    0x43,0x72,0x6f,0x73,0x73,0x5f,0x49,0x6e,0x70,0x75,0x74,0x0a,0x7b,0x0a,0x20,0x20,
    0x20,0x20,0x66,0x6c,0x6f,0x61,0x74,0x34,0x20,0x63,0x6f,0x6c,0x20,0x3a,0x20,0x54,
    0x45,0x58,0x43,0x4f,0x4f,0x52,0x44,0x30,0x3b,0x0a,0x7d,0x3b,0x0a,0x0a,0x73,0x74,
    0x72,0x75,0x63,0x74,0x20,0x53,0x50,0x49,0x52,0x56,0x5f,0x43,0x72,0x6f,0x73,0x73,
    0x5f,0x4f,0x75,0x74,0x70,0x75,0x74,0x0a,0x7b,0x0a,0x20,0x20,0x20,0x20,0x66,0x6c,
    0x6f,0x61,0x74,0x34,0x20,0x6f,0x5f,0x66,0x72,0x61,0x67,0x5f,0x63,0x6f,0x6c,0x20,
    0x3a,0x20,0x53,0x56,0x5f,0x54,0x61,0x72,0x67,0x65,0x74,0x30,0x3b,0x0a,0x7d,0x3b,
    0x0a,0x0a,0x76,0x6f,0x69,0x64,0x20,0x66,0x72,0x61,0x67,0x5f,0x6d,0x61,0x69,0x6e,
    0x28,0x29,0x0a,0x7b,0x0a,0x20,0x20,0x20,0x20,0x6f,0x5f,0x66,0x72,0x61,0x67,0x5f,
    0x63,0x6f,0x6c,0x20,0x3d,0x20,0x5f,0x31,0x32,0x5f,0x75,0x5f,0x74,0x69,0x6e,0x74,
    0x20,0x2a,0x20,0x63,0x6f,0x6c,0x3b,0x0a,0x7d,0x0a,0x0a,0x53,0x50,0x49,0x52,0x56,
    0x5f,0x43,0x72,0x6f,0x73,0x73,0x5f,0x4f,0x75,0x74,0x70,0x75,0x74,0x20,0x6d,0x61,
    0x69,0x6e,0x28,0x53,0x50,0x49,0x52,0x56,0x5f,0x43,0x72,0x6f,0x73,0x73,0x5f,0x49,
    0x6e,0x70,0x75,0x74,0x20,0x73,0x74,0x61,0x67,0x65,0x5f,0x69,0x6e,0x70,0x75,0x74,
    0x29,0x0a,0x7b,0x0a,0x20,0x20,0x20,0x20,0x63,0x6f,0x6c,0x20,0x3d,0x20,0x73,0x74,
    0x61,0x67,0x65,0x5f,0x69,0x6e,0x70,0x75,0x74,0x2e,0x63,0x6f,0x6c,0x3b,0x0a,0x20,
    0x20,0x20,0x20,0x66,0x72,0x61,0x67,0x5f,0x6d,0x61,0x69,0x6e,0x28,0x29,0x3b,0x0a,
    0x20,0x20,0x20,0x20,0x53,0x50,0x49,0x52,0x56,0x5f,0x43,0x72,0x6f,0x73,0x73,0x5f,
    0x4f,0x75,0x74,0x70,0x75,0x74,0x20,0x73,0x74,0x61,0x67,0x65,0x5f,0x6f,0x75,0x74,
    0x70,0x75,0x74,0x3b,0x0a,0x20,0x20,0x20,0x20,0x73,0x74,0x61,0x67,0x65,0x5f,0x6f,
    0x75,0x74,0x70,0x75,0x74,0x2e,0x6f,0x5f,0x66,0x72,0x61,0x67,0x5f,0x63,0x6f,0x6c,
    0x20,0x3d,0x20,0x6f,0x5f,0x66,0x72,0x61,0x67,0x5f,0x63,0x6f,0x6c,0x3b,0x0a,0x20,
    0x20,0x20,0x20,0x72,0x65,0x74,0x75,0x72,0x6e,0x20,0x73,0x74,0x61,0x67,0x65,0x5f,
    0x6f,0x75,0x74,0x70,0x75,0x74,0x3b,0x0a,0x7d,0x0a,0x00,
};
/*
    cbuffer vs_fontview_params : register(b0)
    {
        float2 _12_u_tl : packoffset(c0);
        float2 _12_u_br : packoffset(c0.z);
    };


    static float4 gl_Position;
    static float2 uv;
    static float2 i_uv;
    static float2 i_pos;

    struct SPIRV_Cross_Input
    {
        float2 i_pos : TEXCOORD0;
        float2 i_uv : TEXCOORD1;
    };

    struct SPIRV_Cross_Output
    {
        float2 uv : TEXCOORD0;
        float4 gl_Position : SV_Position;
    };

    void vert_main()
    {
        uv = _12_u_tl + (i_uv * (_12_u_br - _12_u_tl));
        gl_Position = float4(i_pos, 0.5f, 1.0f);
    }

    SPIRV_Cross_Output main(SPIRV_Cross_Input stage_input)
    {
        i_uv = stage_input.i_uv;
        i_pos = stage_input.i_pos;
        vert_main();
        SPIRV_Cross_Output stage_output;
        stage_output.gl_Position = gl_Position;
        stage_output.uv = uv;
        return stage_output;
    }
*/
static const uint8_t vs_fontview_source_hlsl5[789] = {
    0x63,0x62,0x75,0x66,0x66,0x65,0x72,0x20,0x76,0x73,0x5f,0x66,0x6f,0x6e,0x74,0x76,
    0x69,0x65,0x77,0x5f,0x70,0x61,0x72,0x61,0x6d,0x73,0x20,0x3a,0x20,0x72,0x65,0x67,
    0x69,0x73,0x74,0x65,0x72,0x28,0x62,0x30,0x29,0x0a,0x7b,0x0a,0x20,0x20,0x20,0x20,
    0x66,0x6c,0x6f,0x61,0x74,0x32,0x20,0x5f,0x31,0x32,0x5f,0x75,0x5f,0x74,0x6c,0x20,
    0x3a,0x20,0x70,0x61,0x63,0x6b,0x6f,0x66,0x66,0x73,0x65,0x74,0x28,0x63,0x30,0x29,
    0x3b,0x0a,0x20,0x20,0x20,0x20,0x66,0x6c,0x6f,0x61,0x74,0x32,0x20,0x5f,0x31,0x32,
    0x5f,0x75,0x5f,0x62,0x72,0x20,0x3a,0x20,0x70,0x61,0x63,0x6b,0x6f,0x66,0x66,0x73,
    0x65,0x74,0x28,0x63,0x30,0x2e,0x7a,0x29,0x3b,0x0a,0x7d,0x3b,0x0a,0x0a,0x0a,0x73,
    0x74,0x61,0x74,0x69,0x63,0x20,0x66,0x6c,0x6f,0x61,0x74,0x34,0x20,0x67,0x6c,0x5f,
    0x50,0x6f,0x73,0x69,0x74,0x69,0x6f,0x6e,0x3b,0x0a,0x73,0x74,0x61,0x74,0x69,0x63,
    0x20,0x66,0x6c,0x6f,0x61,0x74,0x32,0x20,0x75,0x76,0x3b,0x0a,0x73,0x74,0x61,0x74,
    0x69,0x63,0x20,0x66,0x6c,0x6f,0x61,0x74,0x32,0x20,0x69,0x5f,0x75,0x76,0x3b,0x0a,
    0x73,0x74,0x61,0x74,0x69,0x63,0x20,0x66,0x6c,0x6f,0x61,0x74,0x32,0x20,0x69,0x5f,
    0x70,0x6f,0x73,0x3b,0x0a,0x0a,0x73,0x74,0x72,0x75,0x63,0x74,0x20,0x53,0x50,0x49,
    0x52,0x56,0x5f,0x43,0x72,0x6f,0x73,0x73,0x5f,0x49,0x6e,0x70,0x75,0x74,0x0a,0x7b,
    0x0a,0x20,0x20,0x20,0x20,0x66,0x6c,0x6f,0x61,0x74,0x32,0x20,0x69,0x5f,0x70,0x6f,
    0x73,0x20,0x3a,0x20,0x54,0x45,0x58,0x43,0x4f,0x4f,0x52,0x44,0x30,0x3b,0x0a,0x20,
    0x20,0x20,0x20,0x66,0x6c,0x6f,0x61,0x74,0x32,0x20,0x69,0x5f,0x75,0x76,0x20,0x3a,
    0x20,0x54,0x45,0x58,0x43,0x4f,0x4f,0x52,0x44,0x31,0x3b,0x0a,0x7d,0x3b,0x0a,0x0a,
    0x73,0x74,0x72,0x75,0x63,0x74,0x20,0x53,0x50,0x49,0x52,0x56,0x5f,0x43,0x72,0x6f,
    0x73,0x73,0x5f,0x4f,0x75,0x74,0x70,0x75,0x74,0x0a,0x7b,0x0a,0x20,0x20,0x20,0x20,
    0x66,0x6c,0x6f,0x61,0x74,0x32,0x20,0x75,0x76,0x20,0x3a,0x20,0x54,0x45,0x58,0x43,
    0x4f,0x4f,0x52,0x44,0x30,0x3b,0x0a,0x20,0x20,0x20,0x20,0x66,0x6c,0x6f,0x61,0x74,
    0x34,0x20,0x67,0x6c,0x5f,0x50,0x6f,0x73,0x69,0x74,0x69,0x6f,0x6e,0x20,0x3a,0x20,
    0x53,0x56,0x5f,0x50,0x6f,0x73,0x69,0x74,0x69,0x6f,0x6e,0x3b,0x0a,0x7d,0x3b,0x0a,
    0x0a,0x76,0x6f,0x69,0x64,0x20,0x76,0x65,0x72,0x74,0x5f,0x6d,0x61,0x69,0x6e,0x28,
    0x29,0x0a,0x7b,0x0a,0x20,0x20,0x20,0x20,0x75,0x76,0x20,0x3d,0x20,0x5f,0x31,0x32,
    0x5f,0x75,0x5f,0x74,0x6c,0x20,0x2b,0x20,0x28,0x69,0x5f,0x75,0x76,0x20,0x2a,0x20,
    0x28,0x5f,0x31,0x32,0x5f,0x75,0x5f,0x62,0x72,0x20,0x2d,0x20,0x5f,0x31,0x32,0x5f,
    0x75,0x5f,0x74,0x6c,0x29,0x29,0x3b,0x0a,0x20,0x20,0x20,0x20,0x67,0x6c,0x5f,0x50,
    0x6f,0x73,0x69,0x74,0x69,0x6f,0x6e,0x20,0x3d,0x20,0x66,0x6c,0x6f,0x61,0x74,0x34,
    0x28,0x69,0x5f,0x70,0x6f,0x73,0x2c,0x20,0x30,0x2e,0x35,0x66,0x2c,0x20,0x31,0x2e,
    0x30,0x66,0x29,0x3b,0x0a,0x7d,0x0a,0x0a,0x53,0x50,0x49,0x52,0x56,0x5f,0x43,0x72,
    0x6f,0x73,0x73,0x5f,0x4f,0x75,0x74,0x70,0x75,0x74,0x20,0x6d,0x61,0x69,0x6e,0x28,
    0x53,0x50,0x49,0x52,0x56,0x5f,0x43,0x72,0x6f,0x73,0x73,0x5f,0x49,0x6e,0x70,0x75,
    0x74,0x20,0x73,0x74,0x61,0x67,0x65,0x5f,0x69,0x6e,0x70,0x75,0x74,0x29,0x0a,0x7b,
    0x0a,0x20,0x20,0x20,0x20,0x69,0x5f,0x75,0x76,0x20,0x3d,0x20,0x73,0x74,0x61,0x67,
    0x65,0x5f,0x69,0x6e,0x70,0x75,0x74,0x2e,0x69,0x5f,0x75,0x76,0x3b,0x0a,0x20,0x20,
    0x20,0x20,0x69,0x5f,0x70,0x6f,0x73,0x20,0x3d,0x20,0x73,0x74,0x61,0x67,0x65,0x5f,
    0x69,0x6e,0x70,0x75,0x74,0x2e,0x69,0x5f,0x70,0x6f,0x73,0x3b,0x0a,0x20,0x20,0x20,
    0x20,0x76,0x65,0x72,0x74,0x5f,0x6d,0x61,0x69,0x6e,0x28,0x29,0x3b,0x0a,0x20,0x20,
    0x20,0x20,0x53,0x50,0x49,0x52,0x56,0x5f,0x43,0x72,0x6f,0x73,0x73,0x5f,0x4f,0x75,
    0x74,0x70,0x75,0x74,0x20,0x73,0x74,0x61,0x67,0x65,0x5f,0x6f,0x75,0x74,0x70,0x75,
    0x74,0x3b,0x0a,0x20,0x20,0x20,0x20,0x73,0x74,0x61,0x67,0x65,0x5f,0x6f,0x75,0x74,
    0x70,0x75,0x74,0x2e,0x67,0x6c,0x5f,0x50,0x6f,0x73,0x69,0x74,0x69,0x6f,0x6e,0x20,
    0x3d,0x20,0x67,0x6c,0x5f,0x50,0x6f,0x73,0x69,0x74,0x69,0x6f,0x6e,0x3b,0x0a,0x20,
    0x20,0x20,0x20,0x73,0x74,0x61,0x67,0x65,0x5f,0x6f,0x75,0x74,0x70,0x75,0x74,0x2e,
    0x75,0x76,0x20,0x3d,0x20,0x75,0x76,0x3b,0x0a,0x20,0x20,0x20,0x20,0x72,0x65,0x74,
    0x75,0x72,0x6e,0x20,0x73,0x74,0x61,0x67,0x65,0x5f,0x6f,0x75,0x74,0x70,0x75,0x74,
    0x3b,0x0a,0x7d,0x0a,0x00,
};
/*
    cbuffer fs_fontview_params : register(b1)
    {
        float4 _12_u_tint : packoffset(c0);
    };

    Texture2D<float4> u_fontview_tex : register(t0);
    SamplerState u_fontview_smp : register(s0);

    static float4 o_frag_col;
    static float2 uv;

    struct SPIRV_Cross_Input
    {
        float2 uv : TEXCOORD0;
    };

    struct SPIRV_Cross_Output
    {
        float4 o_frag_col : SV_Target0;
    };

    void frag_main()
    {
        o_frag_col = _12_u_tint * u_fontview_tex.Sample(u_fontview_smp, uv);
    }

    SPIRV_Cross_Output main(SPIRV_Cross_Input stage_input)
    {
        uv = stage_input.uv;
        frag_main();
        SPIRV_Cross_Output stage_output;
        stage_output.o_frag_col = o_frag_col;
        return stage_output;
    }
*/
static const uint8_t fs_fontview_source_hlsl5[654] = {
    0x63,0x62,0x75,0x66,0x66,0x65,0x72,0x20,0x66,0x73,0x5f,0x66,0x6f,0x6e,0x74,0x76,
    0x69,0x65,0x77,0x5f,0x70,0x61,0x72,0x61,0x6d,0x73,0x20,0x3a,0x20,0x72,0x65,0x67,
    0x69,0x73,0x74,0x65,0x72,0x28,0x62,0x31,0x29,0x0a,0x7b,0x0a,0x20,0x20,0x20,0x20,
    0x66,0x6c,0x6f,0x61,0x74,0x34,0x20,0x5f,0x31,0x32,0x5f,0x75,0x5f,0x74,0x69,0x6e,
    0x74,0x20,0x3a,0x20,0x70,0x61,0x63,0x6b,0x6f,0x66,0x66,0x73,0x65,0x74,0x28,0x63,
    0x30,0x29,0x3b,0x0a,0x7d,0x3b,0x0a,0x0a,0x54,0x65,0x78,0x74,0x75,0x72,0x65,0x32,
    0x44,0x3c,0x66,0x6c,0x6f,0x61,0x74,0x34,0x3e,0x20,0x75,0x5f,0x66,0x6f,0x6e,0x74,
    0x76,0x69,0x65,0x77,0x5f,0x74,0x65,0x78,0x20,0x3a,0x20,0x72,0x65,0x67,0x69,0x73,
    0x74,0x65,0x72,0x28,0x74,0x30,0x29,0x3b,0x0a,0x53,0x61,0x6d,0x70,0x6c,0x65,0x72,
    0x53,0x74,0x61,0x74,0x65,0x20,0x75,0x5f,0x66,0x6f,0x6e,0x74,0x76,0x69,0x65,0x77,
    0x5f,0x73,0x6d,0x70,0x20,0x3a,0x20,0x72,0x65,0x67,0x69,0x73,0x74,0x65,0x72,0x28,
    0x73,0x30,0x29,0x3b,0x0a,0x0a,0x73,0x74,0x61,0x74,0x69,0x63,0x20,0x66,0x6c,0x6f,
    0x61,0x74,0x34,0x20,0x6f,0x5f,0x66,0x72,0x61,0x67,0x5f,0x63,0x6f,0x6c,0x3b,0x0a,
    0x73,0x74,0x61,0x74,0x69,0x63,0x20,0x66,0x6c,0x6f,0x61,0x74,0x32,0x20,0x75,0x76,
    0x3b,0x0a,0x0a,0x73,0x74,0x72,0x75,0x63,0x74,0x20,0x53,0x50,0x49,0x52,0x56,0x5f,
    0x43,0x72,0x6f,0x73,0x73,0x5f,0x49,0x6e,0x70,0x75,0x74,0x0a,0x7b,0x0a,0x20,0x20,
    0x20,0x20,0x66,0x6c,0x6f,0x61,0x74,0x32,0x20,0x75,0x76,0x20,0x3a,0x20,0x54,0x45,
    0x58,0x43,0x4f,0x4f,0x52,0x44,0x30,0x3b,0x0a,0x7d,0x3b,0x0a,0x0a,0x73,0x74,0x72,
    0x75,0x63,0x74,0x20,0x53,0x50,0x49,0x52,0x56,0x5f,0x43,0x72,0x6f,0x73,0x73,0x5f,
    0x4f,0x75,0x74,0x70,0x75,0x74,0x0a,0x7b,0x0a,0x20,0x20,0x20,0x20,0x66,0x6c,0x6f,
    0x61,0x74,0x34,0x20,0x6f,0x5f,0x66,0x72,0x61,0x67,0x5f,0x63,0x6f,0x6c,0x20,0x3a,
    0x20,0x53,0x56,0x5f,0x54,0x61,0x72,0x67,0x65,0x74,0x30,0x3b,0x0a,0x7d,0x3b,0x0a,
    0x0a,0x76,0x6f,0x69,0x64,0x20,0x66,0x72,0x61,0x67,0x5f,0x6d,0x61,0x69,0x6e,0x28,
    0x29,0x0a,0x7b,0x0a,0x20,0x20,0x20,0x20,0x6f,0x5f,0x66,0x72,0x61,0x67,0x5f,0x63,
    0x6f,0x6c,0x20,0x3d,0x20,0x5f,0x31,0x32,0x5f,0x75,0x5f,0x74,0x69,0x6e,0x74,0x20,
    0x2a,0x20,0x75,0x5f,0x66,0x6f,0x6e,0x74,0x76,0x69,0x65,0x77,0x5f,0x74,0x65,0x78,
    0x2e,0x53,0x61,0x6d,0x70,0x6c,0x65,0x28,0x75,0x5f,0x66,0x6f,0x6e,0x74,0x76,0x69,
    0x65,0x77,0x5f,0x73,0x6d,0x70,0x2c,0x20,0x75,0x76,0x29,0x3b,0x0a,0x7d,0x0a,0x0a,
    0x53,0x50,0x49,0x52,0x56,0x5f,0x43,0x72,0x6f,0x73,0x73,0x5f,0x4f,0x75,0x74,0x70,
    0x75,0x74,0x20,0x6d,0x61,0x69,0x6e,0x28,0x53,0x50,0x49,0x52,0x56,0x5f,0x43,0x72,
    0x6f,0x73,0x73,0x5f,0x49,0x6e,0x70,0x75,0x74,0x20,0x73,0x74,0x61,0x67,0x65,0x5f,
    0x69,0x6e,0x70,0x75,0x74,0x29,0x0a,0x7b,0x0a,0x20,0x20,0x20,0x20,0x75,0x76,0x20,
    0x3d,0x20,0x73,0x74,0x61,0x67,0x65,0x5f,0x69,0x6e,0x70,0x75,0x74,0x2e,0x75,0x76,
    0x3b,0x0a,0x20,0x20,0x20,0x20,0x66,0x72,0x61,0x67,0x5f,0x6d,0x61,0x69,0x6e,0x28,
    0x29,0x3b,0x0a,0x20,0x20,0x20,0x20,0x53,0x50,0x49,0x52,0x56,0x5f,0x43,0x72,0x6f,
    0x73,0x73,0x5f,0x4f,0x75,0x74,0x70,0x75,0x74,0x20,0x73,0x74,0x61,0x67,0x65,0x5f,
    0x6f,0x75,0x74,0x70,0x75,0x74,0x3b,0x0a,0x20,0x20,0x20,0x20,0x73,0x74,0x61,0x67,
    0x65,0x5f,0x6f,0x75,0x74,0x70,0x75,0x74,0x2e,0x6f,0x5f,0x66,0x72,0x61,0x67,0x5f,
    0x63,0x6f,0x6c,0x20,0x3d,0x20,0x6f,0x5f,0x66,0x72,0x61,0x67,0x5f,0x63,0x6f,0x6c,
    0x3b,0x0a,0x20,0x20,0x20,0x20,0x72,0x65,0x74,0x75,0x72,0x6e,0x20,0x73,0x74,0x61,
    0x67,0x65,0x5f,0x6f,0x75,0x74,0x70,0x75,0x74,0x3b,0x0a,0x7d,0x0a,0x00,
};
/*
    cbuffer p_vs_skybox : register(b0)
    {
        row_major float4x4 _19_u_mvp : packoffset(c0);
    };


    static float4 gl_Position;
    static float2 uv;
    static float2 i_uv;
    static float3 i_pos;

    struct SPIRV_Cross_Input
    {
        float3 i_pos : TEXCOORD0;
        float2 i_uv : TEXCOORD1;
    };

    struct SPIRV_Cross_Output
    {
        float2 uv : TEXCOORD0;
        float4 gl_Position : SV_Position;
    };

    void vert_main()
    {
        uv = i_uv;
        gl_Position = mul(float4(i_pos, 1.0f), _19_u_mvp).xyww;
    }

    SPIRV_Cross_Output main(SPIRV_Cross_Input stage_input)
    {
        i_uv = stage_input.i_uv;
        i_pos = stage_input.i_pos;
        vert_main();
        SPIRV_Cross_Output stage_output;
        stage_output.gl_Position = gl_Position;
        stage_output.uv = uv;
        return stage_output;
    }
*/
static const uint8_t vs_skybox_source_hlsl5[733] = {
    0x63,0x62,0x75,0x66,0x66,0x65,0x72,0x20,0x70,0x5f,0x76,0x73,0x5f,0x73,0x6b,0x79,
    0x62,0x6f,0x78,0x20,0x3a,0x20,0x72,0x65,0x67,0x69,0x73,0x74,0x65,0x72,0x28,0x62,
    0x30,0x29,0x0a,0x7b,0x0a,0x20,0x20,0x20,0x20,0x72,0x6f,0x77,0x5f,0x6d,0x61,0x6a,
    0x6f,0x72,0x20,0x66,0x6c,0x6f,0x61,0x74,0x34,0x78,0x34,0x20,0x5f,0x31,0x39,0x5f,
    0x75,0x5f,0x6d,0x76,0x70,0x20,0x3a,0x20,0x70,0x61,0x63,0x6b,0x6f,0x66,0x66,0x73,
    0x65,0x74,0x28,0x63,0x30,0x29,0x3b,0x0a,0x7d,0x3b,0x0a,0x0a,0x0a,0x73,0x74,0x61,
    0x74,0x69,0x63,0x20,0x66,0x6c,0x6f,0x61,0x74,0x34,0x20,0x67,0x6c,0x5f,0x50,0x6f,
    0x73,0x69,0x74,0x69,0x6f,0x6e,0x3b,0x0a,0x73,0x74,0x61,0x74,0x69,0x63,0x20,0x66,
    0x6c,0x6f,0x61,0x74,0x32,0x20,0x75,0x76,0x3b,0x0a,0x73,0x74,0x61,0x74,0x69,0x63,
    0x20,0x66,0x6c,0x6f,0x61,0x74,0x32,0x20,0x69,0x5f,0x75,0x76,0x3b,0x0a,0x73,0x74,
    0x61,0x74,0x69,0x63,0x20,0x66,0x6c,0x6f,0x61,0x74,0x33,0x20,0x69,0x5f,0x70,0x6f,
    0x73,0x3b,0x0a,0x0a,0x73,0x74,0x72,0x75,0x63,0x74,0x20,0x53,0x50,0x49,0x52,0x56,
    0x5f,0x43,0x72,0x6f,0x73,0x73,0x5f,0x49,0x6e,0x70,0x75,0x74,0x0a,0x7b,0x0a,0x20,
    0x20,0x20,0x20,0x66,0x6c,0x6f,0x61,0x74,0x33,0x20,0x69,0x5f,0x70,0x6f,0x73,0x20,
    0x3a,0x20,0x54,0x45,0x58,0x43,0x4f,0x4f,0x52,0x44,0x30,0x3b,0x0a,0x20,0x20,0x20,
    0x20,0x66,0x6c,0x6f,0x61,0x74,0x32,0x20,0x69,0x5f,0x75,0x76,0x20,0x3a,0x20,0x54,
    0x45,0x58,0x43,0x4f,0x4f,0x52,0x44,0x31,0x3b,0x0a,0x7d,0x3b,0x0a,0x0a,0x73,0x74,
    0x72,0x75,0x63,0x74,0x20,0x53,0x50,0x49,0x52,0x56,0x5f,0x43,0x72,0x6f,0x73,0x73,
    0x5f,0x4f,0x75,0x74,0x70,0x75,0x74,0x0a,0x7b,0x0a,0x20,0x20,0x20,0x20,0x66,0x6c,
    0x6f,0x61,0x74,0x32,0x20,0x75,0x76,0x20,0x3a,0x20,0x54,0x45,0x58,0x43,0x4f,0x4f,
    0x52,0x44,0x30,0x3b,0x0a,0x20,0x20,0x20,0x20,0x66,0x6c,0x6f,0x61,0x74,0x34,0x20,
    0x67,0x6c,0x5f,0x50,0x6f,0x73,0x69,0x74,0x69,0x6f,0x6e,0x20,0x3a,0x20,0x53,0x56,
    0x5f,0x50,0x6f,0x73,0x69,0x74,0x69,0x6f,0x6e,0x3b,0x0a,0x7d,0x3b,0x0a,0x0a,0x76,
    0x6f,0x69,0x64,0x20,0x76,0x65,0x72,0x74,0x5f,0x6d,0x61,0x69,0x6e,0x28,0x29,0x0a,
    0x7b,0x0a,0x20,0x20,0x20,0x20,0x75,0x76,0x20,0x3d,0x20,0x69,0x5f,0x75,0x76,0x3b,
    0x0a,0x20,0x20,0x20,0x20,0x67,0x6c,0x5f,0x50,0x6f,0x73,0x69,0x74,0x69,0x6f,0x6e,
    0x20,0x3d,0x20,0x6d,0x75,0x6c,0x28,0x66,0x6c,0x6f,0x61,0x74,0x34,0x28,0x69,0x5f,
    0x70,0x6f,0x73,0x2c,0x20,0x31,0x2e,0x30,0x66,0x29,0x2c,0x20,0x5f,0x31,0x39,0x5f,
    0x75,0x5f,0x6d,0x76,0x70,0x29,0x2e,0x78,0x79,0x77,0x77,0x3b,0x0a,0x7d,0x0a,0x0a,
    0x53,0x50,0x49,0x52,0x56,0x5f,0x43,0x72,0x6f,0x73,0x73,0x5f,0x4f,0x75,0x74,0x70,
    0x75,0x74,0x20,0x6d,0x61,0x69,0x6e,0x28,0x53,0x50,0x49,0x52,0x56,0x5f,0x43,0x72,
    0x6f,0x73,0x73,0x5f,0x49,0x6e,0x70,0x75,0x74,0x20,0x73,0x74,0x61,0x67,0x65,0x5f,
    0x69,0x6e,0x70,0x75,0x74,0x29,0x0a,0x7b,0x0a,0x20,0x20,0x20,0x20,0x69,0x5f,0x75,
    0x76,0x20,0x3d,0x20,0x73,0x74,0x61,0x67,0x65,0x5f,0x69,0x6e,0x70,0x75,0x74,0x2e,
    0x69,0x5f,0x75,0x76,0x3b,0x0a,0x20,0x20,0x20,0x20,0x69,0x5f,0x70,0x6f,0x73,0x20,
    0x3d,0x20,0x73,0x74,0x61,0x67,0x65,0x5f,0x69,0x6e,0x70,0x75,0x74,0x2e,0x69,0x5f,
    0x70,0x6f,0x73,0x3b,0x0a,0x20,0x20,0x20,0x20,0x76,0x65,0x72,0x74,0x5f,0x6d,0x61,
    0x69,0x6e,0x28,0x29,0x3b,0x0a,0x20,0x20,0x20,0x20,0x53,0x50,0x49,0x52,0x56,0x5f,
    0x43,0x72,0x6f,0x73,0x73,0x5f,0x4f,0x75,0x74,0x70,0x75,0x74,0x20,0x73,0x74,0x61,
    0x67,0x65,0x5f,0x6f,0x75,0x74,0x70,0x75,0x74,0x3b,0x0a,0x20,0x20,0x20,0x20,0x73,
    0x74,0x61,0x67,0x65,0x5f,0x6f,0x75,0x74,0x70,0x75,0x74,0x2e,0x67,0x6c,0x5f,0x50,
    0x6f,0x73,0x69,0x74,0x69,0x6f,0x6e,0x20,0x3d,0x20,0x67,0x6c,0x5f,0x50,0x6f,0x73,
    0x69,0x74,0x69,0x6f,0x6e,0x3b,0x0a,0x20,0x20,0x20,0x20,0x73,0x74,0x61,0x67,0x65,
    0x5f,0x6f,0x75,0x74,0x70,0x75,0x74,0x2e,0x75,0x76,0x20,0x3d,0x20,0x75,0x76,0x3b,
    0x0a,0x20,0x20,0x20,0x20,0x72,0x65,0x74,0x75,0x72,0x6e,0x20,0x73,0x74,0x61,0x67,
    0x65,0x5f,0x6f,0x75,0x74,0x70,0x75,0x74,0x3b,0x0a,0x7d,0x0a,0x00,
};
/*
    Texture2D<float4> b_skybox_tex : register(t0);
    SamplerState b_skybox_smp : register(s0);

    static float4 o_frag_col;
    static float2 uv;

    struct SPIRV_Cross_Input
    {
        float2 uv : TEXCOORD0;
    };

    struct SPIRV_Cross_Output
    {
        float4 o_frag_col : SV_Target0;
    };

    void frag_main()
    {
        o_frag_col = b_skybox_tex.Sample(b_skybox_smp, uv);
    }

    SPIRV_Cross_Output main(SPIRV_Cross_Input stage_input)
    {
        uv = stage_input.uv;
        frag_main();
        SPIRV_Cross_Output stage_output;
        stage_output.o_frag_col = o_frag_col;
        return stage_output;
    }
*/
static const uint8_t fs_skybox_source_hlsl5[545] = {
    0x54,0x65,0x78,0x74,0x75,0x72,0x65,0x32,0x44,0x3c,0x66,0x6c,0x6f,0x61,0x74,0x34,
    0x3e,0x20,0x62,0x5f,0x73,0x6b,0x79,0x62,0x6f,0x78,0x5f,0x74,0x65,0x78,0x20,0x3a,
    0x20,0x72,0x65,0x67,0x69,0x73,0x74,0x65,0x72,0x28,0x74,0x30,0x29,0x3b,0x0a,0x53,
    0x61,0x6d,0x70,0x6c,0x65,0x72,0x53,0x74,0x61,0x74,0x65,0x20,0x62,0x5f,0x73,0x6b,
    0x79,0x62,0x6f,0x78,0x5f,0x73,0x6d,0x70,0x20,0x3a,0x20,0x72,0x65,0x67,0x69,0x73,
    0x74,0x65,0x72,0x28,0x73,0x30,0x29,0x3b,0x0a,0x0a,0x73,0x74,0x61,0x74,0x69,0x63,
    0x20,0x66,0x6c,0x6f,0x61,0x74,0x34,0x20,0x6f,0x5f,0x66,0x72,0x61,0x67,0x5f,0x63,
    0x6f,0x6c,0x3b,0x0a,0x73,0x74,0x61,0x74,0x69,0x63,0x20,0x66,0x6c,0x6f,0x61,0x74,
    0x32,0x20,0x75,0x76,0x3b,0x0a,0x0a,0x73,0x74,0x72,0x75,0x63,0x74,0x20,0x53,0x50,
    0x49,0x52,0x56,0x5f,0x43,0x72,0x6f,0x73,0x73,0x5f,0x49,0x6e,0x70,0x75,0x74,0x0a,
    0x7b,0x0a,0x20,0x20,0x20,0x20,0x66,0x6c,0x6f,0x61,0x74,0x32,0x20,0x75,0x76,0x20,
    0x3a,0x20,0x54,0x45,0x58,0x43,0x4f,0x4f,0x52,0x44,0x30,0x3b,0x0a,0x7d,0x3b,0x0a,
    0x0a,0x73,0x74,0x72,0x75,0x63,0x74,0x20,0x53,0x50,0x49,0x52,0x56,0x5f,0x43,0x72,
    0x6f,0x73,0x73,0x5f,0x4f,0x75,0x74,0x70,0x75,0x74,0x0a,0x7b,0x0a,0x20,0x20,0x20,
    0x20,0x66,0x6c,0x6f,0x61,0x74,0x34,0x20,0x6f,0x5f,0x66,0x72,0x61,0x67,0x5f,0x63,
    0x6f,0x6c,0x20,0x3a,0x20,0x53,0x56,0x5f,0x54,0x61,0x72,0x67,0x65,0x74,0x30,0x3b,
    0x0a,0x7d,0x3b,0x0a,0x0a,0x76,0x6f,0x69,0x64,0x20,0x66,0x72,0x61,0x67,0x5f,0x6d,
    0x61,0x69,0x6e,0x28,0x29,0x0a,0x7b,0x0a,0x20,0x20,0x20,0x20,0x6f,0x5f,0x66,0x72,
    0x61,0x67,0x5f,0x63,0x6f,0x6c,0x20,0x3d,0x20,0x62,0x5f,0x73,0x6b,0x79,0x62,0x6f,
    0x78,0x5f,0x74,0x65,0x78,0x2e,0x53,0x61,0x6d,0x70,0x6c,0x65,0x28,0x62,0x5f,0x73,
    0x6b,0x79,0x62,0x6f,0x78,0x5f,0x73,0x6d,0x70,0x2c,0x20,0x75,0x76,0x29,0x3b,0x0a,
    0x7d,0x0a,0x0a,0x53,0x50,0x49,0x52,0x56,0x5f,0x43,0x72,0x6f,0x73,0x73,0x5f,0x4f,
    0x75,0x74,0x70,0x75,0x74,0x20,0x6d,0x61,0x69,0x6e,0x28,0x53,0x50,0x49,0x52,0x56,
    0x5f,0x43,0x72,0x6f,0x73,0x73,0x5f,0x49,0x6e,0x70,0x75,0x74,0x20,0x73,0x74,0x61,
    0x67,0x65,0x5f,0x69,0x6e,0x70,0x75,0x74,0x29,0x0a,0x7b,0x0a,0x20,0x20,0x20,0x20,
    0x75,0x76,0x20,0x3d,0x20,0x73,0x74,0x61,0x67,0x65,0x5f,0x69,0x6e,0x70,0x75,0x74,
    0x2e,0x75,0x76,0x3b,0x0a,0x20,0x20,0x20,0x20,0x66,0x72,0x61,0x67,0x5f,0x6d,0x61,
    0x69,0x6e,0x28,0x29,0x3b,0x0a,0x20,0x20,0x20,0x20,0x53,0x50,0x49,0x52,0x56,0x5f,
    0x43,0x72,0x6f,0x73,0x73,0x5f,0x4f,0x75,0x74,0x70,0x75,0x74,0x20,0x73,0x74,0x61,
    0x67,0x65,0x5f,0x6f,0x75,0x74,0x70,0x75,0x74,0x3b,0x0a,0x20,0x20,0x20,0x20,0x73,
    0x74,0x61,0x67,0x65,0x5f,0x6f,0x75,0x74,0x70,0x75,0x74,0x2e,0x6f,0x5f,0x66,0x72,
    0x61,0x67,0x5f,0x63,0x6f,0x6c,0x20,0x3d,0x20,0x6f,0x5f,0x66,0x72,0x61,0x67,0x5f,
    0x63,0x6f,0x6c,0x3b,0x0a,0x20,0x20,0x20,0x20,0x72,0x65,0x74,0x75,0x72,0x6e,0x20,
    0x73,0x74,0x61,0x67,0x65,0x5f,0x6f,0x75,0x74,0x70,0x75,0x74,0x3b,0x0a,0x7d,0x0a,
    0x00,
};
/*
    cbuffer p_vs_shadow_map : register(b0)
    {
        row_major float4x4 _14_u_model : packoffset(c0);
        row_major float4x4 _14_u_mvp : packoffset(c4);
    };


    static float4 gl_Position;
    static float3 pos;
    static float3 i_pos;
    static float3 i_norm;
    static float2 i_uv;

    struct SPIRV_Cross_Input
    {
        float3 i_pos : TEXCOORD0;
        float3 i_norm : TEXCOORD1;
        float2 i_uv : TEXCOORD2;
    };

    struct SPIRV_Cross_Output
    {
        float3 pos : TEXCOORD0;
        float4 gl_Position : SV_Position;
    };

    void vert_main()
    {
        float4 _27 = float4(i_pos, 1.0f);
        pos = mul(_27, _14_u_model).xyz;
        gl_Position = mul(_27, _14_u_mvp);
    }

    SPIRV_Cross_Output main(SPIRV_Cross_Input stage_input)
    {
        i_pos = stage_input.i_pos;
        i_norm = stage_input.i_norm;
        i_uv = stage_input.i_uv;
        vert_main();
        SPIRV_Cross_Output stage_output;
        stage_output.gl_Position = gl_Position;
        stage_output.pos = pos;
        return stage_output;
    }
*/
static const uint8_t vs_shadow_map_source_hlsl5[919] = {
    0x63,0x62,0x75,0x66,0x66,0x65,0x72,0x20,0x70,0x5f,0x76,0x73,0x5f,0x73,0x68,0x61,
    0x64,0x6f,0x77,0x5f,0x6d,0x61,0x70,0x20,0x3a,0x20,0x72,0x65,0x67,0x69,0x73,0x74,
    0x65,0x72,0x28,0x62,0x30,0x29,0x0a,0x7b,0x0a,0x20,0x20,0x20,0x20,0x72,0x6f,0x77,
    0x5f,0x6d,0x61,0x6a,0x6f,0x72,0x20,0x66,0x6c,0x6f,0x61,0x74,0x34,0x78,0x34,0x20,
    0x5f,0x31,0x34,0x5f,0x75,0x5f,0x6d,0x6f,0x64,0x65,0x6c,0x20,0x3a,0x20,0x70,0x61,
    0x63,0x6b,0x6f,0x66,0x66,0x73,0x65,0x74,0x28,0x63,0x30,0x29,0x3b,0x0a,0x20,0x20,
    0x20,0x20,0x72,0x6f,0x77,0x5f,0x6d,0x61,0x6a,0x6f,0x72,0x20,0x66,0x6c,0x6f,0x61,
    0x74,0x34,0x78,0x34,0x20,0x5f,0x31,0x34,0x5f,0x75,0x5f,0x6d,0x76,0x70,0x20,0x3a,
    0x20,0x70,0x61,0x63,0x6b,0x6f,0x66,0x66,0x73,0x65,0x74,0x28,0x63,0x34,0x29,0x3b,
    0x0a,0x7d,0x3b,0x0a,0x0a,0x0a,0x73,0x74,0x61,0x74,0x69,0x63,0x20,0x66,0x6c,0x6f,
    0x61,0x74,0x34,0x20,0x67,0x6c,0x5f,0x50,0x6f,0x73,0x69,0x74,0x69,0x6f,0x6e,0x3b,
    0x0a,0x73,0x74,0x61,0x74,0x69,0x63,0x20,0x66,0x6c,0x6f,0x61,0x74,0x33,0x20,0x70,
    0x6f,0x73,0x3b,0x0a,0x73,0x74,0x61,0x74,0x69,0x63,0x20,0x66,0x6c,0x6f,0x61,0x74,
    0x33,0x20,0x69,0x5f,0x70,0x6f,0x73,0x3b,0x0a,0x73,0x74,0x61,0x74,0x69,0x63,0x20,
    0x66,0x6c,0x6f,0x61,0x74,0x33,0x20,0x69,0x5f,0x6e,0x6f,0x72,0x6d,0x3b,0x0a,0x73,
    0x74,0x61,0x74,0x69,0x63,0x20,0x66,0x6c,0x6f,0x61,0x74,0x32,0x20,0x69,0x5f,0x75,
    0x76,0x3b,0x0a,0x0a,0x73,0x74,0x72,0x75,0x63,0x74,0x20,0x53,0x50,0x49,0x52,0x56,
    0x5f,0x43,0x72,0x6f,0x73,0x73,0x5f,0x49,0x6e,0x70,0x75,0x74,0x0a,0x7b,0x0a,0x20,
    0x20,0x20,0x20,0x66,0x6c,0x6f,0x61,0x74,0x33,0x20,0x69,0x5f,0x70,0x6f,0x73,0x20,
    0x3a,0x20,0x54,0x45,0x58,0x43,0x4f,0x4f,0x52,0x44,0x30,0x3b,0x0a,0x20,0x20,0x20,
    0x20,0x66,0x6c,0x6f,0x61,0x74,0x33,0x20,0x69,0x5f,0x6e,0x6f,0x72,0x6d,0x20,0x3a,
    0x20,0x54,0x45,0x58,0x43,0x4f,0x4f,0x52,0x44,0x31,0x3b,0x0a,0x20,0x20,0x20,0x20,
    0x66,0x6c,0x6f,0x61,0x74,0x32,0x20,0x69,0x5f,0x75,0x76,0x20,0x3a,0x20,0x54,0x45,
    0x58,0x43,0x4f,0x4f,0x52,0x44,0x32,0x3b,0x0a,0x7d,0x3b,0x0a,0x0a,0x73,0x74,0x72,
    0x75,0x63,0x74,0x20,0x53,0x50,0x49,0x52,0x56,0x5f,0x43,0x72,0x6f,0x73,0x73,0x5f,
    0x4f,0x75,0x74,0x70,0x75,0x74,0x0a,0x7b,0x0a,0x20,0x20,0x20,0x20,0x66,0x6c,0x6f,
    0x61,0x74,0x33,0x20,0x70,0x6f,0x73,0x20,0x3a,0x20,0x54,0x45,0x58,0x43,0x4f,0x4f,
    0x52,0x44,0x30,0x3b,0x0a,0x20,0x20,0x20,0x20,0x66,0x6c,0x6f,0x61,0x74,0x34,0x20,
    0x67,0x6c,0x5f,0x50,0x6f,0x73,0x69,0x74,0x69,0x6f,0x6e,0x20,0x3a,0x20,0x53,0x56,
    0x5f,0x50,0x6f,0x73,0x69,0x74,0x69,0x6f,0x6e,0x3b,0x0a,0x7d,0x3b,0x0a,0x0a,0x76,
    0x6f,0x69,0x64,0x20,0x76,0x65,0x72,0x74,0x5f,0x6d,0x61,0x69,0x6e,0x28,0x29,0x0a,
    0x7b,0x0a,0x20,0x20,0x20,0x20,0x66,0x6c,0x6f,0x61,0x74,0x34,0x20,0x5f,0x32,0x37,
    0x20,0x3d,0x20,0x66,0x6c,0x6f,0x61,0x74,0x34,0x28,0x69,0x5f,0x70,0x6f,0x73,0x2c,
    0x20,0x31,0x2e,0x30,0x66,0x29,0x3b,0x0a,0x20,0x20,0x20,0x20,0x70,0x6f,0x73,0x20,
    0x3d,0x20,0x6d,0x75,0x6c,0x28,0x5f,0x32,0x37,0x2c,0x20,0x5f,0x31,0x34,0x5f,0x75,
    0x5f,0x6d,0x6f,0x64,0x65,0x6c,0x29,0x2e,0x78,0x79,0x7a,0x3b,0x0a,0x20,0x20,0x20,
    0x20,0x67,0x6c,0x5f,0x50,0x6f,0x73,0x69,0x74,0x69,0x6f,0x6e,0x20,0x3d,0x20,0x6d,
    0x75,0x6c,0x28,0x5f,0x32,0x37,0x2c,0x20,0x5f,0x31,0x34,0x5f,0x75,0x5f,0x6d,0x76,
    0x70,0x29,0x3b,0x0a,0x7d,0x0a,0x0a,0x53,0x50,0x49,0x52,0x56,0x5f,0x43,0x72,0x6f,
    0x73,0x73,0x5f,0x4f,0x75,0x74,0x70,0x75,0x74,0x20,0x6d,0x61,0x69,0x6e,0x28,0x53,
    0x50,0x49,0x52,0x56,0x5f,0x43,0x72,0x6f,0x73,0x73,0x5f,0x49,0x6e,0x70,0x75,0x74,
    0x20,0x73,0x74,0x61,0x67,0x65,0x5f,0x69,0x6e,0x70,0x75,0x74,0x29,0x0a,0x7b,0x0a,
    0x20,0x20,0x20,0x20,0x69,0x5f,0x70,0x6f,0x73,0x20,0x3d,0x20,0x73,0x74,0x61,0x67,
    0x65,0x5f,0x69,0x6e,0x70,0x75,0x74,0x2e,0x69,0x5f,0x70,0x6f,0x73,0x3b,0x0a,0x20,
    0x20,0x20,0x20,0x69,0x5f,0x6e,0x6f,0x72,0x6d,0x20,0x3d,0x20,0x73,0x74,0x61,0x67,
    0x65,0x5f,0x69,0x6e,0x70,0x75,0x74,0x2e,0x69,0x5f,0x6e,0x6f,0x72,0x6d,0x3b,0x0a,
    0x20,0x20,0x20,0x20,0x69,0x5f,0x75,0x76,0x20,0x3d,0x20,0x73,0x74,0x61,0x67,0x65,
    0x5f,0x69,0x6e,0x70,0x75,0x74,0x2e,0x69,0x5f,0x75,0x76,0x3b,0x0a,0x20,0x20,0x20,
    0x20,0x76,0x65,0x72,0x74,0x5f,0x6d,0x61,0x69,0x6e,0x28,0x29,0x3b,0x0a,0x20,0x20,
    0x20,0x20,0x53,0x50,0x49,0x52,0x56,0x5f,0x43,0x72,0x6f,0x73,0x73,0x5f,0x4f,0x75,
    0x74,0x70,0x75,0x74,0x20,0x73,0x74,0x61,0x67,0x65,0x5f,0x6f,0x75,0x74,0x70,0x75,
    0x74,0x3b,0x0a,0x20,0x20,0x20,0x20,0x73,0x74,0x61,0x67,0x65,0x5f,0x6f,0x75,0x74,
    0x70,0x75,0x74,0x2e,0x67,0x6c,0x5f,0x50,0x6f,0x73,0x69,0x74,0x69,0x6f,0x6e,0x20,
    0x3d,0x20,0x67,0x6c,0x5f,0x50,0x6f,0x73,0x69,0x74,0x69,0x6f,0x6e,0x3b,0x0a,0x20,
    0x20,0x20,0x20,0x73,0x74,0x61,0x67,0x65,0x5f,0x6f,0x75,0x74,0x70,0x75,0x74,0x2e,
    0x70,0x6f,0x73,0x20,0x3d,0x20,0x70,0x6f,0x73,0x3b,0x0a,0x20,0x20,0x20,0x20,0x72,
    0x65,0x74,0x75,0x72,0x6e,0x20,0x73,0x74,0x61,0x67,0x65,0x5f,0x6f,0x75,0x74,0x70,
    0x75,0x74,0x3b,0x0a,0x7d,0x0a,0x00,
};
/*
    cbuffer p_fs_shadow_map : register(b1)
    {
        float3 _37_u_light_pos : packoffset(c0);
        float _37_u_cam_near : packoffset(c0.w);
        float _37_u_cam_far : packoffset(c1);
    };


    static float3 pos;
    static float4 o_frag_col;

    struct SPIRV_Cross_Input
    {
        float3 pos : TEXCOORD0;
    };

    struct SPIRV_Cross_Output
    {
        float4 o_frag_col : SV_Target0;
    };

    float4 encodeFloat(float f)
    {
        float4 _22 = frac(float4(1.0f, 255.0f, 65025.0f, 16581375.0f) * f);
        return _22 - (_22.yzwx * float4(0.0039215688593685626983642578125f, 0.0039215688593685626983642578125f, 0.0039215688593685626983642578125f, 0.0f));
    }

    void frag_main()
    {
        float param = (length(_37_u_light_pos - pos) - _37_u_cam_near) / (_37_u_cam_far - _37_u_cam_near);
        o_frag_col = encodeFloat(param);
    }

    SPIRV_Cross_Output main(SPIRV_Cross_Input stage_input)
    {
        pos = stage_input.pos;
        frag_main();
        SPIRV_Cross_Output stage_output;
        stage_output.o_frag_col = o_frag_col;
        return stage_output;
    }
*/
static const uint8_t fs_shadow_map_source_hlsl5[978] = {
    0x63,0x62,0x75,0x66,0x66,0x65,0x72,0x20,0x70,0x5f,0x66,0x73,0x5f,0x73,0x68,0x61,
    0x64,0x6f,0x77,0x5f,0x6d,0x61,0x70,0x20,0x3a,0x20,0x72,0x65,0x67,0x69,0x73,0x74,
    0x65,0x72,0x28,0x62,0x31,0x29,0x0a,0x7b,0x0a,0x20,0x20,0x20,0x20,0x66,0x6c,0x6f,
    0x61,0x74,0x33,0x20,0x5f,0x33,0x37,0x5f,0x75,0x5f,0x6c,0x69,0x67,0x68,0x74,0x5f,
    0x70,0x6f,0x73,0x20,0x3a,0x20,0x70,0x61,0x63,0x6b,0x6f,0x66,0x66,0x73,0x65,0x74,
    0x28,0x63,0x30,0x29,0x3b,0x0a,0x20,0x20,0x20,0x20,0x66,0x6c,0x6f,0x61,0x74,0x20,
    0x5f,0x33,0x37,0x5f,0x75,0x5f,0x63,0x61,0x6d,0x5f,0x6e,0x65,0x61,0x72,0x20,0x3a,
    0x20,0x70,0x61,0x63,0x6b,0x6f,0x66,0x66,0x73,0x65,0x74,0x28,0x63,0x30,0x2e,0x77,
    0x29,0x3b,0x0a,0x20,0x20,0x20,0x20,0x66,0x6c,0x6f,0x61,0x74,0x20,0x5f,0x33,0x37,
    0x5f,0x75,0x5f,0x63,0x61,0x6d,0x5f,0x66,0x61,0x72,0x20,0x3a,0x20,0x70,0x61,0x63,
    0x6b,0x6f,0x66,0x66,0x73,0x65,0x74,0x28,0x63,0x31,0x29,0x3b,0x0a,0x7d,0x3b,0x0a,
    0x0a,0x0a,0x73,0x74,0x61,0x74,0x69,0x63,0x20,0x66,0x6c,0x6f,0x61,0x74,0x33,0x20,
    0x70,0x6f,0x73,0x3b,0x0a,0x73,0x74,0x61,0x74,0x69,0x63,0x20,0x66,0x6c,0x6f,0x61,
    0x74,0x34,0x20,0x6f,0x5f,0x66,0x72,0x61,0x67,0x5f,0x63,0x6f,0x6c,0x3b,0x0a,0x0a,
    0x73,0x74,0x72,0x75,0x63,0x74,0x20,0x53,0x50,0x49,0x52,0x56,0x5f,0x43,0x72,0x6f,
    0x73,0x73,0x5f,0x49,0x6e,0x70,0x75,0x74,0x0a,0x7b,0x0a,0x20,0x20,0x20,0x20,0x66,
    0x6c,0x6f,0x61,0x74,0x33,0x20,0x70,0x6f,0x73,0x20,0x3a,0x20,0x54,0x45,0x58,0x43,
    0x4f,0x4f,0x52,0x44,0x30,0x3b,0x0a,0x7d,0x3b,0x0a,0x0a,0x73,0x74,0x72,0x75,0x63,
    0x74,0x20,0x53,0x50,0x49,0x52,0x56,0x5f,0x43,0x72,0x6f,0x73,0x73,0x5f,0x4f,0x75,
    0x74,0x70,0x75,0x74,0x0a,0x7b,0x0a,0x20,0x20,0x20,0x20,0x66,0x6c,0x6f,0x61,0x74,
    0x34,0x20,0x6f,0x5f,0x66,0x72,0x61,0x67,0x5f,0x63,0x6f,0x6c,0x20,0x3a,0x20,0x53,
    0x56,0x5f,0x54,0x61,0x72,0x67,0x65,0x74,0x30,0x3b,0x0a,0x7d,0x3b,0x0a,0x0a,0x66,
    0x6c,0x6f,0x61,0x74,0x34,0x20,0x65,0x6e,0x63,0x6f,0x64,0x65,0x46,0x6c,0x6f,0x61,
    0x74,0x28,0x66,0x6c,0x6f,0x61,0x74,0x20,0x66,0x29,0x0a,0x7b,0x0a,0x20,0x20,0x20,
    0x20,0x66,0x6c,0x6f,0x61,0x74,0x34,0x20,0x5f,0x32,0x32,0x20,0x3d,0x20,0x66,0x72,
    0x61,0x63,0x28,0x66,0x6c,0x6f,0x61,0x74,0x34,0x28,0x31,0x2e,0x30,0x66,0x2c,0x20,
    0x32,0x35,0x35,0x2e,0x30,0x66,0x2c,0x20,0x36,0x35,0x30,0x32,0x35,0x2e,0x30,0x66,
    0x2c,0x20,0x31,0x36,0x35,0x38,0x31,0x33,0x37,0x35,0x2e,0x30,0x66,0x29,0x20,0x2a,
    0x20,0x66,0x29,0x3b,0x0a,0x20,0x20,0x20,0x20,0x72,0x65,0x74,0x75,0x72,0x6e,0x20,
    0x5f,0x32,0x32,0x20,0x2d,0x20,0x28,0x5f,0x32,0x32,0x2e,0x79,0x7a,0x77,0x78,0x20,
    0x2a,0x20,0x66,0x6c,0x6f,0x61,0x74,0x34,0x28,0x30,0x2e,0x30,0x30,0x33,0x39,0x32,
    0x31,0x35,0x36,0x38,0x38,0x35,0x39,0x33,0x36,0x38,0x35,0x36,0x32,0x36,0x39,0x38,
    0x33,0x36,0x34,0x32,0x35,0x37,0x38,0x31,0x32,0x35,0x66,0x2c,0x20,0x30,0x2e,0x30,
    0x30,0x33,0x39,0x32,0x31,0x35,0x36,0x38,0x38,0x35,0x39,0x33,0x36,0x38,0x35,0x36,
    0x32,0x36,0x39,0x38,0x33,0x36,0x34,0x32,0x35,0x37,0x38,0x31,0x32,0x35,0x66,0x2c,
    0x20,0x30,0x2e,0x30,0x30,0x33,0x39,0x32,0x31,0x35,0x36,0x38,0x38,0x35,0x39,0x33,
    0x36,0x38,0x35,0x36,0x32,0x36,0x39,0x38,0x33,0x36,0x34,0x32,0x35,0x37,0x38,0x31,
    0x32,0x35,0x66,0x2c,0x20,0x30,0x2e,0x30,0x66,0x29,0x29,0x3b,0x0a,0x7d,0x0a,0x0a,
    0x76,0x6f,0x69,0x64,0x20,0x66,0x72,0x61,0x67,0x5f,0x6d,0x61,0x69,0x6e,0x28,0x29,
    0x0a,0x7b,0x0a,0x20,0x20,0x20,0x20,0x66,0x6c,0x6f,0x61,0x74,0x20,0x70,0x61,0x72,
    0x61,0x6d,0x20,0x3d,0x20,0x28,0x6c,0x65,0x6e,0x67,0x74,0x68,0x28,0x5f,0x33,0x37,
    0x5f,0x75,0x5f,0x6c,0x69,0x67,0x68,0x74,0x5f,0x70,0x6f,0x73,0x20,0x2d,0x20,0x70,
    0x6f,0x73,0x29,0x20,0x2d,0x20,0x5f,0x33,0x37,0x5f,0x75,0x5f,0x63,0x61,0x6d,0x5f,
    0x6e,0x65,0x61,0x72,0x29,0x20,0x2f,0x20,0x28,0x5f,0x33,0x37,0x5f,0x75,0x5f,0x63,
    0x61,0x6d,0x5f,0x66,0x61,0x72,0x20,0x2d,0x20,0x5f,0x33,0x37,0x5f,0x75,0x5f,0x63,
    0x61,0x6d,0x5f,0x6e,0x65,0x61,0x72,0x29,0x3b,0x0a,0x20,0x20,0x20,0x20,0x6f,0x5f,
    0x66,0x72,0x61,0x67,0x5f,0x63,0x6f,0x6c,0x20,0x3d,0x20,0x65,0x6e,0x63,0x6f,0x64,
    0x65,0x46,0x6c,0x6f,0x61,0x74,0x28,0x70,0x61,0x72,0x61,0x6d,0x29,0x3b,0x0a,0x7d,
    0x0a,0x0a,0x53,0x50,0x49,0x52,0x56,0x5f,0x43,0x72,0x6f,0x73,0x73,0x5f,0x4f,0x75,
    0x74,0x70,0x75,0x74,0x20,0x6d,0x61,0x69,0x6e,0x28,0x53,0x50,0x49,0x52,0x56,0x5f,
    0x43,0x72,0x6f,0x73,0x73,0x5f,0x49,0x6e,0x70,0x75,0x74,0x20,0x73,0x74,0x61,0x67,
    0x65,0x5f,0x69,0x6e,0x70,0x75,0x74,0x29,0x0a,0x7b,0x0a,0x20,0x20,0x20,0x20,0x70,
    0x6f,0x73,0x20,0x3d,0x20,0x73,0x74,0x61,0x67,0x65,0x5f,0x69,0x6e,0x70,0x75,0x74,
    0x2e,0x70,0x6f,0x73,0x3b,0x0a,0x20,0x20,0x20,0x20,0x66,0x72,0x61,0x67,0x5f,0x6d,
    0x61,0x69,0x6e,0x28,0x29,0x3b,0x0a,0x20,0x20,0x20,0x20,0x53,0x50,0x49,0x52,0x56,
    0x5f,0x43,0x72,0x6f,0x73,0x73,0x5f,0x4f,0x75,0x74,0x70,0x75,0x74,0x20,0x73,0x74,
    0x61,0x67,0x65,0x5f,0x6f,0x75,0x74,0x70,0x75,0x74,0x3b,0x0a,0x20,0x20,0x20,0x20,
    0x73,0x74,0x61,0x67,0x65,0x5f,0x6f,0x75,0x74,0x70,0x75,0x74,0x2e,0x6f,0x5f,0x66,
    0x72,0x61,0x67,0x5f,0x63,0x6f,0x6c,0x20,0x3d,0x20,0x6f,0x5f,0x66,0x72,0x61,0x67,
    0x5f,0x63,0x6f,0x6c,0x3b,0x0a,0x20,0x20,0x20,0x20,0x72,0x65,0x74,0x75,0x72,0x6e,
    0x20,0x73,0x74,0x61,0x67,0x65,0x5f,0x6f,0x75,0x74,0x70,0x75,0x74,0x3b,0x0a,0x7d,
    0x0a,0x00,
};
/*
    #include <metal_stdlib>
    #include <simd/simd.h>

    using namespace metal;

    struct p_vs_mesh
    {
        float4x4 u_mvp;
    };

    struct main0_out
    {
        float4 gl_Position [[position]];
    };

    struct main0_in
    {
        float3 i_pos [[attribute(0)]];
    };

    vertex main0_out main0(main0_in in [[stage_in]], constant p_vs_mesh& _19 [[buffer(0)]])
    {
        main0_out out = {};
        out.gl_Position = _19.u_mvp * float4(in.i_pos, 1.0);
        return out;
    }

*/
static const uint8_t vs_mesh_source_metal_macos[423] = {
    0x23,0x69,0x6e,0x63,0x6c,0x75,0x64,0x65,0x20,0x3c,0x6d,0x65,0x74,0x61,0x6c,0x5f,
    0x73,0x74,0x64,0x6c,0x69,0x62,0x3e,0x0a,0x23,0x69,0x6e,0x63,0x6c,0x75,0x64,0x65,
    0x20,0x3c,0x73,0x69,0x6d,0x64,0x2f,0x73,0x69,0x6d,0x64,0x2e,0x68,0x3e,0x0a,0x0a,
    0x75,0x73,0x69,0x6e,0x67,0x20,0x6e,0x61,0x6d,0x65,0x73,0x70,0x61,0x63,0x65,0x20,
    0x6d,0x65,0x74,0x61,0x6c,0x3b,0x0a,0x0a,0x73,0x74,0x72,0x75,0x63,0x74,0x20,0x70,
    0x5f,0x76,0x73,0x5f,0x6d,0x65,0x73,0x68,0x0a,0x7b,0x0a,0x20,0x20,0x20,0x20,0x66,
    0x6c,0x6f,0x61,0x74,0x34,0x78,0x34,0x20,0x75,0x5f,0x6d,0x76,0x70,0x3b,0x0a,0x7d,
    0x3b,0x0a,0x0a,0x73,0x74,0x72,0x75,0x63,0x74,0x20,0x6d,0x61,0x69,0x6e,0x30,0x5f,
    0x6f,0x75,0x74,0x0a,0x7b,0x0a,0x20,0x20,0x20,0x20,0x66,0x6c,0x6f,0x61,0x74,0x34,
    0x20,0x67,0x6c,0x5f,0x50,0x6f,0x73,0x69,0x74,0x69,0x6f,0x6e,0x20,0x5b,0x5b,0x70,
    0x6f,0x73,0x69,0x74,0x69,0x6f,0x6e,0x5d,0x5d,0x3b,0x0a,0x7d,0x3b,0x0a,0x0a,0x73,
    0x74,0x72,0x75,0x63,0x74,0x20,0x6d,0x61,0x69,0x6e,0x30,0x5f,0x69,0x6e,0x0a,0x7b,
    0x0a,0x20,0x20,0x20,0x20,0x66,0x6c,0x6f,0x61,0x74,0x33,0x20,0x69,0x5f,0x70,0x6f,
    0x73,0x20,0x5b,0x5b,0x61,0x74,0x74,0x72,0x69,0x62,0x75,0x74,0x65,0x28,0x30,0x29,
    0x5d,0x5d,0x3b,0x0a,0x7d,0x3b,0x0a,0x0a,0x76,0x65,0x72,0x74,0x65,0x78,0x20,0x6d,
    0x61,0x69,0x6e,0x30,0x5f,0x6f,0x75,0x74,0x20,0x6d,0x61,0x69,0x6e,0x30,0x28,0x6d,
    0x61,0x69,0x6e,0x30,0x5f,0x69,0x6e,0x20,0x69,0x6e,0x20,0x5b,0x5b,0x73,0x74,0x61,
    0x67,0x65,0x5f,0x69,0x6e,0x5d,0x5d,0x2c,0x20,0x63,0x6f,0x6e,0x73,0x74,0x61,0x6e,
    0x74,0x20,0x70,0x5f,0x76,0x73,0x5f,0x6d,0x65,0x73,0x68,0x26,0x20,0x5f,0x31,0x39,
    0x20,0x5b,0x5b,0x62,0x75,0x66,0x66,0x65,0x72,0x28,0x30,0x29,0x5d,0x5d,0x29,0x0a,
    0x7b,0x0a,0x20,0x20,0x20,0x20,0x6d,0x61,0x69,0x6e,0x30,0x5f,0x6f,0x75,0x74,0x20,
    0x6f,0x75,0x74,0x20,0x3d,0x20,0x7b,0x7d,0x3b,0x0a,0x20,0x20,0x20,0x20,0x6f,0x75,
    0x74,0x2e,0x67,0x6c,0x5f,0x50,0x6f,0x73,0x69,0x74,0x69,0x6f,0x6e,0x20,0x3d,0x20,
    0x5f,0x31,0x39,0x2e,0x75,0x5f,0x6d,0x76,0x70,0x20,0x2a,0x20,0x66,0x6c,0x6f,0x61,
    0x74,0x34,0x28,0x69,0x6e,0x2e,0x69,0x5f,0x70,0x6f,0x73,0x2c,0x20,0x31,0x2e,0x30,
    0x29,0x3b,0x0a,0x20,0x20,0x20,0x20,0x72,0x65,0x74,0x75,0x72,0x6e,0x20,0x6f,0x75,
    0x74,0x3b,0x0a,0x7d,0x0a,0x0a,0x00,
};
/*
    #include <metal_stdlib>
    #include <simd/simd.h>

    using namespace metal;

    struct p_fs_mesh
    {
        float4 u_tint;
    };

    struct main0_out
    {
        float4 o_frag_col [[color(0)]];
    };

    fragment main0_out main0(constant p_fs_mesh& _12 [[buffer(1)]])
    {
        main0_out out = {};
        out.o_frag_col = _12.u_tint;
        return out;
    }

*/
static const uint8_t fs_mesh_source_metal_macos[316] = {
    0x23,0x69,0x6e,0x63,0x6c,0x75,0x64,0x65,0x20,0x3c,0x6d,0x65,0x74,0x61,0x6c,0x5f,
    0x73,0x74,0x64,0x6c,0x69,0x62,0x3e,0x0a,0x23,0x69,0x6e,0x63,0x6c,0x75,0x64,0x65,
    0x20,0x3c,0x73,0x69,0x6d,0x64,0x2f,0x73,0x69,0x6d,0x64,0x2e,0x68,0x3e,0x0a,0x0a,
    0x75,0x73,0x69,0x6e,0x67,0x20,0x6e,0x61,0x6d,0x65,0x73,0x70,0x61,0x63,0x65,0x20,
    0x6d,0x65,0x74,0x61,0x6c,0x3b,0x0a,0x0a,0x73,0x74,0x72,0x75,0x63,0x74,0x20,0x70,
    0x5f,0x66,0x73,0x5f,0x6d,0x65,0x73,0x68,0x0a,0x7b,0x0a,0x20,0x20,0x20,0x20,0x66,
    0x6c,0x6f,0x61,0x74,0x34,0x20,0x75,0x5f,0x74,0x69,0x6e,0x74,0x3b,0x0a,0x7d,0x3b,
    0x0a,0x0a,0x73,0x74,0x72,0x75,0x63,0x74,0x20,0x6d,0x61,0x69,0x6e,0x30,0x5f,0x6f,
    0x75,0x74,0x0a,0x7b,0x0a,0x20,0x20,0x20,0x20,0x66,0x6c,0x6f,0x61,0x74,0x34,0x20,
    0x6f,0x5f,0x66,0x72,0x61,0x67,0x5f,0x63,0x6f,0x6c,0x20,0x5b,0x5b,0x63,0x6f,0x6c,
    0x6f,0x72,0x28,0x30,0x29,0x5d,0x5d,0x3b,0x0a,0x7d,0x3b,0x0a,0x0a,0x66,0x72,0x61,
    0x67,0x6d,0x65,0x6e,0x74,0x20,0x6d,0x61,0x69,0x6e,0x30,0x5f,0x6f,0x75,0x74,0x20,
    0x6d,0x61,0x69,0x6e,0x30,0x28,0x63,0x6f,0x6e,0x73,0x74,0x61,0x6e,0x74,0x20,0x70,
    0x5f,0x66,0x73,0x5f,0x6d,0x65,0x73,0x68,0x26,0x20,0x5f,0x31,0x32,0x20,0x5b,0x5b,
    0x62,0x75,0x66,0x66,0x65,0x72,0x28,0x31,0x29,0x5d,0x5d,0x29,0x0a,0x7b,0x0a,0x20,
    0x20,0x20,0x20,0x6d,0x61,0x69,0x6e,0x30,0x5f,0x6f,0x75,0x74,0x20,0x6f,0x75,0x74,
    0x20,0x3d,0x20,0x7b,0x7d,0x3b,0x0a,0x20,0x20,0x20,0x20,0x6f,0x75,0x74,0x2e,0x6f,
    0x5f,0x66,0x72,0x61,0x67,0x5f,0x63,0x6f,0x6c,0x20,0x3d,0x20,0x5f,0x31,0x32,0x2e,
    0x75,0x5f,0x74,0x69,0x6e,0x74,0x3b,0x0a,0x20,0x20,0x20,0x20,0x72,0x65,0x74,0x75,
    0x72,0x6e,0x20,0x6f,0x75,0x74,0x3b,0x0a,0x7d,0x0a,0x0a,0x00,
};
/*
    #include <metal_stdlib>
    #include <simd/simd.h>

    using namespace metal;

    struct p_vs_shaded
    {
        float4x4 u_model;
        float4x4 u_mvp;
    };

    struct main0_out
    {
        float3 pos [[user(locn0)]];
        float3 norm [[user(locn1)]];
        float2 uv [[user(locn2)]];
        float4 gl_Position [[position]];
    };

    struct main0_in
    {
        float3 i_pos [[attribute(0)]];
        float3 i_norm [[attribute(1)]];
        float2 i_uv [[attribute(2)]];
    };

    vertex main0_out main0(main0_in in [[stage_in]], constant p_vs_shaded& _14 [[buffer(0)]])
    {
        main0_out out = {};
        float4 _27 = float4(in.i_pos, 1.0);
        out.pos = (_14.u_model * _27).xyz;
        out.norm = fast::normalize(float3x3(_14.u_model[0].xyz, _14.u_model[1].xyz, _14.u_model[2].xyz) * in.i_norm);
        out.uv = in.i_uv;
        out.gl_Position = _14.u_mvp * _27;
        return out;
    }

*/
static const uint8_t vs_shaded_source_metal_macos[812] = {
    0x23,0x69,0x6e,0x63,0x6c,0x75,0x64,0x65,0x20,0x3c,0x6d,0x65,0x74,0x61,0x6c,0x5f,
    0x73,0x74,0x64,0x6c,0x69,0x62,0x3e,0x0a,0x23,0x69,0x6e,0x63,0x6c,0x75,0x64,0x65,
    0x20,0x3c,0x73,0x69,0x6d,0x64,0x2f,0x73,0x69,0x6d,0x64,0x2e,0x68,0x3e,0x0a,0x0a,
    0x75,0x73,0x69,0x6e,0x67,0x20,0x6e,0x61,0x6d,0x65,0x73,0x70,0x61,0x63,0x65,0x20,
    0x6d,0x65,0x74,0x61,0x6c,0x3b,0x0a,0x0a,0x73,0x74,0x72,0x75,0x63,0x74,0x20,0x70,
    0x5f,0x76,0x73,0x5f,0x73,0x68,0x61,0x64,0x65,0x64,0x0a,0x7b,0x0a,0x20,0x20,0x20,
    0x20,0x66,0x6c,0x6f,0x61,0x74,0x34,0x78,0x34,0x20,0x75,0x5f,0x6d,0x6f,0x64,0x65,
    0x6c,0x3b,0x0a,0x20,0x20,0x20,0x20,0x66,0x6c,0x6f,0x61,0x74,0x34,0x78,0x34,0x20,
    0x75,0x5f,0x6d,0x76,0x70,0x3b,0x0a,0x7d,0x3b,0x0a,0x0a,0x73,0x74,0x72,0x75,0x63,
    0x74,0x20,0x6d,0x61,0x69,0x6e,0x30,0x5f,0x6f,0x75,0x74,0x0a,0x7b,0x0a,0x20,0x20,
    0x20,0x20,0x66,0x6c,0x6f,0x61,0x74,0x33,0x20,0x70,0x6f,0x73,0x20,0x5b,0x5b,0x75,
    0x73,0x65,0x72,0x28,0x6c,0x6f,0x63,0x6e,0x30,0x29,0x5d,0x5d,0x3b,0x0a,0x20,0x20,
    0x20,0x20,0x66,0x6c,0x6f,0x61,0x74,0x33,0x20,0x6e,0x6f,0x72,0x6d,0x20,0x5b,0x5b,
    0x75,0x73,0x65,0x72,0x28,0x6c,0x6f,0x63,0x6e,0x31,0x29,0x5d,0x5d,0x3b,0x0a,0x20,
    0x20,0x20,0x20,0x66,0x6c,0x6f,0x61,0x74,0x32,0x20,0x75,0x76,0x20,0x5b,0x5b,0x75,
    0x73,0x65,0x72,0x28,0x6c,0x6f,0x63,0x6e,0x32,0x29,0x5d,0x5d,0x3b,0x0a,0x20,0x20,
    0x20,0x20,0x66,0x6c,0x6f,0x61,0x74,0x34,0x20,0x67,0x6c,0x5f,0x50,0x6f,0x73,0x69,
    0x74,0x69,0x6f,0x6e,0x20,0x5b,0x5b,0x70,0x6f,0x73,0x69,0x74,0x69,0x6f,0x6e,0x5d,
    0x5d,0x3b,0x0a,0x7d,0x3b,0x0a,0x0a,0x73,0x74,0x72,0x75,0x63,0x74,0x20,0x6d,0x61,
    0x69,0x6e,0x30,0x5f,0x69,0x6e,0x0a,0x7b,0x0a,0x20,0x20,0x20,0x20,0x66,0x6c,0x6f,
    0x61,0x74,0x33,0x20,0x69,0x5f,0x70,0x6f,0x73,0x20,0x5b,0x5b,0x61,0x74,0x74,0x72,
    0x69,0x62,0x75,0x74,0x65,0x28,0x30,0x29,0x5d,0x5d,0x3b,0x0a,0x20,0x20,0x20,0x20,
    0x66,0x6c,0x6f,0x61,0x74,0x33,0x20,0x69,0x5f,0x6e,0x6f,0x72,0x6d,0x20,0x5b,0x5b,
    0x61,0x74,0x74,0x72,0x69,0x62,0x75,0x74,0x65,0x28,0x31,0x29,0x5d,0x5d,0x3b,0x0a,
    0x20,0x20,0x20,0x20,0x66,0x6c,0x6f,0x61,0x74,0x32,0x20,0x69,0x5f,0x75,0x76,0x20,
    0x5b,0x5b,0x61,0x74,0x74,0x72,0x69,0x62,0x75,0x74,0x65,0x28,0x32,0x29,0x5d,0x5d,
    0x3b,0x0a,0x7d,0x3b,0x0a,0x0a,0x76,0x65,0x72,0x74,0x65,0x78,0x20,0x6d,0x61,0x69,
    0x6e,0x30,0x5f,0x6f,0x75,0x74,0x20,0x6d,0x61,0x69,0x6e,0x30,0x28,0x6d,0x61,0x69,
    0x6e,0x30,0x5f,0x69,0x6e,0x20,0x69,0x6e,0x20,0x5b,0x5b,0x73,0x74,0x61,0x67,0x65,
    0x5f,0x69,0x6e,0x5d,0x5d,0x2c,0x20,0x63,0x6f,0x6e,0x73,0x74,0x61,0x6e,0x74,0x20,
    0x70,0x5f,0x76,0x73,0x5f,0x73,0x68,0x61,0x64,0x65,0x64,0x26,0x20,0x5f,0x31,0x34,
    0x20,0x5b,0x5b,0x62,0x75,0x66,0x66,0x65,0x72,0x28,0x30,0x29,0x5d,0x5d,0x29,0x0a,
    0x7b,0x0a,0x20,0x20,0x20,0x20,0x6d,0x61,0x69,0x6e,0x30,0x5f,0x6f,0x75,0x74,0x20,
    0x6f,0x75,0x74,0x20,0x3d,0x20,0x7b,0x7d,0x3b,0x0a,0x20,0x20,0x20,0x20,0x66,0x6c,
    0x6f,0x61,0x74,0x34,0x20,0x5f,0x32,0x37,0x20,0x3d,0x20,0x66,0x6c,0x6f,0x61,0x74,
    0x34,0x28,0x69,0x6e,0x2e,0x69,0x5f,0x70,0x6f,0x73,0x2c,0x20,0x31,0x2e,0x30,0x29,
    0x3b,0x0a,0x20,0x20,0x20,0x20,0x6f,0x75,0x74,0x2e,0x70,0x6f,0x73,0x20,0x3d,0x20,
    0x28,0x5f,0x31,0x34,0x2e,0x75,0x5f,0x6d,0x6f,0x64,0x65,0x6c,0x20,0x2a,0x20,0x5f,
    0x32,0x37,0x29,0x2e,0x78,0x79,0x7a,0x3b,0x0a,0x20,0x20,0x20,0x20,0x6f,0x75,0x74,
    0x2e,0x6e,0x6f,0x72,0x6d,0x20,0x3d,0x20,0x66,0x61,0x73,0x74,0x3a,0x3a,0x6e,0x6f,
    0x72,0x6d,0x61,0x6c,0x69,0x7a,0x65,0x28,0x66,0x6c,0x6f,0x61,0x74,0x33,0x78,0x33,
    0x28,0x5f,0x31,0x34,0x2e,0x75,0x5f,0x6d,0x6f,0x64,0x65,0x6c,0x5b,0x30,0x5d,0x2e,
    0x78,0x79,0x7a,0x2c,0x20,0x5f,0x31,0x34,0x2e,0x75,0x5f,0x6d,0x6f,0x64,0x65,0x6c,
    0x5b,0x31,0x5d,0x2e,0x78,0x79,0x7a,0x2c,0x20,0x5f,0x31,0x34,0x2e,0x75,0x5f,0x6d,
    0x6f,0x64,0x65,0x6c,0x5b,0x32,0x5d,0x2e,0x78,0x79,0x7a,0x29,0x20,0x2a,0x20,0x69,
    0x6e,0x2e,0x69,0x5f,0x6e,0x6f,0x72,0x6d,0x29,0x3b,0x0a,0x20,0x20,0x20,0x20,0x6f,
    0x75,0x74,0x2e,0x75,0x76,0x20,0x3d,0x20,0x69,0x6e,0x2e,0x69,0x5f,0x75,0x76,0x3b,
    0x0a,0x20,0x20,0x20,0x20,0x6f,0x75,0x74,0x2e,0x67,0x6c,0x5f,0x50,0x6f,0x73,0x69,
    0x74,0x69,0x6f,0x6e,0x20,0x3d,0x20,0x5f,0x31,0x34,0x2e,0x75,0x5f,0x6d,0x76,0x70,
    0x20,0x2a,0x20,0x5f,0x32,0x37,0x3b,0x0a,0x20,0x20,0x20,0x20,0x72,0x65,0x74,0x75,
    0x72,0x6e,0x20,0x6f,0x75,0x74,0x3b,0x0a,0x7d,0x0a,0x0a,0x00,
};
/*
    #pragma clang diagnostic ignored "-Wmissing-prototypes"

    #include <metal_stdlib>
    #include <simd/simd.h>

    using namespace metal;

    struct p_fs_shaded
    {
        float2 u_tl;
        float2 u_br;
        float3 u_eye_pos;
        packed_float3 u_light_pos;
        float u_cam_near;
        float u_cam_far;
    };

    struct main0_out
    {
        float4 o_frag_col [[color(0)]];
    };

    struct main0_in
    {
        float3 pos [[user(locn0)]];
        float3 norm [[user(locn1)]];
        float2 uv [[user(locn2)]];
    };

    static inline __attribute__((always_inline))
    float decodeFloat(thread const float4& enc)
    {
        return dot(enc, float4(1.0, 0.0039215688593685626983642578125, 1.5378700481960549950599670410156e-05, 6.0308629201699659461155533790588e-08));
    }

    fragment main0_out main0(main0_in in [[stage_in]], constant p_fs_shaded& _33 [[buffer(1)]], texture2d<float> b_shaded_tex [[texture(0)]], texturecube<float> b_shaded_shadow_tex [[texture(1)]], sampler b_shaded_smp [[sampler(0)]], sampler b_shaded_shadow_smp [[sampler(1)]])
    {
        main0_out out = {};
        float3 _28 = fast::normalize(in.norm);
        float3 _41 = float3(_33.u_light_pos) - in.pos;
        float3 _42 = fast::normalize(_41);
        float3 _52 = -_42;
        float diff_mag = 0.699999988079071044921875 * fast::max(dot(_42, _28), 0.0);
        float spec_mag = 0.300000011920928955078125 * powr(fast::max(dot(reflect(_52, _28), fast::normalize(_33.u_eye_pos - in.pos)), 0.0), 32.0);
        float4 param = b_shaded_shadow_tex.sample(b_shaded_shadow_smp, _52);
        if (length(_41) > ((_33.u_cam_near + (decodeFloat(param) * (_33.u_cam_far - _33.u_cam_near))) + 0.0500000007450580596923828125))
        {
            diff_mag = 0.0;
            spec_mag = 0.0;
        }
        out.o_frag_col = float4((float3(1.0) * spec_mag) + (b_shaded_tex.sample(b_shaded_smp, (_33.u_tl + (in.uv * (_33.u_br - _33.u_tl)))).xyz * (0.20000000298023223876953125 + diff_mag)), 1.0);
        return out;
    }

*/
static const uint8_t fs_shaded_source_metal_macos[1860] = {
    0x23,0x70,0x72,0x61,0x67,0x6d,0x61,0x20,0x63,0x6c,0x61,0x6e,0x67,0x20,0x64,0x69,
    0x61,0x67,0x6e,0x6f,0x73,0x74,0x69,0x63,0x20,0x69,0x67,0x6e,0x6f,0x72,0x65,0x64,
    0x20,0x22,0x2d,0x57,0x6d,0x69,0x73,0x73,0x69,0x6e,0x67,0x2d,0x70,0x72,0x6f,0x74,
    0x6f,0x74,0x79,0x70,0x65,0x73,0x22,0x0a,0x0a,0x23,0x69,0x6e,0x63,0x6c,0x75,0x64,
    0x65,0x20,0x3c,0x6d,0x65,0x74,0x61,0x6c,0x5f,0x73,0x74,0x64,0x6c,0x69,0x62,0x3e,
    0x0a,0x23,0x69,0x6e,0x63,0x6c,0x75,0x64,0x65,0x20,0x3c,0x73,0x69,0x6d,0x64,0x2f,
    0x73,0x69,0x6d,0x64,0x2e,0x68,0x3e,0x0a,0x0a,0x75,0x73,0x69,0x6e,0x67,0x20,0x6e,
    0x61,0x6d,0x65,0x73,0x70,0x61,0x63,0x65,0x20,0x6d,0x65,0x74,0x61,0x6c,0x3b,0x0a,
    0x0a,0x73,0x74,0x72,0x75,0x63,0x74,0x20,0x70,0x5f,0x66,0x73,0x5f,0x73,0x68,0x61,
    0x64,0x65,0x64,0x0a,0x7b,0x0a,0x20,0x20,0x20,0x20,0x66,0x6c,0x6f,0x61,0x74,0x32,
    0x20,0x75,0x5f,0x74,0x6c,0x3b,0x0a,0x20,0x20,0x20,0x20,0x66,0x6c,0x6f,0x61,0x74,
    0x32,0x20,0x75,0x5f,0x62,0x72,0x3b,0x0a,0x20,0x20,0x20,0x20,0x66,0x6c,0x6f,0x61,
    0x74,0x33,0x20,0x75,0x5f,0x65,0x79,0x65,0x5f,0x70,0x6f,0x73,0x3b,0x0a,0x20,0x20,
    0x20,0x20,0x70,0x61,0x63,0x6b,0x65,0x64,0x5f,0x66,0x6c,0x6f,0x61,0x74,0x33,0x20,
    0x75,0x5f,0x6c,0x69,0x67,0x68,0x74,0x5f,0x70,0x6f,0x73,0x3b,0x0a,0x20,0x20,0x20,
    0x20,0x66,0x6c,0x6f,0x61,0x74,0x20,0x75,0x5f,0x63,0x61,0x6d,0x5f,0x6e,0x65,0x61,
    0x72,0x3b,0x0a,0x20,0x20,0x20,0x20,0x66,0x6c,0x6f,0x61,0x74,0x20,0x75,0x5f,0x63,
    0x61,0x6d,0x5f,0x66,0x61,0x72,0x3b,0x0a,0x7d,0x3b,0x0a,0x0a,0x73,0x74,0x72,0x75,
    0x63,0x74,0x20,0x6d,0x61,0x69,0x6e,0x30,0x5f,0x6f,0x75,0x74,0x0a,0x7b,0x0a,0x20,
    0x20,0x20,0x20,0x66,0x6c,0x6f,0x61,0x74,0x34,0x20,0x6f,0x5f,0x66,0x72,0x61,0x67,
    0x5f,0x63,0x6f,0x6c,0x20,0x5b,0x5b,0x63,0x6f,0x6c,0x6f,0x72,0x28,0x30,0x29,0x5d,
    0x5d,0x3b,0x0a,0x7d,0x3b,0x0a,0x0a,0x73,0x74,0x72,0x75,0x63,0x74,0x20,0x6d,0x61,
    0x69,0x6e,0x30,0x5f,0x69,0x6e,0x0a,0x7b,0x0a,0x20,0x20,0x20,0x20,0x66,0x6c,0x6f,
    0x61,0x74,0x33,0x20,0x70,0x6f,0x73,0x20,0x5b,0x5b,0x75,0x73,0x65,0x72,0x28,0x6c,
    0x6f,0x63,0x6e,0x30,0x29,0x5d,0x5d,0x3b,0x0a,0x20,0x20,0x20,0x20,0x66,0x6c,0x6f,
    0x61,0x74,0x33,0x20,0x6e,0x6f,0x72,0x6d,0x20,0x5b,0x5b,0x75,0x73,0x65,0x72,0x28,
    0x6c,0x6f,0x63,0x6e,0x31,0x29,0x5d,0x5d,0x3b,0x0a,0x20,0x20,0x20,0x20,0x66,0x6c,
    0x6f,0x61,0x74,0x32,0x20,0x75,0x76,0x20,0x5b,0x5b,0x75,0x73,0x65,0x72,0x28,0x6c,
    0x6f,0x63,0x6e,0x32,0x29,0x5d,0x5d,0x3b,0x0a,0x7d,0x3b,0x0a,0x0a,0x73,0x74,0x61,
    0x74,0x69,0x63,0x20,0x69,0x6e,0x6c,0x69,0x6e,0x65,0x20,0x5f,0x5f,0x61,0x74,0x74,
    0x72,0x69,0x62,0x75,0x74,0x65,0x5f,0x5f,0x28,0x28,0x61,0x6c,0x77,0x61,0x79,0x73,
    0x5f,0x69,0x6e,0x6c,0x69,0x6e,0x65,0x29,0x29,0x0a,0x66,0x6c,0x6f,0x61,0x74,0x20,
    0x64,0x65,0x63,0x6f,0x64,0x65,0x46,0x6c,0x6f,0x61,0x74,0x28,0x74,0x68,0x72,0x65,
    0x61,0x64,0x20,0x63,0x6f,0x6e,0x73,0x74,0x20,0x66,0x6c,0x6f,0x61,0x74,0x34,0x26,
    0x20,0x65,0x6e,0x63,0x29,0x0a,0x7b,0x0a,0x20,0x20,0x20,0x20,0x72,0x65,0x74,0x75,
    0x72,0x6e,0x20,0x64,0x6f,0x74,0x28,0x65,0x6e,0x63,0x2c,0x20,0x66,0x6c,0x6f,0x61,
    0x74,0x34,0x28,0x31,0x2e,0x30,0x2c,0x20,0x30,0x2e,0x30,0x30,0x33,0x39,0x32,0x31,
    0x35,0x36,0x38,0x38,0x35,0x39,0x33,0x36,0x38,0x35,0x36,0x32,0x36,0x39,0x38,0x33,
    0x36,0x34,0x32,0x35,0x37,0x38,0x31,0x32,0x35,0x2c,0x20,0x31,0x2e,0x35,0x33,0x37,
    0x38,0x37,0x30,0x30,0x34,0x38,0x31,0x39,0x36,0x30,0x35,0x34,0x39,0x39,0x35,0x30,
    0x35,0x39,0x39,0x36,0x37,0x30,0x34,0x31,0x30,0x31,0x35,0x36,0x65,0x2d,0x30,0x35,
    0x2c,0x20,0x36,0x2e,0x30,0x33,0x30,0x38,0x36,0x32,0x39,0x32,0x30,0x31,0x36,0x39,
    0x39,0x36,0x35,0x39,0x34,0x36,0x31,0x31,0x35,0x35,0x35,0x33,0x33,0x37,0x39,0x30,
    0x35,0x38,0x38,0x65,0x2d,0x30,0x38,0x29,0x29,0x3b,0x0a,0x7d,0x0a,0x0a,0x66,0x72,
    0x61,0x67,0x6d,0x65,0x6e,0x74,0x20,0x6d,0x61,0x69,0x6e,0x30,0x5f,0x6f,0x75,0x74,
    0x20,0x6d,0x61,0x69,0x6e,0x30,0x28,0x6d,0x61,0x69,0x6e,0x30,0x5f,0x69,0x6e,0x20,
    0x69,0x6e,0x20,0x5b,0x5b,0x73,0x74,0x61,0x67,0x65,0x5f,0x69,0x6e,0x5d,0x5d,0x2c,
    0x20,0x63,0x6f,0x6e,0x73,0x74,0x61,0x6e,0x74,0x20,0x70,0x5f,0x66,0x73,0x5f,0x73,
    0x68,0x61,0x64,0x65,0x64,0x26,0x20,0x5f,0x33,0x33,0x20,0x5b,0x5b,0x62,0x75,0x66,
    0x66,0x65,0x72,0x28,0x31,0x29,0x5d,0x5d,0x2c,0x20,0x74,0x65,0x78,0x74,0x75,0x72,
    0x65,0x32,0x64,0x3c,0x66,0x6c,0x6f,0x61,0x74,0x3e,0x20,0x62,0x5f,0x73,0x68,0x61,
    0x64,0x65,0x64,0x5f,0x74,0x65,0x78,0x20,0x5b,0x5b,0x74,0x65,0x78,0x74,0x75,0x72,
    0x65,0x28,0x30,0x29,0x5d,0x5d,0x2c,0x20,0x74,0x65,0x78,0x74,0x75,0x72,0x65,0x63,
    0x75,0x62,0x65,0x3c,0x66,0x6c,0x6f,0x61,0x74,0x3e,0x20,0x62,0x5f,0x73,0x68,0x61,
    0x64,0x65,0x64,0x5f,0x73,0x68,0x61,0x64,0x6f,0x77,0x5f,0x74,0x65,0x78,0x20,0x5b,
    0x5b,0x74,0x65,0x78,0x74,0x75,0x72,0x65,0x28,0x31,0x29,0x5d,0x5d,0x2c,0x20,0x73,
    0x61,0x6d,0x70,0x6c,0x65,0x72,0x20,0x62,0x5f,0x73,0x68,0x61,0x64,0x65,0x64,0x5f,
    0x73,0x6d,0x70,0x20,0x5b,0x5b,0x73,0x61,0x6d,0x70,0x6c,0x65,0x72,0x28,0x30,0x29,
    0x5d,0x5d,0x2c,0x20,0x73,0x61,0x6d,0x70,0x6c,0x65,0x72,0x20,0x62,0x5f,0x73,0x68,
    0x61,0x64,0x65,0x64,0x5f,0x73,0x68,0x61,0x64,0x6f,0x77,0x5f,0x73,0x6d,0x70,0x20,
    0x5b,0x5b,0x73,0x61,0x6d,0x70,0x6c,0x65,0x72,0x28,0x31,0x29,0x5d,0x5d,0x29,0x0a,
    0x7b,0x0a,0x20,0x20,0x20,0x20,0x6d,0x61,0x69,0x6e,0x30,0x5f,0x6f,0x75,0x74,0x20,
    0x6f,0x75,0x74,0x20,0x3d,0x20,0x7b,0x7d,0x3b,0x0a,0x20,0x20,0x20,0x20,0x66,0x6c,
    0x6f,0x61,0x74,0x33,0x20,0x5f,0x32,0x38,0x20,0x3d,0x20,0x66,0x61,0x73,0x74,0x3a,
    0x3a,0x6e,0x6f,0x72,0x6d,0x61,0x6c,0x69,0x7a,0x65,0x28,0x69,0x6e,0x2e,0x6e,0x6f,
    0x72,0x6d,0x29,0x3b,0x0a,0x20,0x20,0x20,0x20,0x66,0x6c,0x6f,0x61,0x74,0x33,0x20,
    0x5f,0x34,0x31,0x20,0x3d,0x20,0x66,0x6c,0x6f,0x61,0x74,0x33,0x28,0x5f,0x33,0x33,
    0x2e,0x75,0x5f,0x6c,0x69,0x67,0x68,0x74,0x5f,0x70,0x6f,0x73,0x29,0x20,0x2d,0x20,
    0x69,0x6e,0x2e,0x70,0x6f,0x73,0x3b,0x0a,0x20,0x20,0x20,0x20,0x66,0x6c,0x6f,0x61,
    0x74,0x33,0x20,0x5f,0x34,0x32,0x20,0x3d,0x20,0x66,0x61,0x73,0x74,0x3a,0x3a,0x6e,
    0x6f,0x72,0x6d,0x61,0x6c,0x69,0x7a,0x65,0x28,0x5f,0x34,0x31,0x29,0x3b,0x0a,0x20,
    0x20,0x20,0x20,0x66,0x6c,0x6f,0x61,0x74,0x33,0x20,0x5f,0x35,0x32,0x20,0x3d,0x20,
    0x2d,0x5f,0x34,0x32,0x3b,0x0a,0x20,0x20,0x20,0x20,0x66,0x6c,0x6f,0x61,0x74,0x20,
    0x64,0x69,0x66,0x66,0x5f,0x6d,0x61,0x67,0x20,0x3d,0x20,0x30,0x2e,0x36,0x39,0x39,
    0x39,0x39,0x39,0x39,0x38,0x38,0x30,0x37,0x39,0x30,0x37,0x31,0x30,0x34,0x34,0x39,
    0x32,0x31,0x38,0x37,0x35,0x20,0x2a,0x20,0x66,0x61,0x73,0x74,0x3a,0x3a,0x6d,0x61,
    0x78,0x28,0x64,0x6f,0x74,0x28,0x5f,0x34,0x32,0x2c,0x20,0x5f,0x32,0x38,0x29,0x2c,
    0x20,0x30,0x2e,0x30,0x29,0x3b,0x0a,0x20,0x20,0x20,0x20,0x66,0x6c,0x6f,0x61,0x74,
    0x20,0x73,0x70,0x65,0x63,0x5f,0x6d,0x61,0x67,0x20,0x3d,0x20,0x30,0x2e,0x33,0x30,
    0x30,0x30,0x30,0x30,0x30,0x31,0x31,0x39,0x32,0x30,0x39,0x32,0x38,0x39,0x35,0x35,
    0x30,0x37,0x38,0x31,0x32,0x35,0x20,0x2a,0x20,0x70,0x6f,0x77,0x72,0x28,0x66,0x61,
    0x73,0x74,0x3a,0x3a,0x6d,0x61,0x78,0x28,0x64,0x6f,0x74,0x28,0x72,0x65,0x66,0x6c,
    0x65,0x63,0x74,0x28,0x5f,0x35,0x32,0x2c,0x20,0x5f,0x32,0x38,0x29,0x2c,0x20,0x66,
    0x61,0x73,0x74,0x3a,0x3a,0x6e,0x6f,0x72,0x6d,0x61,0x6c,0x69,0x7a,0x65,0x28,0x5f,
    0x33,0x33,0x2e,0x75,0x5f,0x65,0x79,0x65,0x5f,0x70,0x6f,0x73,0x20,0x2d,0x20,0x69,
    0x6e,0x2e,0x70,0x6f,0x73,0x29,0x29,0x2c,0x20,0x30,0x2e,0x30,0x29,0x2c,0x20,0x33,
    0x32,0x2e,0x30,0x29,0x3b,0x0a,0x20,0x20,0x20,0x20,0x66,0x6c,0x6f,0x61,0x74,0x34,
    0x20,0x70,0x61,0x72,0x61,0x6d,0x20,0x3d,0x20,0x62,0x5f,0x73,0x68,0x61,0x64,0x65,
    0x64,0x5f,0x73,0x68,0x61,0x64,0x6f,0x77,0x5f,0x74,0x65,0x78,0x2e,0x73,0x61,0x6d,
    0x70,0x6c,0x65,0x28,0x62,0x5f,0x73,0x68,0x61,0x64,0x65,0x64,0x5f,0x73,0x68,0x61,
    0x64,0x6f,0x77,0x5f,0x73,0x6d,0x70,0x2c,0x20,0x5f,0x35,0x32,0x29,0x3b,0x0a,0x20,
    0x20,0x20,0x20,0x69,0x66,0x20,0x28,0x6c,0x65,0x6e,0x67,0x74,0x68,0x28,0x5f,0x34,
    0x31,0x29,0x20,0x3e,0x20,0x28,0x28,0x5f,0x33,0x33,0x2e,0x75,0x5f,0x63,0x61,0x6d,
    0x5f,0x6e,0x65,0x61,0x72,0x20,0x2b,0x20,0x28,0x64,0x65,0x63,0x6f,0x64,0x65,0x46,
    0x6c,0x6f,0x61,0x74,0x28,0x70,0x61,0x72,0x61,0x6d,0x29,0x20,0x2a,0x20,0x28,0x5f,
    0x33,0x33,0x2e,0x75,0x5f,0x63,0x61,0x6d,0x5f,0x66,0x61,0x72,0x20,0x2d,0x20,0x5f,
    0x33,0x33,0x2e,0x75,0x5f,0x63,0x61,0x6d,0x5f,0x6e,0x65,0x61,0x72,0x29,0x29,0x29,
    0x20,0x2b,0x20,0x30,0x2e,0x30,0x35,0x30,0x30,0x30,0x30,0x30,0x30,0x30,0x37,0x34,
    0x35,0x30,0x35,0x38,0x30,0x35,0x39,0x36,0x39,0x32,0x33,0x38,0x32,0x38,0x31,0x32,
    0x35,0x29,0x29,0x0a,0x20,0x20,0x20,0x20,0x7b,0x0a,0x20,0x20,0x20,0x20,0x20,0x20,
    0x20,0x20,0x64,0x69,0x66,0x66,0x5f,0x6d,0x61,0x67,0x20,0x3d,0x20,0x30,0x2e,0x30,
    0x3b,0x0a,0x20,0x20,0x20,0x20,0x20,0x20,0x20,0x20,0x73,0x70,0x65,0x63,0x5f,0x6d,
    0x61,0x67,0x20,0x3d,0x20,0x30,0x2e,0x30,0x3b,0x0a,0x20,0x20,0x20,0x20,0x7d,0x0a,
    0x20,0x20,0x20,0x20,0x6f,0x75,0x74,0x2e,0x6f,0x5f,0x66,0x72,0x61,0x67,0x5f,0x63,
    0x6f,0x6c,0x20,0x3d,0x20,0x66,0x6c,0x6f,0x61,0x74,0x34,0x28,0x28,0x66,0x6c,0x6f,
    0x61,0x74,0x33,0x28,0x31,0x2e,0x30,0x29,0x20,0x2a,0x20,0x73,0x70,0x65,0x63,0x5f,
    0x6d,0x61,0x67,0x29,0x20,0x2b,0x20,0x28,0x62,0x5f,0x73,0x68,0x61,0x64,0x65,0x64,
    0x5f,0x74,0x65,0x78,0x2e,0x73,0x61,0x6d,0x70,0x6c,0x65,0x28,0x62,0x5f,0x73,0x68,
    0x61,0x64,0x65,0x64,0x5f,0x73,0x6d,0x70,0x2c,0x20,0x28,0x5f,0x33,0x33,0x2e,0x75,
    0x5f,0x74,0x6c,0x20,0x2b,0x20,0x28,0x69,0x6e,0x2e,0x75,0x76,0x20,0x2a,0x20,0x28,
    0x5f,0x33,0x33,0x2e,0x75,0x5f,0x62,0x72,0x20,0x2d,0x20,0x5f,0x33,0x33,0x2e,0x75,
    0x5f,0x74,0x6c,0x29,0x29,0x29,0x29,0x2e,0x78,0x79,0x7a,0x20,0x2a,0x20,0x28,0x30,
    0x2e,0x32,0x30,0x30,0x30,0x30,0x30,0x30,0x30,0x32,0x39,0x38,0x30,0x32,0x33,0x32,
    0x32,0x33,0x38,0x37,0x36,0x39,0x35,0x33,0x31,0x32,0x35,0x20,0x2b,0x20,0x64,0x69,
    0x66,0x66,0x5f,0x6d,0x61,0x67,0x29,0x29,0x2c,0x20,0x31,0x2e,0x30,0x29,0x3b,0x0a,
    0x20,0x20,0x20,0x20,0x72,0x65,0x74,0x75,0x72,0x6e,0x20,0x6f,0x75,0x74,0x3b,0x0a,
    0x7d,0x0a,0x0a,0x00,
};
/*
    #include <metal_stdlib>
    #include <simd/simd.h>

    using namespace metal;

    struct p_vs_colorview
    {
        float2 u_tl;
        float2 u_br;
    };

    struct main0_out
    {
        float2 uv [[user(locn0)]];
        float4 gl_Position [[position]];
    };

    struct main0_in
    {
        float2 i_pos [[attribute(0)]];
        float2 i_uv [[attribute(1)]];
    };

    vertex main0_out main0(main0_in in [[stage_in]], constant p_vs_colorview& _12 [[buffer(0)]])
    {
        main0_out out = {};
        out.uv = _12.u_tl + (in.i_uv * (_12.u_br - _12.u_tl));
        out.gl_Position = float4(in.i_pos, 0.5, 1.0);
        return out;
    }

*/
static const uint8_t vs_colorview_source_metal_macos[564] = {
    0x23,0x69,0x6e,0x63,0x6c,0x75,0x64,0x65,0x20,0x3c,0x6d,0x65,0x74,0x61,0x6c,0x5f,
    0x73,0x74,0x64,0x6c,0x69,0x62,0x3e,0x0a,0x23,0x69,0x6e,0x63,0x6c,0x75,0x64,0x65,
    0x20,0x3c,0x73,0x69,0x6d,0x64,0x2f,0x73,0x69,0x6d,0x64,0x2e,0x68,0x3e,0x0a,0x0a,
    0x75,0x73,0x69,0x6e,0x67,0x20,0x6e,0x61,0x6d,0x65,0x73,0x70,0x61,0x63,0x65,0x20,
    0x6d,0x65,0x74,0x61,0x6c,0x3b,0x0a,0x0a,0x73,0x74,0x72,0x75,0x63,0x74,0x20,0x70,
    0x5f,0x76,0x73,0x5f,0x63,0x6f,0x6c,0x6f,0x72,0x76,0x69,0x65,0x77,0x0a,0x7b,0x0a,
    0x20,0x20,0x20,0x20,0x66,0x6c,0x6f,0x61,0x74,0x32,0x20,0x75,0x5f,0x74,0x6c,0x3b,
    0x0a,0x20,0x20,0x20,0x20,0x66,0x6c,0x6f,0x61,0x74,0x32,0x20,0x75,0x5f,0x62,0x72,
    0x3b,0x0a,0x7d,0x3b,0x0a,0x0a,0x73,0x74,0x72,0x75,0x63,0x74,0x20,0x6d,0x61,0x69,
    0x6e,0x30,0x5f,0x6f,0x75,0x74,0x0a,0x7b,0x0a,0x20,0x20,0x20,0x20,0x66,0x6c,0x6f,
    0x61,0x74,0x32,0x20,0x75,0x76,0x20,0x5b,0x5b,0x75,0x73,0x65,0x72,0x28,0x6c,0x6f,
    0x63,0x6e,0x30,0x29,0x5d,0x5d,0x3b,0x0a,0x20,0x20,0x20,0x20,0x66,0x6c,0x6f,0x61,
    0x74,0x34,0x20,0x67,0x6c,0x5f,0x50,0x6f,0x73,0x69,0x74,0x69,0x6f,0x6e,0x20,0x5b,
    0x5b,0x70,0x6f,0x73,0x69,0x74,0x69,0x6f,0x6e,0x5d,0x5d,0x3b,0x0a,0x7d,0x3b,0x0a,
    0x0a,0x73,0x74,0x72,0x75,0x63,0x74,0x20,0x6d,0x61,0x69,0x6e,0x30,0x5f,0x69,0x6e,
    0x0a,0x7b,0x0a,0x20,0x20,0x20,0x20,0x66,0x6c,0x6f,0x61,0x74,0x32,0x20,0x69,0x5f,
    0x70,0x6f,0x73,0x20,0x5b,0x5b,0x61,0x74,0x74,0x72,0x69,0x62,0x75,0x74,0x65,0x28,
    0x30,0x29,0x5d,0x5d,0x3b,0x0a,0x20,0x20,0x20,0x20,0x66,0x6c,0x6f,0x61,0x74,0x32,
    0x20,0x69,0x5f,0x75,0x76,0x20,0x5b,0x5b,0x61,0x74,0x74,0x72,0x69,0x62,0x75,0x74,
    0x65,0x28,0x31,0x29,0x5d,0x5d,0x3b,0x0a,0x7d,0x3b,0x0a,0x0a,0x76,0x65,0x72,0x74,
    0x65,0x78,0x20,0x6d,0x61,0x69,0x6e,0x30,0x5f,0x6f,0x75,0x74,0x20,0x6d,0x61,0x69,
    0x6e,0x30,0x28,0x6d,0x61,0x69,0x6e,0x30,0x5f,0x69,0x6e,0x20,0x69,0x6e,0x20,0x5b,
    0x5b,0x73,0x74,0x61,0x67,0x65,0x5f,0x69,0x6e,0x5d,0x5d,0x2c,0x20,0x63,0x6f,0x6e,
    0x73,0x74,0x61,0x6e,0x74,0x20,0x70,0x5f,0x76,0x73,0x5f,0x63,0x6f,0x6c,0x6f,0x72,
    0x76,0x69,0x65,0x77,0x26,0x20,0x5f,0x31,0x32,0x20,0x5b,0x5b,0x62,0x75,0x66,0x66,
    0x65,0x72,0x28,0x30,0x29,0x5d,0x5d,0x29,0x0a,0x7b,0x0a,0x20,0x20,0x20,0x20,0x6d,
    0x61,0x69,0x6e,0x30,0x5f,0x6f,0x75,0x74,0x20,0x6f,0x75,0x74,0x20,0x3d,0x20,0x7b,
    0x7d,0x3b,0x0a,0x20,0x20,0x20,0x20,0x6f,0x75,0x74,0x2e,0x75,0x76,0x20,0x3d,0x20,
    0x5f,0x31,0x32,0x2e,0x75,0x5f,0x74,0x6c,0x20,0x2b,0x20,0x28,0x69,0x6e,0x2e,0x69,
    0x5f,0x75,0x76,0x20,0x2a,0x20,0x28,0x5f,0x31,0x32,0x2e,0x75,0x5f,0x62,0x72,0x20,
    0x2d,0x20,0x5f,0x31,0x32,0x2e,0x75,0x5f,0x74,0x6c,0x29,0x29,0x3b,0x0a,0x20,0x20,
    0x20,0x20,0x6f,0x75,0x74,0x2e,0x67,0x6c,0x5f,0x50,0x6f,0x73,0x69,0x74,0x69,0x6f,
    0x6e,0x20,0x3d,0x20,0x66,0x6c,0x6f,0x61,0x74,0x34,0x28,0x69,0x6e,0x2e,0x69,0x5f,
    0x70,0x6f,0x73,0x2c,0x20,0x30,0x2e,0x35,0x2c,0x20,0x31,0x2e,0x30,0x29,0x3b,0x0a,
    0x20,0x20,0x20,0x20,0x72,0x65,0x74,0x75,0x72,0x6e,0x20,0x6f,0x75,0x74,0x3b,0x0a,
    0x7d,0x0a,0x0a,0x00,
};
/*
    #include <metal_stdlib>
    #include <simd/simd.h>

    using namespace metal;

    struct p_fs_colorview
    {
        float4 u_tint;
    };

    struct main0_out
    {
        float4 o_frag_col [[color(0)]];
    };

    struct main0_in
    {
        float2 uv [[user(locn0)]];
    };

    fragment main0_out main0(main0_in in [[stage_in]], constant p_fs_colorview& _29 [[buffer(1)]], texture2d<float> b_colorview_tex [[texture(0)]], sampler b_colorview_smp [[sampler(0)]])
    {
        main0_out out = {};
        out.o_frag_col = _29.u_tint * b_colorview_tex.sample(b_colorview_smp, in.uv);
        return out;
    }

*/
static const uint8_t fs_colorview_source_metal_macos[543] = {
    0x23,0x69,0x6e,0x63,0x6c,0x75,0x64,0x65,0x20,0x3c,0x6d,0x65,0x74,0x61,0x6c,0x5f,
    0x73,0x74,0x64,0x6c,0x69,0x62,0x3e,0x0a,0x23,0x69,0x6e,0x63,0x6c,0x75,0x64,0x65,
    0x20,0x3c,0x73,0x69,0x6d,0x64,0x2f,0x73,0x69,0x6d,0x64,0x2e,0x68,0x3e,0x0a,0x0a,
    0x75,0x73,0x69,0x6e,0x67,0x20,0x6e,0x61,0x6d,0x65,0x73,0x70,0x61,0x63,0x65,0x20,
    0x6d,0x65,0x74,0x61,0x6c,0x3b,0x0a,0x0a,0x73,0x74,0x72,0x75,0x63,0x74,0x20,0x70,
    0x5f,0x66,0x73,0x5f,0x63,0x6f,0x6c,0x6f,0x72,0x76,0x69,0x65,0x77,0x0a,0x7b,0x0a,
    0x20,0x20,0x20,0x20,0x66,0x6c,0x6f,0x61,0x74,0x34,0x20,0x75,0x5f,0x74,0x69,0x6e,
    0x74,0x3b,0x0a,0x7d,0x3b,0x0a,0x0a,0x73,0x74,0x72,0x75,0x63,0x74,0x20,0x6d,0x61,
    0x69,0x6e,0x30,0x5f,0x6f,0x75,0x74,0x0a,0x7b,0x0a,0x20,0x20,0x20,0x20,0x66,0x6c,
    0x6f,0x61,0x74,0x34,0x20,0x6f,0x5f,0x66,0x72,0x61,0x67,0x5f,0x63,0x6f,0x6c,0x20,
    0x5b,0x5b,0x63,0x6f,0x6c,0x6f,0x72,0x28,0x30,0x29,0x5d,0x5d,0x3b,0x0a,0x7d,0x3b,
    0x0a,0x0a,0x73,0x74,0x72,0x75,0x63,0x74,0x20,0x6d,0x61,0x69,0x6e,0x30,0x5f,0x69,
    0x6e,0x0a,0x7b,0x0a,0x20,0x20,0x20,0x20,0x66,0x6c,0x6f,0x61,0x74,0x32,0x20,0x75,
    0x76,0x20,0x5b,0x5b,0x75,0x73,0x65,0x72,0x28,0x6c,0x6f,0x63,0x6e,0x30,0x29,0x5d,
    0x5d,0x3b,0x0a,0x7d,0x3b,0x0a,0x0a,0x66,0x72,0x61,0x67,0x6d,0x65,0x6e,0x74,0x20,
    0x6d,0x61,0x69,0x6e,0x30,0x5f,0x6f,0x75,0x74,0x20,0x6d,0x61,0x69,0x6e,0x30,0x28,
    0x6d,0x61,0x69,0x6e,0x30,0x5f,0x69,0x6e,0x20,0x69,0x6e,0x20,0x5b,0x5b,0x73,0x74,
    0x61,0x67,0x65,0x5f,0x69,0x6e,0x5d,0x5d,0x2c,0x20,0x63,0x6f,0x6e,0x73,0x74,0x61,
    0x6e,0x74,0x20,0x70,0x5f,0x66,0x73,0x5f,0x63,0x6f,0x6c,0x6f,0x72,0x76,0x69,0x65,
    0x77,0x26,0x20,0x5f,0x32,0x39,0x20,0x5b,0x5b,0x62,0x75,0x66,0x66,0x65,0x72,0x28,
    0x31,0x29,0x5d,0x5d,0x2c,0x20,0x74,0x65,0x78,0x74,0x75,0x72,0x65,0x32,0x64,0x3c,
    0x66,0x6c,0x6f,0x61,0x74,0x3e,0x20,0x62,0x5f,0x63,0x6f,0x6c,0x6f,0x72,0x76,0x69,
    0x65,0x77,0x5f,0x74,0x65,0x78,0x20,0x5b,0x5b,0x74,0x65,0x78,0x74,0x75,0x72,0x65,
    0x28,0x30,0x29,0x5d,0x5d,0x2c,0x20,0x73,0x61,0x6d,0x70,0x6c,0x65,0x72,0x20,0x62,
    0x5f,0x63,0x6f,0x6c,0x6f,0x72,0x76,0x69,0x65,0x77,0x5f,0x73,0x6d,0x70,0x20,0x5b,
    0x5b,0x73,0x61,0x6d,0x70,0x6c,0x65,0x72,0x28,0x30,0x29,0x5d,0x5d,0x29,0x0a,0x7b,
    0x0a,0x20,0x20,0x20,0x20,0x6d,0x61,0x69,0x6e,0x30,0x5f,0x6f,0x75,0x74,0x20,0x6f,
    0x75,0x74,0x20,0x3d,0x20,0x7b,0x7d,0x3b,0x0a,0x20,0x20,0x20,0x20,0x6f,0x75,0x74,
    0x2e,0x6f,0x5f,0x66,0x72,0x61,0x67,0x5f,0x63,0x6f,0x6c,0x20,0x3d,0x20,0x5f,0x32,
    0x39,0x2e,0x75,0x5f,0x74,0x69,0x6e,0x74,0x20,0x2a,0x20,0x62,0x5f,0x63,0x6f,0x6c,
    0x6f,0x72,0x76,0x69,0x65,0x77,0x5f,0x74,0x65,0x78,0x2e,0x73,0x61,0x6d,0x70,0x6c,
    0x65,0x28,0x62,0x5f,0x63,0x6f,0x6c,0x6f,0x72,0x76,0x69,0x65,0x77,0x5f,0x73,0x6d,
    0x70,0x2c,0x20,0x69,0x6e,0x2e,0x75,0x76,0x29,0x3b,0x0a,0x20,0x20,0x20,0x20,0x72,
    0x65,0x74,0x75,0x72,0x6e,0x20,0x6f,0x75,0x74,0x3b,0x0a,0x7d,0x0a,0x0a,0x00,
};
/*
    #include <metal_stdlib>
    #include <simd/simd.h>

    using namespace metal;

    struct main0_out
    {
        float2 uv [[user(locn0)]];
        float4 gl_Position [[position]];
    };

    struct main0_in
    {
        float2 v_pos [[attribute(0)]];
        float2 v_uv [[attribute(1)]];
    };

    vertex main0_out main0(main0_in in [[stage_in]])
    {
        main0_out out = {};
        out.gl_Position = float4(in.v_pos, 0.5, 1.0);
        out.uv.x = in.v_uv.x;
        out.uv.y = -in.v_uv.y;
        return out;
    }

*/
static const uint8_t vs_texview_source_metal_macos[452] = {
    0x23,0x69,0x6e,0x63,0x6c,0x75,0x64,0x65,0x20,0x3c,0x6d,0x65,0x74,0x61,0x6c,0x5f,
    0x73,0x74,0x64,0x6c,0x69,0x62,0x3e,0x0a,0x23,0x69,0x6e,0x63,0x6c,0x75,0x64,0x65,
    0x20,0x3c,0x73,0x69,0x6d,0x64,0x2f,0x73,0x69,0x6d,0x64,0x2e,0x68,0x3e,0x0a,0x0a,
    0x75,0x73,0x69,0x6e,0x67,0x20,0x6e,0x61,0x6d,0x65,0x73,0x70,0x61,0x63,0x65,0x20,
    0x6d,0x65,0x74,0x61,0x6c,0x3b,0x0a,0x0a,0x73,0x74,0x72,0x75,0x63,0x74,0x20,0x6d,
    0x61,0x69,0x6e,0x30,0x5f,0x6f,0x75,0x74,0x0a,0x7b,0x0a,0x20,0x20,0x20,0x20,0x66,
    0x6c,0x6f,0x61,0x74,0x32,0x20,0x75,0x76,0x20,0x5b,0x5b,0x75,0x73,0x65,0x72,0x28,
    0x6c,0x6f,0x63,0x6e,0x30,0x29,0x5d,0x5d,0x3b,0x0a,0x20,0x20,0x20,0x20,0x66,0x6c,
    0x6f,0x61,0x74,0x34,0x20,0x67,0x6c,0x5f,0x50,0x6f,0x73,0x69,0x74,0x69,0x6f,0x6e,
    0x20,0x5b,0x5b,0x70,0x6f,0x73,0x69,0x74,0x69,0x6f,0x6e,0x5d,0x5d,0x3b,0x0a,0x7d,
    0x3b,0x0a,0x0a,0x73,0x74,0x72,0x75,0x63,0x74,0x20,0x6d,0x61,0x69,0x6e,0x30,0x5f,
    0x69,0x6e,0x0a,0x7b,0x0a,0x20,0x20,0x20,0x20,0x66,0x6c,0x6f,0x61,0x74,0x32,0x20,
    0x76,0x5f,0x70,0x6f,0x73,0x20,0x5b,0x5b,0x61,0x74,0x74,0x72,0x69,0x62,0x75,0x74,
    0x65,0x28,0x30,0x29,0x5d,0x5d,0x3b,0x0a,0x20,0x20,0x20,0x20,0x66,0x6c,0x6f,0x61,
    0x74,0x32,0x20,0x76,0x5f,0x75,0x76,0x20,0x5b,0x5b,0x61,0x74,0x74,0x72,0x69,0x62,
    0x75,0x74,0x65,0x28,0x31,0x29,0x5d,0x5d,0x3b,0x0a,0x7d,0x3b,0x0a,0x0a,0x76,0x65,
    0x72,0x74,0x65,0x78,0x20,0x6d,0x61,0x69,0x6e,0x30,0x5f,0x6f,0x75,0x74,0x20,0x6d,
    0x61,0x69,0x6e,0x30,0x28,0x6d,0x61,0x69,0x6e,0x30,0x5f,0x69,0x6e,0x20,0x69,0x6e,
    0x20,0x5b,0x5b,0x73,0x74,0x61,0x67,0x65,0x5f,0x69,0x6e,0x5d,0x5d,0x29,0x0a,0x7b,
    0x0a,0x20,0x20,0x20,0x20,0x6d,0x61,0x69,0x6e,0x30,0x5f,0x6f,0x75,0x74,0x20,0x6f,
    0x75,0x74,0x20,0x3d,0x20,0x7b,0x7d,0x3b,0x0a,0x20,0x20,0x20,0x20,0x6f,0x75,0x74,
    0x2e,0x67,0x6c,0x5f,0x50,0x6f,0x73,0x69,0x74,0x69,0x6f,0x6e,0x20,0x3d,0x20,0x66,
    0x6c,0x6f,0x61,0x74,0x34,0x28,0x69,0x6e,0x2e,0x76,0x5f,0x70,0x6f,0x73,0x2c,0x20,
    0x30,0x2e,0x35,0x2c,0x20,0x31,0x2e,0x30,0x29,0x3b,0x0a,0x20,0x20,0x20,0x20,0x6f,
    0x75,0x74,0x2e,0x75,0x76,0x2e,0x78,0x20,0x3d,0x20,0x69,0x6e,0x2e,0x76,0x5f,0x75,
    0x76,0x2e,0x78,0x3b,0x0a,0x20,0x20,0x20,0x20,0x6f,0x75,0x74,0x2e,0x75,0x76,0x2e,
    0x79,0x20,0x3d,0x20,0x2d,0x69,0x6e,0x2e,0x76,0x5f,0x75,0x76,0x2e,0x79,0x3b,0x0a,
    0x20,0x20,0x20,0x20,0x72,0x65,0x74,0x75,0x72,0x6e,0x20,0x6f,0x75,0x74,0x3b,0x0a,
    0x7d,0x0a,0x0a,0x00,
};
/*
    #pragma clang diagnostic ignored "-Wmissing-prototypes"

    #include <metal_stdlib>
    #include <simd/simd.h>

    using namespace metal;

    struct HSV
    {
        float hue;
        float saturation;
        float value;
    };

    struct fs_texview_params
    {
        float brightness;
        float4 u_tint;
        float2 u_tl;
        float2 u_br;
    };

    struct main0_out
    {
        float4 frag_color [[color(0)]];
    };

    struct main0_in
    {
        float2 uv [[user(locn0)]];
    };

    static inline __attribute__((always_inline))
    float fmod0(thread const float& x, thread const float& y)
    {
        return x - (y * trunc(x / y));
    }

    static inline __attribute__((always_inline))
    HSV rgb2hsv(thread const float& r, thread const float& g, thread const float& b, thread const float& brightness)
    {
        float _114 = r * 0.0039215688593685626983642578125;
        float _117 = g * 0.0039215688593685626983642578125;
        float _120 = b * 0.0039215688593685626983642578125;
        float _126 = fast::max(_114, fast::max(_117, _120));
        float _132 = fast::min(_114, fast::min(_117, _120));
        float _136 = _126 - _132;
        float _301 = 0.0;
        float _302 = 0.0;
        if (_126 == _132)
        {
            _301 = 0.0;
        }
        else
        {
            if (_126 == _114)
            {
                float param = (60.0 * ((_117 - _120) / _136)) + 360.0;
                float param_1 = 360.0;
                _301 = fmod0(param, param_1);
            }
            else
            {
                if (_126 == _117)
                {
                    float param_2 = (60.0 * ((_120 - _114) / _136)) + 120.0;
                    float param_3 = 360.0;
                    _301 = fmod0(param_2, param_3);
                }
                else
                {
                    if (_126 == _120)
                    {
                        float param_4 = (60.0 * ((_114 - _117) / _136)) + 240.0;
                        float param_5 = 360.0;
                        _301 = fmod0(param_4, param_5);
                    }
                }
            }
        }
        if (_126 == 0.0)
        {
            _302 = 0.0;
        }
        else
        {
            _302 = (_136 / _126) * 100.0;
        }
        return HSV{ _301, _302, _126 * (100.0 * brightness) };
    }

    static inline __attribute__((always_inline))
    float4 hsv2rgb(thread const int& hue, thread const float& saturation, thread const float& value)
    {
        float _43 = value * saturation;
        float param = float(hue) * 0.01666666753590106964111328125;
        float param_1 = 2.0;
        float _58 = _43 * (1.0 - abs(1.0 - fmod0(param, param_1)));
        float _62 = value - _43;
        float r = 0.0;
        float g = 0.0;
        float b = 0.0;
        switch (hue / 60)
        {
            case 0:
            {
                r = _43;
                g = _58;
                b = 0.0;
                break;
            }
            case 1:
            {
                r = _58;
                g = _43;
                b = 0.0;
                break;
            }
            case 2:
            {
                r = 0.0;
                g = _43;
                b = _58;
                break;
            }
            case 3:
            {
                r = 0.0;
                g = _58;
                b = _43;
                break;
            }
            case 4:
            {
                r = _58;
                g = 0.0;
                b = _43;
                break;
            }
            case 5:
            {
                r = _43;
                g = 0.0;
                b = _58;
                break;
            }
        }
        float _97 = r;
        float _98 = _97 + _62;
        r = _98;
        float _100 = g;
        float _101 = _100 + _62;
        g = _101;
        float _103 = b;
        float _104 = _103 + _62;
        b = _104;
        return float4(_98, _101, _104, 1.0);
    }

    fragment main0_out main0(main0_in in [[stage_in]], constant fs_texview_params& _241 [[buffer(0)]], texture2d<float> texview_tex [[texture(0)]], sampler texview_smp [[sampler(0)]])
    {
        main0_out out = {};
        float4 _256 = texview_tex.sample(texview_smp, (_241.u_tl + (in.uv * (_241.u_br - _241.u_tl))));
        float param = _256.x;
        float param_1 = _256.y;
        float param_2 = _256.z;
        float param_3 = _241.brightness;
        HSV _275 = rgb2hsv(param, param_1, param_2, param_3);
        int param_4 = int(_275.hue);
        float param_5 = _275.saturation;
        float param_6 = _275.value;
        out.frag_color = _241.u_tint * hsv2rgb(param_4, param_5, param_6);
        return out;
    }

*/
static const uint8_t fs_texview_source_metal_macos[4120] = {
    0x23,0x70,0x72,0x61,0x67,0x6d,0x61,0x20,0x63,0x6c,0x61,0x6e,0x67,0x20,0x64,0x69,
    0x61,0x67,0x6e,0x6f,0x73,0x74,0x69,0x63,0x20,0x69,0x67,0x6e,0x6f,0x72,0x65,0x64,
    0x20,0x22,0x2d,0x57,0x6d,0x69,0x73,0x73,0x69,0x6e,0x67,0x2d,0x70,0x72,0x6f,0x74,
    0x6f,0x74,0x79,0x70,0x65,0x73,0x22,0x0a,0x0a,0x23,0x69,0x6e,0x63,0x6c,0x75,0x64,
    0x65,0x20,0x3c,0x6d,0x65,0x74,0x61,0x6c,0x5f,0x73,0x74,0x64,0x6c,0x69,0x62,0x3e,
    0x0a,0x23,0x69,0x6e,0x63,0x6c,0x75,0x64,0x65,0x20,0x3c,0x73,0x69,0x6d,0x64,0x2f,
    0x73,0x69,0x6d,0x64,0x2e,0x68,0x3e,0x0a,0x0a,0x75,0x73,0x69,0x6e,0x67,0x20,0x6e,
    0x61,0x6d,0x65,0x73,0x70,0x61,0x63,0x65,0x20,0x6d,0x65,0x74,0x61,0x6c,0x3b,0x0a,
    0x0a,0x73,0x74,0x72,0x75,0x63,0x74,0x20,0x48,0x53,0x56,0x0a,0x7b,0x0a,0x20,0x20,
    0x20,0x20,0x66,0x6c,0x6f,0x61,0x74,0x20,0x68,0x75,0x65,0x3b,0x0a,0x20,0x20,0x20,
    0x20,0x66,0x6c,0x6f,0x61,0x74,0x20,0x73,0x61,0x74,0x75,0x72,0x61,0x74,0x69,0x6f,
    0x6e,0x3b,0x0a,0x20,0x20,0x20,0x20,0x66,0x6c,0x6f,0x61,0x74,0x20,0x76,0x61,0x6c,
    0x75,0x65,0x3b,0x0a,0x7d,0x3b,0x0a,0x0a,0x73,0x74,0x72,0x75,0x63,0x74,0x20,0x66,
    0x73,0x5f,0x74,0x65,0x78,0x76,0x69,0x65,0x77,0x5f,0x70,0x61,0x72,0x61,0x6d,0x73,
    0x0a,0x7b,0x0a,0x20,0x20,0x20,0x20,0x66,0x6c,0x6f,0x61,0x74,0x20,0x62,0x72,0x69,
    0x67,0x68,0x74,0x6e,0x65,0x73,0x73,0x3b,0x0a,0x20,0x20,0x20,0x20,0x66,0x6c,0x6f,
    0x61,0x74,0x34,0x20,0x75,0x5f,0x74,0x69,0x6e,0x74,0x3b,0x0a,0x20,0x20,0x20,0x20,
    0x66,0x6c,0x6f,0x61,0x74,0x32,0x20,0x75,0x5f,0x74,0x6c,0x3b,0x0a,0x20,0x20,0x20,
    0x20,0x66,0x6c,0x6f,0x61,0x74,0x32,0x20,0x75,0x5f,0x62,0x72,0x3b,0x0a,0x7d,0x3b,
    0x0a,0x0a,0x73,0x74,0x72,0x75,0x63,0x74,0x20,0x6d,0x61,0x69,0x6e,0x30,0x5f,0x6f,
    0x75,0x74,0x0a,0x7b,0x0a,0x20,0x20,0x20,0x20,0x66,0x6c,0x6f,0x61,0x74,0x34,0x20,
    0x66,0x72,0x61,0x67,0x5f,0x63,0x6f,0x6c,0x6f,0x72,0x20,0x5b,0x5b,0x63,0x6f,0x6c,
    0x6f,0x72,0x28,0x30,0x29,0x5d,0x5d,0x3b,0x0a,0x7d,0x3b,0x0a,0x0a,0x73,0x74,0x72,
    0x75,0x63,0x74,0x20,0x6d,0x61,0x69,0x6e,0x30,0x5f,0x69,0x6e,0x0a,0x7b,0x0a,0x20,
    0x20,0x20,0x20,0x66,0x6c,0x6f,0x61,0x74,0x32,0x20,0x75,0x76,0x20,0x5b,0x5b,0x75,
    0x73,0x65,0x72,0x28,0x6c,0x6f,0x63,0x6e,0x30,0x29,0x5d,0x5d,0x3b,0x0a,0x7d,0x3b,
    0x0a,0x0a,0x73,0x74,0x61,0x74,0x69,0x63,0x20,0x69,0x6e,0x6c,0x69,0x6e,0x65,0x20,
    0x5f,0x5f,0x61,0x74,0x74,0x72,0x69,0x62,0x75,0x74,0x65,0x5f,0x5f,0x28,0x28,0x61,
    0x6c,0x77,0x61,0x79,0x73,0x5f,0x69,0x6e,0x6c,0x69,0x6e,0x65,0x29,0x29,0x0a,0x66,
    0x6c,0x6f,0x61,0x74,0x20,0x66,0x6d,0x6f,0x64,0x30,0x28,0x74,0x68,0x72,0x65,0x61,
    0x64,0x20,0x63,0x6f,0x6e,0x73,0x74,0x20,0x66,0x6c,0x6f,0x61,0x74,0x26,0x20,0x78,
    0x2c,0x20,0x74,0x68,0x72,0x65,0x61,0x64,0x20,0x63,0x6f,0x6e,0x73,0x74,0x20,0x66,
    0x6c,0x6f,0x61,0x74,0x26,0x20,0x79,0x29,0x0a,0x7b,0x0a,0x20,0x20,0x20,0x20,0x72,
    0x65,0x74,0x75,0x72,0x6e,0x20,0x78,0x20,0x2d,0x20,0x28,0x79,0x20,0x2a,0x20,0x74,
    0x72,0x75,0x6e,0x63,0x28,0x78,0x20,0x2f,0x20,0x79,0x29,0x29,0x3b,0x0a,0x7d,0x0a,
    0x0a,0x73,0x74,0x61,0x74,0x69,0x63,0x20,0x69,0x6e,0x6c,0x69,0x6e,0x65,0x20,0x5f,
    0x5f,0x61,0x74,0x74,0x72,0x69,0x62,0x75,0x74,0x65,0x5f,0x5f,0x28,0x28,0x61,0x6c,
    0x77,0x61,0x79,0x73,0x5f,0x69,0x6e,0x6c,0x69,0x6e,0x65,0x29,0x29,0x0a,0x48,0x53,
    0x56,0x20,0x72,0x67,0x62,0x32,0x68,0x73,0x76,0x28,0x74,0x68,0x72,0x65,0x61,0x64,
    0x20,0x63,0x6f,0x6e,0x73,0x74,0x20,0x66,0x6c,0x6f,0x61,0x74,0x26,0x20,0x72,0x2c,
    0x20,0x74,0x68,0x72,0x65,0x61,0x64,0x20,0x63,0x6f,0x6e,0x73,0x74,0x20,0x66,0x6c,
    0x6f,0x61,0x74,0x26,0x20,0x67,0x2c,0x20,0x74,0x68,0x72,0x65,0x61,0x64,0x20,0x63,
    0x6f,0x6e,0x73,0x74,0x20,0x66,0x6c,0x6f,0x61,0x74,0x26,0x20,0x62,0x2c,0x20,0x74,
    0x68,0x72,0x65,0x61,0x64,0x20,0x63,0x6f,0x6e,0x73,0x74,0x20,0x66,0x6c,0x6f,0x61,
    0x74,0x26,0x20,0x62,0x72,0x69,0x67,0x68,0x74,0x6e,0x65,0x73,0x73,0x29,0x0a,0x7b,
    0x0a,0x20,0x20,0x20,0x20,0x66,0x6c,0x6f,0x61,0x74,0x20,0x5f,0x31,0x31,0x34,0x20,
    0x3d,0x20,0x72,0x20,0x2a,0x20,0x30,0x2e,0x30,0x30,0x33,0x39,0x32,0x31,0x35,0x36,
    0x38,0x38,0x35,0x39,0x33,0x36,0x38,0x35,0x36,0x32,0x36,0x39,0x38,0x33,0x36,0x34,
    0x32,0x35,0x37,0x38,0x31,0x32,0x35,0x3b,0x0a,0x20,0x20,0x20,0x20,0x66,0x6c,0x6f,
    0x61,0x74,0x20,0x5f,0x31,0x31,0x37,0x20,0x3d,0x20,0x67,0x20,0x2a,0x20,0x30,0x2e,
    0x30,0x30,0x33,0x39,0x32,0x31,0x35,0x36,0x38,0x38,0x35,0x39,0x33,0x36,0x38,0x35,
    0x36,0x32,0x36,0x39,0x38,0x33,0x36,0x34,0x32,0x35,0x37,0x38,0x31,0x32,0x35,0x3b,
    0x0a,0x20,0x20,0x20,0x20,0x66,0x6c,0x6f,0x61,0x74,0x20,0x5f,0x31,0x32,0x30,0x20,
    0x3d,0x20,0x62,0x20,0x2a,0x20,0x30,0x2e,0x30,0x30,0x33,0x39,0x32,0x31,0x35,0x36,
    0x38,0x38,0x35,0x39,0x33,0x36,0x38,0x35,0x36,0x32,0x36,0x39,0x38,0x33,0x36,0x34,
    0x32,0x35,0x37,0x38,0x31,0x32,0x35,0x3b,0x0a,0x20,0x20,0x20,0x20,0x66,0x6c,0x6f,
    0x61,0x74,0x20,0x5f,0x31,0x32,0x36,0x20,0x3d,0x20,0x66,0x61,0x73,0x74,0x3a,0x3a,
    0x6d,0x61,0x78,0x28,0x5f,0x31,0x31,0x34,0x2c,0x20,0x66,0x61,0x73,0x74,0x3a,0x3a,
    0x6d,0x61,0x78,0x28,0x5f,0x31,0x31,0x37,0x2c,0x20,0x5f,0x31,0x32,0x30,0x29,0x29,
    0x3b,0x0a,0x20,0x20,0x20,0x20,0x66,0x6c,0x6f,0x61,0x74,0x20,0x5f,0x31,0x33,0x32,
    0x20,0x3d,0x20,0x66,0x61,0x73,0x74,0x3a,0x3a,0x6d,0x69,0x6e,0x28,0x5f,0x31,0x31,
    0x34,0x2c,0x20,0x66,0x61,0x73,0x74,0x3a,0x3a,0x6d,0x69,0x6e,0x28,0x5f,0x31,0x31,
    0x37,0x2c,0x20,0x5f,0x31,0x32,0x30,0x29,0x29,0x3b,0x0a,0x20,0x20,0x20,0x20,0x66,
    0x6c,0x6f,0x61,0x74,0x20,0x5f,0x31,0x33,0x36,0x20,0x3d,0x20,0x5f,0x31,0x32,0x36,
    0x20,0x2d,0x20,0x5f,0x31,0x33,0x32,0x3b,0x0a,0x20,0x20,0x20,0x20,0x66,0x6c,0x6f,
    0x61,0x74,0x20,0x5f,0x33,0x30,0x31,0x20,0x3d,0x20,0x30,0x2e,0x30,0x3b,0x0a,0x20,
    0x20,0x20,0x20,0x66,0x6c,0x6f,0x61,0x74,0x20,0x5f,0x33,0x30,0x32,0x20,0x3d,0x20,
    0x30,0x2e,0x30,0x3b,0x0a,0x20,0x20,0x20,0x20,0x69,0x66,0x20,0x28,0x5f,0x31,0x32,
    0x36,0x20,0x3d,0x3d,0x20,0x5f,0x31,0x33,0x32,0x29,0x0a,0x20,0x20,0x20,0x20,0x7b,
    0x0a,0x20,0x20,0x20,0x20,0x20,0x20,0x20,0x20,0x5f,0x33,0x30,0x31,0x20,0x3d,0x20,
    0x30,0x2e,0x30,0x3b,0x0a,0x20,0x20,0x20,0x20,0x7d,0x0a,0x20,0x20,0x20,0x20,0x65,
    0x6c,0x73,0x65,0x0a,0x20,0x20,0x20,0x20,0x7b,0x0a,0x20,0x20,0x20,0x20,0x20,0x20,
    0x20,0x20,0x69,0x66,0x20,0x28,0x5f,0x31,0x32,0x36,0x20,0x3d,0x3d,0x20,0x5f,0x31,
    0x31,0x34,0x29,0x0a,0x20,0x20,0x20,0x20,0x20,0x20,0x20,0x20,0x7b,0x0a,0x20,0x20,
    0x20,0x20,0x20,0x20,0x20,0x20,0x20,0x20,0x20,0x20,0x66,0x6c,0x6f,0x61,0x74,0x20,
    0x70,0x61,0x72,0x61,0x6d,0x20,0x3d,0x20,0x28,0x36,0x30,0x2e,0x30,0x20,0x2a,0x20,
    0x28,0x28,0x5f,0x31,0x31,0x37,0x20,0x2d,0x20,0x5f,0x31,0x32,0x30,0x29,0x20,0x2f,
    0x20,0x5f,0x31,0x33,0x36,0x29,0x29,0x20,0x2b,0x20,0x33,0x36,0x30,0x2e,0x30,0x3b,
    0x0a,0x20,0x20,0x20,0x20,0x20,0x20,0x20,0x20,0x20,0x20,0x20,0x20,0x66,0x6c,0x6f,
    0x61,0x74,0x20,0x70,0x61,0x72,0x61,0x6d,0x5f,0x31,0x20,0x3d,0x20,0x33,0x36,0x30,
    0x2e,0x30,0x3b,0x0a,0x20,0x20,0x20,0x20,0x20,0x20,0x20,0x20,0x20,0x20,0x20,0x20,
    0x5f,0x33,0x30,0x31,0x20,0x3d,0x20,0x66,0x6d,0x6f,0x64,0x30,0x28,0x70,0x61,0x72,
    0x61,0x6d,0x2c,0x20,0x70,0x61,0x72,0x61,0x6d,0x5f,0x31,0x29,0x3b,0x0a,0x20,0x20,
    0x20,0x20,0x20,0x20,0x20,0x20,0x7d,0x0a,0x20,0x20,0x20,0x20,0x20,0x20,0x20,0x20,
    0x65,0x6c,0x73,0x65,0x0a,0x20,0x20,0x20,0x20,0x20,0x20,0x20,0x20,0x7b,0x0a,0x20,
    0x20,0x20,0x20,0x20,0x20,0x20,0x20,0x20,0x20,0x20,0x20,0x69,0x66,0x20,0x28,0x5f,
    0x31,0x32,0x36,0x20,0x3d,0x3d,0x20,0x5f,0x31,0x31,0x37,0x29,0x0a,0x20,0x20,0x20,
    0x20,0x20,0x20,0x20,0x20,0x20,0x20,0x20,0x20,0x7b,0x0a,0x20,0x20,0x20,0x20,0x20,
    0x20,0x20,0x20,0x20,0x20,0x20,0x20,0x20,0x20,0x20,0x20,0x66,0x6c,0x6f,0x61,0x74,
    0x20,0x70,0x61,0x72,0x61,0x6d,0x5f,0x32,0x20,0x3d,0x20,0x28,0x36,0x30,0x2e,0x30,
    0x20,0x2a,0x20,0x28,0x28,0x5f,0x31,0x32,0x30,0x20,0x2d,0x20,0x5f,0x31,0x31,0x34,
    0x29,0x20,0x2f,0x20,0x5f,0x31,0x33,0x36,0x29,0x29,0x20,0x2b,0x20,0x31,0x32,0x30,
    0x2e,0x30,0x3b,0x0a,0x20,0x20,0x20,0x20,0x20,0x20,0x20,0x20,0x20,0x20,0x20,0x20,
    0x20,0x20,0x20,0x20,0x66,0x6c,0x6f,0x61,0x74,0x20,0x70,0x61,0x72,0x61,0x6d,0x5f,
    0x33,0x20,0x3d,0x20,0x33,0x36,0x30,0x2e,0x30,0x3b,0x0a,0x20,0x20,0x20,0x20,0x20,
    0x20,0x20,0x20,0x20,0x20,0x20,0x20,0x20,0x20,0x20,0x20,0x5f,0x33,0x30,0x31,0x20,
    0x3d,0x20,0x66,0x6d,0x6f,0x64,0x30,0x28,0x70,0x61,0x72,0x61,0x6d,0x5f,0x32,0x2c,
    0x20,0x70,0x61,0x72,0x61,0x6d,0x5f,0x33,0x29,0x3b,0x0a,0x20,0x20,0x20,0x20,0x20,
    0x20,0x20,0x20,0x20,0x20,0x20,0x20,0x7d,0x0a,0x20,0x20,0x20,0x20,0x20,0x20,0x20,
    0x20,0x20,0x20,0x20,0x20,0x65,0x6c,0x73,0x65,0x0a,0x20,0x20,0x20,0x20,0x20,0x20,
    0x20,0x20,0x20,0x20,0x20,0x20,0x7b,0x0a,0x20,0x20,0x20,0x20,0x20,0x20,0x20,0x20,
    0x20,0x20,0x20,0x20,0x20,0x20,0x20,0x20,0x69,0x66,0x20,0x28,0x5f,0x31,0x32,0x36,
    0x20,0x3d,0x3d,0x20,0x5f,0x31,0x32,0x30,0x29,0x0a,0x20,0x20,0x20,0x20,0x20,0x20,
    0x20,0x20,0x20,0x20,0x20,0x20,0x20,0x20,0x20,0x20,0x7b,0x0a,0x20,0x20,0x20,0x20,
    0x20,0x20,0x20,0x20,0x20,0x20,0x20,0x20,0x20,0x20,0x20,0x20,0x20,0x20,0x20,0x20,
    0x66,0x6c,0x6f,0x61,0x74,0x20,0x70,0x61,0x72,0x61,0x6d,0x5f,0x34,0x20,0x3d,0x20,
    0x28,0x36,0x30,0x2e,0x30,0x20,0x2a,0x20,0x28,0x28,0x5f,0x31,0x31,0x34,0x20,0x2d,
    0x20,0x5f,0x31,0x31,0x37,0x29,0x20,0x2f,0x20,0x5f,0x31,0x33,0x36,0x29,0x29,0x20,
    0x2b,0x20,0x32,0x34,0x30,0x2e,0x30,0x3b,0x0a,0x20,0x20,0x20,0x20,0x20,0x20,0x20,
    0x20,0x20,0x20,0x20,0x20,0x20,0x20,0x20,0x20,0x20,0x20,0x20,0x20,0x66,0x6c,0x6f,
    0x61,0x74,0x20,0x70,0x61,0x72,0x61,0x6d,0x5f,0x35,0x20,0x3d,0x20,0x33,0x36,0x30,
    0x2e,0x30,0x3b,0x0a,0x20,0x20,0x20,0x20,0x20,0x20,0x20,0x20,0x20,0x20,0x20,0x20,
    0x20,0x20,0x20,0x20,0x20,0x20,0x20,0x20,0x5f,0x33,0x30,0x31,0x20,0x3d,0x20,0x66,
    0x6d,0x6f,0x64,0x30,0x28,0x70,0x61,0x72,0x61,0x6d,0x5f,0x34,0x2c,0x20,0x70,0x61,
    0x72,0x61,0x6d,0x5f,0x35,0x29,0x3b,0x0a,0x20,0x20,0x20,0x20,0x20,0x20,0x20,0x20,
    0x20,0x20,0x20,0x20,0x20,0x20,0x20,0x20,0x7d,0x0a,0x20,0x20,0x20,0x20,0x20,0x20,
    0x20,0x20,0x20,0x20,0x20,0x20,0x7d,0x0a,0x20,0x20,0x20,0x20,0x20,0x20,0x20,0x20,
    0x7d,0x0a,0x20,0x20,0x20,0x20,0x7d,0x0a,0x20,0x20,0x20,0x20,0x69,0x66,0x20,0x28,
    0x5f,0x31,0x32,0x36,0x20,0x3d,0x3d,0x20,0x30,0x2e,0x30,0x29,0x0a,0x20,0x20,0x20,
    0x20,0x7b,0x0a,0x20,0x20,0x20,0x20,0x20,0x20,0x20,0x20,0x5f,0x33,0x30,0x32,0x20,
    0x3d,0x20,0x30,0x2e,0x30,0x3b,0x0a,0x20,0x20,0x20,0x20,0x7d,0x0a,0x20,0x20,0x20,
    0x20,0x65,0x6c,0x73,0x65,0x0a,0x20,0x20,0x20,0x20,0x7b,0x0a,0x20,0x20,0x20,0x20,
    0x20,0x20,0x20,0x20,0x5f,0x33,0x30,0x32,0x20,0x3d,0x20,0x28,0x5f,0x31,0x33,0x36,
    0x20,0x2f,0x20,0x5f,0x31,0x32,0x36,0x29,0x20,0x2a,0x20,0x31,0x30,0x30,0x2e,0x30,
    0x3b,0x0a,0x20,0x20,0x20,0x20,0x7d,0x0a,0x20,0x20,0x20,0x20,0x72,0x65,0x74,0x75,
    0x72,0x6e,0x20,0x48,0x53,0x56,0x7b,0x20,0x5f,0x33,0x30,0x31,0x2c,0x20,0x5f,0x33,
    0x30,0x32,0x2c,0x20,0x5f,0x31,0x32,0x36,0x20,0x2a,0x20,0x28,0x31,0x30,0x30,0x2e,
    0x30,0x20,0x2a,0x20,0x62,0x72,0x69,0x67,0x68,0x74,0x6e,0x65,0x73,0x73,0x29,0x20,
    0x7d,0x3b,0x0a,0x7d,0x0a,0x0a,0x73,0x74,0x61,0x74,0x69,0x63,0x20,0x69,0x6e,0x6c,
    0x69,0x6e,0x65,0x20,0x5f,0x5f,0x61,0x74,0x74,0x72,0x69,0x62,0x75,0x74,0x65,0x5f,
    0x5f,0x28,0x28,0x61,0x6c,0x77,0x61,0x79,0x73,0x5f,0x69,0x6e,0x6c,0x69,0x6e,0x65,
    0x29,0x29,0x0a,0x66,0x6c,0x6f,0x61,0x74,0x34,0x20,0x68,0x73,0x76,0x32,0x72,0x67,
    0x62,0x28,0x74,0x68,0x72,0x65,0x61,0x64,0x20,0x63,0x6f,0x6e,0x73,0x74,0x20,0x69,
    0x6e,0x74,0x26,0x20,0x68,0x75,0x65,0x2c,0x20,0x74,0x68,0x72,0x65,0x61,0x64,0x20,
    0x63,0x6f,0x6e,0x73,0x74,0x20,0x66,0x6c,0x6f,0x61,0x74,0x26,0x20,0x73,0x61,0x74,
    0x75,0x72,0x61,0x74,0x69,0x6f,0x6e,0x2c,0x20,0x74,0x68,0x72,0x65,0x61,0x64,0x20,
    0x63,0x6f,0x6e,0x73,0x74,0x20,0x66,0x6c,0x6f,0x61,0x74,0x26,0x20,0x76,0x61,0x6c,
    0x75,0x65,0x29,0x0a,0x7b,0x0a,0x20,0x20,0x20,0x20,0x66,0x6c,0x6f,0x61,0x74,0x20,
    0x5f,0x34,0x33,0x20,0x3d,0x20,0x76,0x61,0x6c,0x75,0x65,0x20,0x2a,0x20,0x73,0x61,
    0x74,0x75,0x72,0x61,0x74,0x69,0x6f,0x6e,0x3b,0x0a,0x20,0x20,0x20,0x20,0x66,0x6c,
    0x6f,0x61,0x74,0x20,0x70,0x61,0x72,0x61,0x6d,0x20,0x3d,0x20,0x66,0x6c,0x6f,0x61,
    0x74,0x28,0x68,0x75,0x65,0x29,0x20,0x2a,0x20,0x30,0x2e,0x30,0x31,0x36,0x36,0x36,
    0x36,0x36,0x36,0x37,0x35,0x33,0x35,0x39,0x30,0x31,0x30,0x36,0x39,0x36,0x34,0x31,
    0x31,0x31,0x33,0x32,0x38,0x31,0x32,0x35,0x3b,0x0a,0x20,0x20,0x20,0x20,0x66,0x6c,
    0x6f,0x61,0x74,0x20,0x70,0x61,0x72,0x61,0x6d,0x5f,0x31,0x20,0x3d,0x20,0x32,0x2e,
    0x30,0x3b,0x0a,0x20,0x20,0x20,0x20,0x66,0x6c,0x6f,0x61,0x74,0x20,0x5f,0x35,0x38,
    0x20,0x3d,0x20,0x5f,0x34,0x33,0x20,0x2a,0x20,0x28,0x31,0x2e,0x30,0x20,0x2d,0x20,
    0x61,0x62,0x73,0x28,0x31,0x2e,0x30,0x20,0x2d,0x20,0x66,0x6d,0x6f,0x64,0x30,0x28,
    0x70,0x61,0x72,0x61,0x6d,0x2c,0x20,0x70,0x61,0x72,0x61,0x6d,0x5f,0x31,0x29,0x29,
    0x29,0x3b,0x0a,0x20,0x20,0x20,0x20,0x66,0x6c,0x6f,0x61,0x74,0x20,0x5f,0x36,0x32,
    0x20,0x3d,0x20,0x76,0x61,0x6c,0x75,0x65,0x20,0x2d,0x20,0x5f,0x34,0x33,0x3b,0x0a,
    0x20,0x20,0x20,0x20,0x66,0x6c,0x6f,0x61,0x74,0x20,0x72,0x20,0x3d,0x20,0x30,0x2e,
    0x30,0x3b,0x0a,0x20,0x20,0x20,0x20,0x66,0x6c,0x6f,0x61,0x74,0x20,0x67,0x20,0x3d,
    0x20,0x30,0x2e,0x30,0x3b,0x0a,0x20,0x20,0x20,0x20,0x66,0x6c,0x6f,0x61,0x74,0x20,
    0x62,0x20,0x3d,0x20,0x30,0x2e,0x30,0x3b,0x0a,0x20,0x20,0x20,0x20,0x73,0x77,0x69,
    0x74,0x63,0x68,0x20,0x28,0x68,0x75,0x65,0x20,0x2f,0x20,0x36,0x30,0x29,0x0a,0x20,
    0x20,0x20,0x20,0x7b,0x0a,0x20,0x20,0x20,0x20,0x20,0x20,0x20,0x20,0x63,0x61,0x73,
    0x65,0x20,0x30,0x3a,0x0a,0x20,0x20,0x20,0x20,0x20,0x20,0x20,0x20,0x7b,0x0a,0x20,
    0x20,0x20,0x20,0x20,0x20,0x20,0x20,0x20,0x20,0x20,0x20,0x72,0x20,0x3d,0x20,0x5f,
    0x34,0x33,0x3b,0x0a,0x20,0x20,0x20,0x20,0x20,0x20,0x20,0x20,0x20,0x20,0x20,0x20,
    0x67,0x20,0x3d,0x20,0x5f,0x35,0x38,0x3b,0x0a,0x20,0x20,0x20,0x20,0x20,0x20,0x20,
    0x20,0x20,0x20,0x20,0x20,0x62,0x20,0x3d,0x20,0x30,0x2e,0x30,0x3b,0x0a,0x20,0x20,
    0x20,0x20,0x20,0x20,0x20,0x20,0x20,0x20,0x20,0x20,0x62,0x72,0x65,0x61,0x6b,0x3b,
    0x0a,0x20,0x20,0x20,0x20,0x20,0x20,0x20,0x20,0x7d,0x0a,0x20,0x20,0x20,0x20,0x20,
    0x20,0x20,0x20,0x63,0x61,0x73,0x65,0x20,0x31,0x3a,0x0a,0x20,0x20,0x20,0x20,0x20,
    0x20,0x20,0x20,0x7b,0x0a,0x20,0x20,0x20,0x20,0x20,0x20,0x20,0x20,0x20,0x20,0x20,
    0x20,0x72,0x20,0x3d,0x20,0x5f,0x35,0x38,0x3b,0x0a,0x20,0x20,0x20,0x20,0x20,0x20,
    0x20,0x20,0x20,0x20,0x20,0x20,0x67,0x20,0x3d,0x20,0x5f,0x34,0x33,0x3b,0x0a,0x20,
    0x20,0x20,0x20,0x20,0x20,0x20,0x20,0x20,0x20,0x20,0x20,0x62,0x20,0x3d,0x20,0x30,
    0x2e,0x30,0x3b,0x0a,0x20,0x20,0x20,0x20,0x20,0x20,0x20,0x20,0x20,0x20,0x20,0x20,
    0x62,0x72,0x65,0x61,0x6b,0x3b,0x0a,0x20,0x20,0x20,0x20,0x20,0x20,0x20,0x20,0x7d,
    0x0a,0x20,0x20,0x20,0x20,0x20,0x20,0x20,0x20,0x63,0x61,0x73,0x65,0x20,0x32,0x3a,
    0x0a,0x20,0x20,0x20,0x20,0x20,0x20,0x20,0x20,0x7b,0x0a,0x20,0x20,0x20,0x20,0x20,
    0x20,0x20,0x20,0x20,0x20,0x20,0x20,0x72,0x20,0x3d,0x20,0x30,0x2e,0x30,0x3b,0x0a,
    0x20,0x20,0x20,0x20,0x20,0x20,0x20,0x20,0x20,0x20,0x20,0x20,0x67,0x20,0x3d,0x20,
    0x5f,0x34,0x33,0x3b,0x0a,0x20,0x20,0x20,0x20,0x20,0x20,0x20,0x20,0x20,0x20,0x20,
    0x20,0x62,0x20,0x3d,0x20,0x5f,0x35,0x38,0x3b,0x0a,0x20,0x20,0x20,0x20,0x20,0x20,
    0x20,0x20,0x20,0x20,0x20,0x20,0x62,0x72,0x65,0x61,0x6b,0x3b,0x0a,0x20,0x20,0x20,
    0x20,0x20,0x20,0x20,0x20,0x7d,0x0a,0x20,0x20,0x20,0x20,0x20,0x20,0x20,0x20,0x63,
    0x61,0x73,0x65,0x20,0x33,0x3a,0x0a,0x20,0x20,0x20,0x20,0x20,0x20,0x20,0x20,0x7b,
    0x0a,0x20,0x20,0x20,0x20,0x20,0x20,0x20,0x20,0x20,0x20,0x20,0x20,0x72,0x20,0x3d,
    0x20,0x30,0x2e,0x30,0x3b,0x0a,0x20,0x20,0x20,0x20,0x20,0x20,0x20,0x20,0x20,0x20,
    0x20,0x20,0x67,0x20,0x3d,0x20,0x5f,0x35,0x38,0x3b,0x0a,0x20,0x20,0x20,0x20,0x20,
    0x20,0x20,0x20,0x20,0x20,0x20,0x20,0x62,0x20,0x3d,0x20,0x5f,0x34,0x33,0x3b,0x0a,
    0x20,0x20,0x20,0x20,0x20,0x20,0x20,0x20,0x20,0x20,0x20,0x20,0x62,0x72,0x65,0x61,
    0x6b,0x3b,0x0a,0x20,0x20,0x20,0x20,0x20,0x20,0x20,0x20,0x7d,0x0a,0x20,0x20,0x20,
    0x20,0x20,0x20,0x20,0x20,0x63,0x61,0x73,0x65,0x20,0x34,0x3a,0x0a,0x20,0x20,0x20,
    0x20,0x20,0x20,0x20,0x20,0x7b,0x0a,0x20,0x20,0x20,0x20,0x20,0x20,0x20,0x20,0x20,
    0x20,0x20,0x20,0x72,0x20,0x3d,0x20,0x5f,0x35,0x38,0x3b,0x0a,0x20,0x20,0x20,0x20,
    0x20,0x20,0x20,0x20,0x20,0x20,0x20,0x20,0x67,0x20,0x3d,0x20,0x30,0x2e,0x30,0x3b,
    0x0a,0x20,0x20,0x20,0x20,0x20,0x20,0x20,0x20,0x20,0x20,0x20,0x20,0x62,0x20,0x3d,
    0x20,0x5f,0x34,0x33,0x3b,0x0a,0x20,0x20,0x20,0x20,0x20,0x20,0x20,0x20,0x20,0x20,
    0x20,0x20,0x62,0x72,0x65,0x61,0x6b,0x3b,0x0a,0x20,0x20,0x20,0x20,0x20,0x20,0x20,
    0x20,0x7d,0x0a,0x20,0x20,0x20,0x20,0x20,0x20,0x20,0x20,0x63,0x61,0x73,0x65,0x20,
    0x35,0x3a,0x0a,0x20,0x20,0x20,0x20,0x20,0x20,0x20,0x20,0x7b,0x0a,0x20,0x20,0x20,
    0x20,0x20,0x20,0x20,0x20,0x20,0x20,0x20,0x20,0x72,0x20,0x3d,0x20,0x5f,0x34,0x33,
    0x3b,0x0a,0x20,0x20,0x20,0x20,0x20,0x20,0x20,0x20,0x20,0x20,0x20,0x20,0x67,0x20,
    0x3d,0x20,0x30,0x2e,0x30,0x3b,0x0a,0x20,0x20,0x20,0x20,0x20,0x20,0x20,0x20,0x20,
    0x20,0x20,0x20,0x62,0x20,0x3d,0x20,0x5f,0x35,0x38,0x3b,0x0a,0x20,0x20,0x20,0x20,
    0x20,0x20,0x20,0x20,0x20,0x20,0x20,0x20,0x62,0x72,0x65,0x61,0x6b,0x3b,0x0a,0x20,
    0x20,0x20,0x20,0x20,0x20,0x20,0x20,0x7d,0x0a,0x20,0x20,0x20,0x20,0x7d,0x0a,0x20,
    0x20,0x20,0x20,0x66,0x6c,0x6f,0x61,0x74,0x20,0x5f,0x39,0x37,0x20,0x3d,0x20,0x72,
    0x3b,0x0a,0x20,0x20,0x20,0x20,0x66,0x6c,0x6f,0x61,0x74,0x20,0x5f,0x39,0x38,0x20,
    0x3d,0x20,0x5f,0x39,0x37,0x20,0x2b,0x20,0x5f,0x36,0x32,0x3b,0x0a,0x20,0x20,0x20,
    0x20,0x72,0x20,0x3d,0x20,0x5f,0x39,0x38,0x3b,0x0a,0x20,0x20,0x20,0x20,0x66,0x6c,
    0x6f,0x61,0x74,0x20,0x5f,0x31,0x30,0x30,0x20,0x3d,0x20,0x67,0x3b,0x0a,0x20,0x20,
    0x20,0x20,0x66,0x6c,0x6f,0x61,0x74,0x20,0x5f,0x31,0x30,0x31,0x20,0x3d,0x20,0x5f,
    0x31,0x30,0x30,0x20,0x2b,0x20,0x5f,0x36,0x32,0x3b,0x0a,0x20,0x20,0x20,0x20,0x67,
    0x20,0x3d,0x20,0x5f,0x31,0x30,0x31,0x3b,0x0a,0x20,0x20,0x20,0x20,0x66,0x6c,0x6f,
    0x61,0x74,0x20,0x5f,0x31,0x30,0x33,0x20,0x3d,0x20,0x62,0x3b,0x0a,0x20,0x20,0x20,
    0x20,0x66,0x6c,0x6f,0x61,0x74,0x20,0x5f,0x31,0x30,0x34,0x20,0x3d,0x20,0x5f,0x31,
    0x30,0x33,0x20,0x2b,0x20,0x5f,0x36,0x32,0x3b,0x0a,0x20,0x20,0x20,0x20,0x62,0x20,
    0x3d,0x20,0x5f,0x31,0x30,0x34,0x3b,0x0a,0x20,0x20,0x20,0x20,0x72,0x65,0x74,0x75,
    0x72,0x6e,0x20,0x66,0x6c,0x6f,0x61,0x74,0x34,0x28,0x5f,0x39,0x38,0x2c,0x20,0x5f,
    0x31,0x30,0x31,0x2c,0x20,0x5f,0x31,0x30,0x34,0x2c,0x20,0x31,0x2e,0x30,0x29,0x3b,
    0x0a,0x7d,0x0a,0x0a,0x66,0x72,0x61,0x67,0x6d,0x65,0x6e,0x74,0x20,0x6d,0x61,0x69,
    0x6e,0x30,0x5f,0x6f,0x75,0x74,0x20,0x6d,0x61,0x69,0x6e,0x30,0x28,0x6d,0x61,0x69,
    0x6e,0x30,0x5f,0x69,0x6e,0x20,0x69,0x6e,0x20,0x5b,0x5b,0x73,0x74,0x61,0x67,0x65,
    0x5f,0x69,0x6e,0x5d,0x5d,0x2c,0x20,0x63,0x6f,0x6e,0x73,0x74,0x61,0x6e,0x74,0x20,
    0x66,0x73,0x5f,0x74,0x65,0x78,0x76,0x69,0x65,0x77,0x5f,0x70,0x61,0x72,0x61,0x6d,
    0x73,0x26,0x20,0x5f,0x32,0x34,0x31,0x20,0x5b,0x5b,0x62,0x75,0x66,0x66,0x65,0x72,
    0x28,0x30,0x29,0x5d,0x5d,0x2c,0x20,0x74,0x65,0x78,0x74,0x75,0x72,0x65,0x32,0x64,
    0x3c,0x66,0x6c,0x6f,0x61,0x74,0x3e,0x20,0x74,0x65,0x78,0x76,0x69,0x65,0x77,0x5f,
    0x74,0x65,0x78,0x20,0x5b,0x5b,0x74,0x65,0x78,0x74,0x75,0x72,0x65,0x28,0x30,0x29,
    0x5d,0x5d,0x2c,0x20,0x73,0x61,0x6d,0x70,0x6c,0x65,0x72,0x20,0x74,0x65,0x78,0x76,
    0x69,0x65,0x77,0x5f,0x73,0x6d,0x70,0x20,0x5b,0x5b,0x73,0x61,0x6d,0x70,0x6c,0x65,
    0x72,0x28,0x30,0x29,0x5d,0x5d,0x29,0x0a,0x7b,0x0a,0x20,0x20,0x20,0x20,0x6d,0x61,
    0x69,0x6e,0x30,0x5f,0x6f,0x75,0x74,0x20,0x6f,0x75,0x74,0x20,0x3d,0x20,0x7b,0x7d,
    0x3b,0x0a,0x20,0x20,0x20,0x20,0x66,0x6c,0x6f,0x61,0x74,0x34,0x20,0x5f,0x32,0x35,
    0x36,0x20,0x3d,0x20,0x74,0x65,0x78,0x76,0x69,0x65,0x77,0x5f,0x74,0x65,0x78,0x2e,
    0x73,0x61,0x6d,0x70,0x6c,0x65,0x28,0x74,0x65,0x78,0x76,0x69,0x65,0x77,0x5f,0x73,
    0x6d,0x70,0x2c,0x20,0x28,0x5f,0x32,0x34,0x31,0x2e,0x75,0x5f,0x74,0x6c,0x20,0x2b,
    0x20,0x28,0x69,0x6e,0x2e,0x75,0x76,0x20,0x2a,0x20,0x28,0x5f,0x32,0x34,0x31,0x2e,
    0x75,0x5f,0x62,0x72,0x20,0x2d,0x20,0x5f,0x32,0x34,0x31,0x2e,0x75,0x5f,0x74,0x6c,
    0x29,0x29,0x29,0x29,0x3b,0x0a,0x20,0x20,0x20,0x20,0x66,0x6c,0x6f,0x61,0x74,0x20,
    0x70,0x61,0x72,0x61,0x6d,0x20,0x3d,0x20,0x5f,0x32,0x35,0x36,0x2e,0x78,0x3b,0x0a,
    0x20,0x20,0x20,0x20,0x66,0x6c,0x6f,0x61,0x74,0x20,0x70,0x61,0x72,0x61,0x6d,0x5f,
    0x31,0x20,0x3d,0x20,0x5f,0x32,0x35,0x36,0x2e,0x79,0x3b,0x0a,0x20,0x20,0x20,0x20,
    0x66,0x6c,0x6f,0x61,0x74,0x20,0x70,0x61,0x72,0x61,0x6d,0x5f,0x32,0x20,0x3d,0x20,
    0x5f,0x32,0x35,0x36,0x2e,0x7a,0x3b,0x0a,0x20,0x20,0x20,0x20,0x66,0x6c,0x6f,0x61,
    0x74,0x20,0x70,0x61,0x72,0x61,0x6d,0x5f,0x33,0x20,0x3d,0x20,0x5f,0x32,0x34,0x31,
    0x2e,0x62,0x72,0x69,0x67,0x68,0x74,0x6e,0x65,0x73,0x73,0x3b,0x0a,0x20,0x20,0x20,
    0x20,0x48,0x53,0x56,0x20,0x5f,0x32,0x37,0x35,0x20,0x3d,0x20,0x72,0x67,0x62,0x32,
    0x68,0x73,0x76,0x28,0x70,0x61,0x72,0x61,0x6d,0x2c,0x20,0x70,0x61,0x72,0x61,0x6d,
    0x5f,0x31,0x2c,0x20,0x70,0x61,0x72,0x61,0x6d,0x5f,0x32,0x2c,0x20,0x70,0x61,0x72,
    0x61,0x6d,0x5f,0x33,0x29,0x3b,0x0a,0x20,0x20,0x20,0x20,0x69,0x6e,0x74,0x20,0x70,
    0x61,0x72,0x61,0x6d,0x5f,0x34,0x20,0x3d,0x20,0x69,0x6e,0x74,0x28,0x5f,0x32,0x37,
    0x35,0x2e,0x68,0x75,0x65,0x29,0x3b,0x0a,0x20,0x20,0x20,0x20,0x66,0x6c,0x6f,0x61,
    0x74,0x20,0x70,0x61,0x72,0x61,0x6d,0x5f,0x35,0x20,0x3d,0x20,0x5f,0x32,0x37,0x35,
    0x2e,0x73,0x61,0x74,0x75,0x72,0x61,0x74,0x69,0x6f,0x6e,0x3b,0x0a,0x20,0x20,0x20,
    0x20,0x66,0x6c,0x6f,0x61,0x74,0x20,0x70,0x61,0x72,0x61,0x6d,0x5f,0x36,0x20,0x3d,
    0x20,0x5f,0x32,0x37,0x35,0x2e,0x76,0x61,0x6c,0x75,0x65,0x3b,0x0a,0x20,0x20,0x20,
    0x20,0x6f,0x75,0x74,0x2e,0x66,0x72,0x61,0x67,0x5f,0x63,0x6f,0x6c,0x6f,0x72,0x20,
    0x3d,0x20,0x5f,0x32,0x34,0x31,0x2e,0x75,0x5f,0x74,0x69,0x6e,0x74,0x20,0x2a,0x20,
    0x68,0x73,0x76,0x32,0x72,0x67,0x62,0x28,0x70,0x61,0x72,0x61,0x6d,0x5f,0x34,0x2c,
    0x20,0x70,0x61,0x72,0x61,0x6d,0x5f,0x35,0x2c,0x20,0x70,0x61,0x72,0x61,0x6d,0x5f,
    0x36,0x29,0x3b,0x0a,0x20,0x20,0x20,0x20,0x72,0x65,0x74,0x75,0x72,0x6e,0x20,0x6f,
    0x75,0x74,0x3b,0x0a,0x7d,0x0a,0x0a,0x00,
};
/*
    #include <metal_stdlib>
    #include <simd/simd.h>

    using namespace metal;

    struct vs_line_params
    {
        float4x4 u_mvp;
    };

    struct main0_out
    {
        float4 col [[user(locn0)]];
        float4 gl_Position [[position]];
    };

    struct main0_in
    {
        float3 i_pos [[attribute(0)]];
        float4 i_col [[attribute(1)]];
    };

    vertex main0_out main0(main0_in in [[stage_in]], constant vs_line_params& _24 [[buffer(0)]])
    {
        main0_out out = {};
        out.col = in.i_col;
        out.gl_Position = _24.u_mvp * float4(in.i_pos, 1.0);
        return out;
    }

*/
static const uint8_t vs_line_source_metal_macos[524] = {
    0x23,0x69,0x6e,0x63,0x6c,0x75,0x64,0x65,0x20,0x3c,0x6d,0x65,0x74,0x61,0x6c,0x5f,
    0x73,0x74,0x64,0x6c,0x69,0x62,0x3e,0x0a,0x23,0x69,0x6e,0x63,0x6c,0x75,0x64,0x65,
    0x20,0x3c,0x73,0x69,0x6d,0x64,0x2f,0x73,0x69,0x6d,0x64,0x2e,0x68,0x3e,0x0a,0x0a,
    0x75,0x73,0x69,0x6e,0x67,0x20,0x6e,0x61,0x6d,0x65,0x73,0x70,0x61,0x63,0x65,0x20,
    0x6d,0x65,0x74,0x61,0x6c,0x3b,0x0a,0x0a,0x73,0x74,0x72,0x75,0x63,0x74,0x20,0x76,
    0x73,0x5f,0x6c,0x69,0x6e,0x65,0x5f,0x70,0x61,0x72,0x61,0x6d,0x73,0x0a,0x7b,0x0a,
    0x20,0x20,0x20,0x20,0x66,0x6c,0x6f,0x61,0x74,0x34,0x78,0x34,0x20,0x75,0x5f,0x6d,
    0x76,0x70,0x3b,0x0a,0x7d,0x3b,0x0a,0x0a,0x73,0x74,0x72,0x75,0x63,0x74,0x20,0x6d,
    0x61,0x69,0x6e,0x30,0x5f,0x6f,0x75,0x74,0x0a,0x7b,0x0a,0x20,0x20,0x20,0x20,0x66,
    0x6c,0x6f,0x61,0x74,0x34,0x20,0x63,0x6f,0x6c,0x20,0x5b,0x5b,0x75,0x73,0x65,0x72,
    0x28,0x6c,0x6f,0x63,0x6e,0x30,0x29,0x5d,0x5d,0x3b,0x0a,0x20,0x20,0x20,0x20,0x66,
    0x6c,0x6f,0x61,0x74,0x34,0x20,0x67,0x6c,0x5f,0x50,0x6f,0x73,0x69,0x74,0x69,0x6f,
    0x6e,0x20,0x5b,0x5b,0x70,0x6f,0x73,0x69,0x74,0x69,0x6f,0x6e,0x5d,0x5d,0x3b,0x0a,
    0x7d,0x3b,0x0a,0x0a,0x73,0x74,0x72,0x75,0x63,0x74,0x20,0x6d,0x61,0x69,0x6e,0x30,
    0x5f,0x69,0x6e,0x0a,0x7b,0x0a,0x20,0x20,0x20,0x20,0x66,0x6c,0x6f,0x61,0x74,0x33,
    0x20,0x69,0x5f,0x70,0x6f,0x73,0x20,0x5b,0x5b,0x61,0x74,0x74,0x72,0x69,0x62,0x75,
    0x74,0x65,0x28,0x30,0x29,0x5d,0x5d,0x3b,0x0a,0x20,0x20,0x20,0x20,0x66,0x6c,0x6f,
    0x61,0x74,0x34,0x20,0x69,0x5f,0x63,0x6f,0x6c,0x20,0x5b,0x5b,0x61,0x74,0x74,0x72,
    0x69,0x62,0x75,0x74,0x65,0x28,0x31,0x29,0x5d,0x5d,0x3b,0x0a,0x7d,0x3b,0x0a,0x0a,
    0x76,0x65,0x72,0x74,0x65,0x78,0x20,0x6d,0x61,0x69,0x6e,0x30,0x5f,0x6f,0x75,0x74,
    0x20,0x6d,0x61,0x69,0x6e,0x30,0x28,0x6d,0x61,0x69,0x6e,0x30,0x5f,0x69,0x6e,0x20,
    0x69,0x6e,0x20,0x5b,0x5b,0x73,0x74,0x61,0x67,0x65,0x5f,0x69,0x6e,0x5d,0x5d,0x2c,
    0x20,0x63,0x6f,0x6e,0x73,0x74,0x61,0x6e,0x74,0x20,0x76,0x73,0x5f,0x6c,0x69,0x6e,
    0x65,0x5f,0x70,0x61,0x72,0x61,0x6d,0x73,0x26,0x20,0x5f,0x32,0x34,0x20,0x5b,0x5b,
    0x62,0x75,0x66,0x66,0x65,0x72,0x28,0x30,0x29,0x5d,0x5d,0x29,0x0a,0x7b,0x0a,0x20,
    0x20,0x20,0x20,0x6d,0x61,0x69,0x6e,0x30,0x5f,0x6f,0x75,0x74,0x20,0x6f,0x75,0x74,
    0x20,0x3d,0x20,0x7b,0x7d,0x3b,0x0a,0x20,0x20,0x20,0x20,0x6f,0x75,0x74,0x2e,0x63,
    0x6f,0x6c,0x20,0x3d,0x20,0x69,0x6e,0x2e,0x69,0x5f,0x63,0x6f,0x6c,0x3b,0x0a,0x20,
    0x20,0x20,0x20,0x6f,0x75,0x74,0x2e,0x67,0x6c,0x5f,0x50,0x6f,0x73,0x69,0x74,0x69,
    0x6f,0x6e,0x20,0x3d,0x20,0x5f,0x32,0x34,0x2e,0x75,0x5f,0x6d,0x76,0x70,0x20,0x2a,
    0x20,0x66,0x6c,0x6f,0x61,0x74,0x34,0x28,0x69,0x6e,0x2e,0x69,0x5f,0x70,0x6f,0x73,
    0x2c,0x20,0x31,0x2e,0x30,0x29,0x3b,0x0a,0x20,0x20,0x20,0x20,0x72,0x65,0x74,0x75,
    0x72,0x6e,0x20,0x6f,0x75,0x74,0x3b,0x0a,0x7d,0x0a,0x0a,0x00,
};
/*
    #include <metal_stdlib>
    #include <simd/simd.h>

    using namespace metal;

    struct fs_line_params
    {
        float4 u_tint;
    };

    struct main0_out
    {
        float4 o_frag_col [[color(0)]];
    };

    struct main0_in
    {
        float4 col [[user(locn0)]];
    };

    fragment main0_out main0(main0_in in [[stage_in]], constant fs_line_params& _12 [[buffer(1)]])
    {
        main0_out out = {};
        out.o_frag_col = _12.u_tint * in.col;
        return out;
    }

*/
static const uint8_t fs_line_source_metal_macos[415] = {
    0x23,0x69,0x6e,0x63,0x6c,0x75,0x64,0x65,0x20,0x3c,0x6d,0x65,0x74,0x61,0x6c,0x5f,
    0x73,0x74,0x64,0x6c,0x69,0x62,0x3e,0x0a,0x23,0x69,0x6e,0x63,0x6c,0x75,0x64,0x65,
    0x20,0x3c,0x73,0x69,0x6d,0x64,0x2f,0x73,0x69,0x6d,0x64,0x2e,0x68,0x3e,0x0a,0x0a,
    0x75,0x73,0x69,0x6e,0x67,0x20,0x6e,0x61,0x6d,0x65,0x73,0x70,0x61,0x63,0x65,0x20,
    0x6d,0x65,0x74,0x61,0x6c,0x3b,0x0a,0x0a,0x73,0x74,0x72,0x75,0x63,0x74,0x20,0x66,
    0x73,0x5f,0x6c,0x69,0x6e,0x65,0x5f,0x70,0x61,0x72,0x61,0x6d,0x73,0x0a,0x7b,0x0a,
    0x20,0x20,0x20,0x20,0x66,0x6c,0x6f,0x61,0x74,0x34,0x20,0x75,0x5f,0x74,0x69,0x6e,
    0x74,0x3b,0x0a,0x7d,0x3b,0x0a,0x0a,0x73,0x74,0x72,0x75,0x63,0x74,0x20,0x6d,0x61,
    0x69,0x6e,0x30,0x5f,0x6f,0x75,0x74,0x0a,0x7b,0x0a,0x20,0x20,0x20,0x20,0x66,0x6c,
    0x6f,0x61,0x74,0x34,0x20,0x6f,0x5f,0x66,0x72,0x61,0x67,0x5f,0x63,0x6f,0x6c,0x20,
    0x5b,0x5b,0x63,0x6f,0x6c,0x6f,0x72,0x28,0x30,0x29,0x5d,0x5d,0x3b,0x0a,0x7d,0x3b,
    0x0a,0x0a,0x73,0x74,0x72,0x75,0x63,0x74,0x20,0x6d,0x61,0x69,0x6e,0x30,0x5f,0x69,
    0x6e,0x0a,0x7b,0x0a,0x20,0x20,0x20,0x20,0x66,0x6c,0x6f,0x61,0x74,0x34,0x20,0x63,
    0x6f,0x6c,0x20,0x5b,0x5b,0x75,0x73,0x65,0x72,0x28,0x6c,0x6f,0x63,0x6e,0x30,0x29,
    0x5d,0x5d,0x3b,0x0a,0x7d,0x3b,0x0a,0x0a,0x66,0x72,0x61,0x67,0x6d,0x65,0x6e,0x74,
    0x20,0x6d,0x61,0x69,0x6e,0x30,0x5f,0x6f,0x75,0x74,0x20,0x6d,0x61,0x69,0x6e,0x30,
    0x28,0x6d,0x61,0x69,0x6e,0x30,0x5f,0x69,0x6e,0x20,0x69,0x6e,0x20,0x5b,0x5b,0x73,
    0x74,0x61,0x67,0x65,0x5f,0x69,0x6e,0x5d,0x5d,0x2c,0x20,0x63,0x6f,0x6e,0x73,0x74,
    0x61,0x6e,0x74,0x20,0x66,0x73,0x5f,0x6c,0x69,0x6e,0x65,0x5f,0x70,0x61,0x72,0x61,
    0x6d,0x73,0x26,0x20,0x5f,0x31,0x32,0x20,0x5b,0x5b,0x62,0x75,0x66,0x66,0x65,0x72,
    0x28,0x31,0x29,0x5d,0x5d,0x29,0x0a,0x7b,0x0a,0x20,0x20,0x20,0x20,0x6d,0x61,0x69,
    0x6e,0x30,0x5f,0x6f,0x75,0x74,0x20,0x6f,0x75,0x74,0x20,0x3d,0x20,0x7b,0x7d,0x3b,
    0x0a,0x20,0x20,0x20,0x20,0x6f,0x75,0x74,0x2e,0x6f,0x5f,0x66,0x72,0x61,0x67,0x5f,
    0x63,0x6f,0x6c,0x20,0x3d,0x20,0x5f,0x31,0x32,0x2e,0x75,0x5f,0x74,0x69,0x6e,0x74,
    0x20,0x2a,0x20,0x69,0x6e,0x2e,0x63,0x6f,0x6c,0x3b,0x0a,0x20,0x20,0x20,0x20,0x72,
    0x65,0x74,0x75,0x72,0x6e,0x20,0x6f,0x75,0x74,0x3b,0x0a,0x7d,0x0a,0x0a,0x00,
};
/*
    #include <metal_stdlib>
    #include <simd/simd.h>

    using namespace metal;

    struct vs_fontview_params
    {
        float2 u_tl;
        float2 u_br;
    };

    struct main0_out
    {
        float2 uv [[user(locn0)]];
        float4 gl_Position [[position]];
    };

    struct main0_in
    {
        float2 i_pos [[attribute(0)]];
        float2 i_uv [[attribute(1)]];
    };

    vertex main0_out main0(main0_in in [[stage_in]], constant vs_fontview_params& _12 [[buffer(0)]])
    {
        main0_out out = {};
        out.uv = _12.u_tl + (in.i_uv * (_12.u_br - _12.u_tl));
        out.gl_Position = float4(in.i_pos, 0.5, 1.0);
        return out;
    }

*/
static const uint8_t vs_fontview_source_metal_macos[572] = {
    0x23,0x69,0x6e,0x63,0x6c,0x75,0x64,0x65,0x20,0x3c,0x6d,0x65,0x74,0x61,0x6c,0x5f,
    0x73,0x74,0x64,0x6c,0x69,0x62,0x3e,0x0a,0x23,0x69,0x6e,0x63,0x6c,0x75,0x64,0x65,
    0x20,0x3c,0x73,0x69,0x6d,0x64,0x2f,0x73,0x69,0x6d,0x64,0x2e,0x68,0x3e,0x0a,0x0a,
    0x75,0x73,0x69,0x6e,0x67,0x20,0x6e,0x61,0x6d,0x65,0x73,0x70,0x61,0x63,0x65,0x20,
    0x6d,0x65,0x74,0x61,0x6c,0x3b,0x0a,0x0a,0x73,0x74,0x72,0x75,0x63,0x74,0x20,0x76,
    0x73,0x5f,0x66,0x6f,0x6e,0x74,0x76,0x69,0x65,0x77,0x5f,0x70,0x61,0x72,0x61,0x6d,
    0x73,0x0a,0x7b,0x0a,0x20,0x20,0x20,0x20,0x66,0x6c,0x6f,0x61,0x74,0x32,0x20,0x75,
    0x5f,0x74,0x6c,0x3b,0x0a,0x20,0x20,0x20,0x20,0x66,0x6c,0x6f,0x61,0x74,0x32,0x20,
    0x75,0x5f,0x62,0x72,0x3b,0x0a,0x7d,0x3b,0x0a,0x0a,0x73,0x74,0x72,0x75,0x63,0x74,
    0x20,0x6d,0x61,0x69,0x6e,0x30,0x5f,0x6f,0x75,0x74,0x0a,0x7b,0x0a,0x20,0x20,0x20,
    0x20,0x66,0x6c,0x6f,0x61,0x74,0x32,0x20,0x75,0x76,0x20,0x5b,0x5b,0x75,0x73,0x65,
    0x72,0x28,0x6c,0x6f,0x63,0x6e,0x30,0x29,0x5d,0x5d,0x3b,0x0a,0x20,0x20,0x20,0x20,
    0x66,0x6c,0x6f,0x61,0x74,0x34,0x20,0x67,0x6c,0x5f,0x50,0x6f,0x73,0x69,0x74,0x69,
    0x6f,0x6e,0x20,0x5b,0x5b,0x70,0x6f,0x73,0x69,0x74,0x69,0x6f,0x6e,0x5d,0x5d,0x3b,
    0x0a,0x7d,0x3b,0x0a,0x0a,0x73,0x74,0x72,0x75,0x63,0x74,0x20,0x6d,0x61,0x69,0x6e,
    0x30,0x5f,0x69,0x6e,0x0a,0x7b,0x0a,0x20,0x20,0x20,0x20,0x66,0x6c,0x6f,0x61,0x74,
    0x32,0x20,0x69,0x5f,0x70,0x6f,0x73,0x20,0x5b,0x5b,0x61,0x74,0x74,0x72,0x69,0x62,
    0x75,0x74,0x65,0x28,0x30,0x29,0x5d,0x5d,0x3b,0x0a,0x20,0x20,0x20,0x20,0x66,0x6c,
    0x6f,0x61,0x74,0x32,0x20,0x69,0x5f,0x75,0x76,0x20,0x5b,0x5b,0x61,0x74,0x74,0x72,
    0x69,0x62,0x75,0x74,0x65,0x28,0x31,0x29,0x5d,0x5d,0x3b,0x0a,0x7d,0x3b,0x0a,0x0a,
    0x76,0x65,0x72,0x74,0x65,0x78,0x20,0x6d,0x61,0x69,0x6e,0x30,0x5f,0x6f,0x75,0x74,
    0x20,0x6d,0x61,0x69,0x6e,0x30,0x28,0x6d,0x61,0x69,0x6e,0x30,0x5f,0x69,0x6e,0x20,
    0x69,0x6e,0x20,0x5b,0x5b,0x73,0x74,0x61,0x67,0x65,0x5f,0x69,0x6e,0x5d,0x5d,0x2c,
    0x20,0x63,0x6f,0x6e,0x73,0x74,0x61,0x6e,0x74,0x20,0x76,0x73,0x5f,0x66,0x6f,0x6e,
    0x74,0x76,0x69,0x65,0x77,0x5f,0x70,0x61,0x72,0x61,0x6d,0x73,0x26,0x20,0x5f,0x31,
    0x32,0x20,0x5b,0x5b,0x62,0x75,0x66,0x66,0x65,0x72,0x28,0x30,0x29,0x5d,0x5d,0x29,
    0x0a,0x7b,0x0a,0x20,0x20,0x20,0x20,0x6d,0x61,0x69,0x6e,0x30,0x5f,0x6f,0x75,0x74,
    0x20,0x6f,0x75,0x74,0x20,0x3d,0x20,0x7b,0x7d,0x3b,0x0a,0x20,0x20,0x20,0x20,0x6f,
    0x75,0x74,0x2e,0x75,0x76,0x20,0x3d,0x20,0x5f,0x31,0x32,0x2e,0x75,0x5f,0x74,0x6c,
    0x20,0x2b,0x20,0x28,0x69,0x6e,0x2e,0x69,0x5f,0x75,0x76,0x20,0x2a,0x20,0x28,0x5f,
    0x31,0x32,0x2e,0x75,0x5f,0x62,0x72,0x20,0x2d,0x20,0x5f,0x31,0x32,0x2e,0x75,0x5f,
    0x74,0x6c,0x29,0x29,0x3b,0x0a,0x20,0x20,0x20,0x20,0x6f,0x75,0x74,0x2e,0x67,0x6c,
    0x5f,0x50,0x6f,0x73,0x69,0x74,0x69,0x6f,0x6e,0x20,0x3d,0x20,0x66,0x6c,0x6f,0x61,
    0x74,0x34,0x28,0x69,0x6e,0x2e,0x69,0x5f,0x70,0x6f,0x73,0x2c,0x20,0x30,0x2e,0x35,
    0x2c,0x20,0x31,0x2e,0x30,0x29,0x3b,0x0a,0x20,0x20,0x20,0x20,0x72,0x65,0x74,0x75,
    0x72,0x6e,0x20,0x6f,0x75,0x74,0x3b,0x0a,0x7d,0x0a,0x0a,0x00,
};
/*
    #include <metal_stdlib>
    #include <simd/simd.h>

    using namespace metal;

    struct fs_fontview_params
    {
        float4 u_tint;
    };

    struct main0_out
    {
        float4 o_frag_col [[color(0)]];
    };

    struct main0_in
    {
        float2 uv [[user(locn0)]];
    };

    fragment main0_out main0(main0_in in [[stage_in]], constant fs_fontview_params& _12 [[buffer(1)]], texture2d<float> u_fontview_tex [[texture(0)]], sampler u_fontview_smp [[sampler(0)]])
    {
        main0_out out = {};
        out.o_frag_col = _12.u_tint * u_fontview_tex.sample(u_fontview_smp, in.uv);
        return out;
    }

*/
static const uint8_t fs_fontview_source_metal_macos[547] = {
    0x23,0x69,0x6e,0x63,0x6c,0x75,0x64,0x65,0x20,0x3c,0x6d,0x65,0x74,0x61,0x6c,0x5f,
    0x73,0x74,0x64,0x6c,0x69,0x62,0x3e,0x0a,0x23,0x69,0x6e,0x63,0x6c,0x75,0x64,0x65,
    0x20,0x3c,0x73,0x69,0x6d,0x64,0x2f,0x73,0x69,0x6d,0x64,0x2e,0x68,0x3e,0x0a,0x0a,
    0x75,0x73,0x69,0x6e,0x67,0x20,0x6e,0x61,0x6d,0x65,0x73,0x70,0x61,0x63,0x65,0x20,
    0x6d,0x65,0x74,0x61,0x6c,0x3b,0x0a,0x0a,0x73,0x74,0x72,0x75,0x63,0x74,0x20,0x66,
    0x73,0x5f,0x66,0x6f,0x6e,0x74,0x76,0x69,0x65,0x77,0x5f,0x70,0x61,0x72,0x61,0x6d,
    0x73,0x0a,0x7b,0x0a,0x20,0x20,0x20,0x20,0x66,0x6c,0x6f,0x61,0x74,0x34,0x20,0x75,
    0x5f,0x74,0x69,0x6e,0x74,0x3b,0x0a,0x7d,0x3b,0x0a,0x0a,0x73,0x74,0x72,0x75,0x63,
    0x74,0x20,0x6d,0x61,0x69,0x6e,0x30,0x5f,0x6f,0x75,0x74,0x0a,0x7b,0x0a,0x20,0x20,
    0x20,0x20,0x66,0x6c,0x6f,0x61,0x74,0x34,0x20,0x6f,0x5f,0x66,0x72,0x61,0x67,0x5f,
    0x63,0x6f,0x6c,0x20,0x5b,0x5b,0x63,0x6f,0x6c,0x6f,0x72,0x28,0x30,0x29,0x5d,0x5d,
    0x3b,0x0a,0x7d,0x3b,0x0a,0x0a,0x73,0x74,0x72,0x75,0x63,0x74,0x20,0x6d,0x61,0x69,
    0x6e,0x30,0x5f,0x69,0x6e,0x0a,0x7b,0x0a,0x20,0x20,0x20,0x20,0x66,0x6c,0x6f,0x61,
    0x74,0x32,0x20,0x75,0x76,0x20,0x5b,0x5b,0x75,0x73,0x65,0x72,0x28,0x6c,0x6f,0x63,
    0x6e,0x30,0x29,0x5d,0x5d,0x3b,0x0a,0x7d,0x3b,0x0a,0x0a,0x66,0x72,0x61,0x67,0x6d,
    0x65,0x6e,0x74,0x20,0x6d,0x61,0x69,0x6e,0x30,0x5f,0x6f,0x75,0x74,0x20,0x6d,0x61,
    0x69,0x6e,0x30,0x28,0x6d,0x61,0x69,0x6e,0x30,0x5f,0x69,0x6e,0x20,0x69,0x6e,0x20,
    0x5b,0x5b,0x73,0x74,0x61,0x67,0x65,0x5f,0x69,0x6e,0x5d,0x5d,0x2c,0x20,0x63,0x6f,
    0x6e,0x73,0x74,0x61,0x6e,0x74,0x20,0x66,0x73,0x5f,0x66,0x6f,0x6e,0x74,0x76,0x69,
    0x65,0x77,0x5f,0x70,0x61,0x72,0x61,0x6d,0x73,0x26,0x20,0x5f,0x31,0x32,0x20,0x5b,
    0x5b,0x62,0x75,0x66,0x66,0x65,0x72,0x28,0x31,0x29,0x5d,0x5d,0x2c,0x20,0x74,0x65,
    0x78,0x74,0x75,0x72,0x65,0x32,0x64,0x3c,0x66,0x6c,0x6f,0x61,0x74,0x3e,0x20,0x75,
    0x5f,0x66,0x6f,0x6e,0x74,0x76,0x69,0x65,0x77,0x5f,0x74,0x65,0x78,0x20,0x5b,0x5b,
    0x74,0x65,0x78,0x74,0x75,0x72,0x65,0x28,0x30,0x29,0x5d,0x5d,0x2c,0x20,0x73,0x61,
    0x6d,0x70,0x6c,0x65,0x72,0x20,0x75,0x5f,0x66,0x6f,0x6e,0x74,0x76,0x69,0x65,0x77,
    0x5f,0x73,0x6d,0x70,0x20,0x5b,0x5b,0x73,0x61,0x6d,0x70,0x6c,0x65,0x72,0x28,0x30,
    0x29,0x5d,0x5d,0x29,0x0a,0x7b,0x0a,0x20,0x20,0x20,0x20,0x6d,0x61,0x69,0x6e,0x30,
    0x5f,0x6f,0x75,0x74,0x20,0x6f,0x75,0x74,0x20,0x3d,0x20,0x7b,0x7d,0x3b,0x0a,0x20,
    0x20,0x20,0x20,0x6f,0x75,0x74,0x2e,0x6f,0x5f,0x66,0x72,0x61,0x67,0x5f,0x63,0x6f,
    0x6c,0x20,0x3d,0x20,0x5f,0x31,0x32,0x2e,0x75,0x5f,0x74,0x69,0x6e,0x74,0x20,0x2a,
    0x20,0x75,0x5f,0x66,0x6f,0x6e,0x74,0x76,0x69,0x65,0x77,0x5f,0x74,0x65,0x78,0x2e,
    0x73,0x61,0x6d,0x70,0x6c,0x65,0x28,0x75,0x5f,0x66,0x6f,0x6e,0x74,0x76,0x69,0x65,
    0x77,0x5f,0x73,0x6d,0x70,0x2c,0x20,0x69,0x6e,0x2e,0x75,0x76,0x29,0x3b,0x0a,0x20,
    0x20,0x20,0x20,0x72,0x65,0x74,0x75,0x72,0x6e,0x20,0x6f,0x75,0x74,0x3b,0x0a,0x7d,
    0x0a,0x0a,0x00,
};
/*
    #include <metal_stdlib>
    #include <simd/simd.h>

    using namespace metal;

    struct p_vs_skybox
    {
        float4x4 u_mvp;
    };

    struct main0_out
    {
        float2 uv [[user(locn0)]];
        float4 gl_Position [[position]];
    };

    struct main0_in
    {
        float3 i_pos [[attribute(0)]];
        float2 i_uv [[attribute(1)]];
    };

    vertex main0_out main0(main0_in in [[stage_in]], constant p_vs_skybox& _19 [[buffer(0)]])
    {
        main0_out out = {};
        out.uv = in.i_uv;
        out.gl_Position = (_19.u_mvp * float4(in.i_pos, 1.0)).xyww;
        return out;
    }

*/
static const uint8_t vs_skybox_source_metal_macos[521] = {
    0x23,0x69,0x6e,0x63,0x6c,0x75,0x64,0x65,0x20,0x3c,0x6d,0x65,0x74,0x61,0x6c,0x5f,
    0x73,0x74,0x64,0x6c,0x69,0x62,0x3e,0x0a,0x23,0x69,0x6e,0x63,0x6c,0x75,0x64,0x65,
    0x20,0x3c,0x73,0x69,0x6d,0x64,0x2f,0x73,0x69,0x6d,0x64,0x2e,0x68,0x3e,0x0a,0x0a,
    0x75,0x73,0x69,0x6e,0x67,0x20,0x6e,0x61,0x6d,0x65,0x73,0x70,0x61,0x63,0x65,0x20,
    0x6d,0x65,0x74,0x61,0x6c,0x3b,0x0a,0x0a,0x73,0x74,0x72,0x75,0x63,0x74,0x20,0x70,
    0x5f,0x76,0x73,0x5f,0x73,0x6b,0x79,0x62,0x6f,0x78,0x0a,0x7b,0x0a,0x20,0x20,0x20,
    0x20,0x66,0x6c,0x6f,0x61,0x74,0x34,0x78,0x34,0x20,0x75,0x5f,0x6d,0x76,0x70,0x3b,
    0x0a,0x7d,0x3b,0x0a,0x0a,0x73,0x74,0x72,0x75,0x63,0x74,0x20,0x6d,0x61,0x69,0x6e,
    0x30,0x5f,0x6f,0x75,0x74,0x0a,0x7b,0x0a,0x20,0x20,0x20,0x20,0x66,0x6c,0x6f,0x61,
    0x74,0x32,0x20,0x75,0x76,0x20,0x5b,0x5b,0x75,0x73,0x65,0x72,0x28,0x6c,0x6f,0x63,
    0x6e,0x30,0x29,0x5d,0x5d,0x3b,0x0a,0x20,0x20,0x20,0x20,0x66,0x6c,0x6f,0x61,0x74,
    0x34,0x20,0x67,0x6c,0x5f,0x50,0x6f,0x73,0x69,0x74,0x69,0x6f,0x6e,0x20,0x5b,0x5b,
    0x70,0x6f,0x73,0x69,0x74,0x69,0x6f,0x6e,0x5d,0x5d,0x3b,0x0a,0x7d,0x3b,0x0a,0x0a,
    0x73,0x74,0x72,0x75,0x63,0x74,0x20,0x6d,0x61,0x69,0x6e,0x30,0x5f,0x69,0x6e,0x0a,
    0x7b,0x0a,0x20,0x20,0x20,0x20,0x66,0x6c,0x6f,0x61,0x74,0x33,0x20,0x69,0x5f,0x70,
    0x6f,0x73,0x20,0x5b,0x5b,0x61,0x74,0x74,0x72,0x69,0x62,0x75,0x74,0x65,0x28,0x30,
    0x29,0x5d,0x5d,0x3b,0x0a,0x20,0x20,0x20,0x20,0x66,0x6c,0x6f,0x61,0x74,0x32,0x20,
    0x69,0x5f,0x75,0x76,0x20,0x5b,0x5b,0x61,0x74,0x74,0x72,0x69,0x62,0x75,0x74,0x65,
    0x28,0x31,0x29,0x5d,0x5d,0x3b,0x0a,0x7d,0x3b,0x0a,0x0a,0x76,0x65,0x72,0x74,0x65,
    0x78,0x20,0x6d,0x61,0x69,0x6e,0x30,0x5f,0x6f,0x75,0x74,0x20,0x6d,0x61,0x69,0x6e,
    0x30,0x28,0x6d,0x61,0x69,0x6e,0x30,0x5f,0x69,0x6e,0x20,0x69,0x6e,0x20,0x5b,0x5b,
    0x73,0x74,0x61,0x67,0x65,0x5f,0x69,0x6e,0x5d,0x5d,0x2c,0x20,0x63,0x6f,0x6e,0x73,
    0x74,0x61,0x6e,0x74,0x20,0x70,0x5f,0x76,0x73,0x5f,0x73,0x6b,0x79,0x62,0x6f,0x78,
    0x26,0x20,0x5f,0x31,0x39,0x20,0x5b,0x5b,0x62,0x75,0x66,0x66,0x65,0x72,0x28,0x30,
    0x29,0x5d,0x5d,0x29,0x0a,0x7b,0x0a,0x20,0x20,0x20,0x20,0x6d,0x61,0x69,0x6e,0x30,
    0x5f,0x6f,0x75,0x74,0x20,0x6f,0x75,0x74,0x20,0x3d,0x20,0x7b,0x7d,0x3b,0x0a,0x20,
    0x20,0x20,0x20,0x6f,0x75,0x74,0x2e,0x75,0x76,0x20,0x3d,0x20,0x69,0x6e,0x2e,0x69,
    0x5f,0x75,0x76,0x3b,0x0a,0x20,0x20,0x20,0x20,0x6f,0x75,0x74,0x2e,0x67,0x6c,0x5f,
    0x50,0x6f,0x73,0x69,0x74,0x69,0x6f,0x6e,0x20,0x3d,0x20,0x28,0x5f,0x31,0x39,0x2e,
    0x75,0x5f,0x6d,0x76,0x70,0x20,0x2a,0x20,0x66,0x6c,0x6f,0x61,0x74,0x34,0x28,0x69,
    0x6e,0x2e,0x69,0x5f,0x70,0x6f,0x73,0x2c,0x20,0x31,0x2e,0x30,0x29,0x29,0x2e,0x78,
    0x79,0x77,0x77,0x3b,0x0a,0x20,0x20,0x20,0x20,0x72,0x65,0x74,0x75,0x72,0x6e,0x20,
    0x6f,0x75,0x74,0x3b,0x0a,0x7d,0x0a,0x0a,0x00,
};
/*
    #include <metal_stdlib>
    #include <simd/simd.h>

    using namespace metal;

    struct main0_out
    {
        float4 o_frag_col [[color(0)]];
    };

    struct main0_in
    {
        float2 uv [[user(locn0)]];
    };

    fragment main0_out main0(main0_in in [[stage_in]], texture2d<float> b_skybox_tex [[texture(0)]], sampler b_skybox_smp [[sampler(0)]])
    {
        main0_out out = {};
        out.o_frag_col = b_skybox_tex.sample(b_skybox_smp, in.uv);
        return out;
    }

*/
static const uint8_t fs_skybox_source_metal_macos[427] = {
    0x23,0x69,0x6e,0x63,0x6c,0x75,0x64,0x65,0x20,0x3c,0x6d,0x65,0x74,0x61,0x6c,0x5f,
    0x73,0x74,0x64,0x6c,0x69,0x62,0x3e,0x0a,0x23,0x69,0x6e,0x63,0x6c,0x75,0x64,0x65,
    0x20,0x3c,0x73,0x69,0x6d,0x64,0x2f,0x73,0x69,0x6d,0x64,0x2e,0x68,0x3e,0x0a,0x0a,
    0x75,0x73,0x69,0x6e,0x67,0x20,0x6e,0x61,0x6d,0x65,0x73,0x70,0x61,0x63,0x65,0x20,
    0x6d,0x65,0x74,0x61,0x6c,0x3b,0x0a,0x0a,0x73,0x74,0x72,0x75,0x63,0x74,0x20,0x6d,
    0x61,0x69,0x6e,0x30,0x5f,0x6f,0x75,0x74,0x0a,0x7b,0x0a,0x20,0x20,0x20,0x20,0x66,
    0x6c,0x6f,0x61,0x74,0x34,0x20,0x6f,0x5f,0x66,0x72,0x61,0x67,0x5f,0x63,0x6f,0x6c,
    0x20,0x5b,0x5b,0x63,0x6f,0x6c,0x6f,0x72,0x28,0x30,0x29,0x5d,0x5d,0x3b,0x0a,0x7d,
    0x3b,0x0a,0x0a,0x73,0x74,0x72,0x75,0x63,0x74,0x20,0x6d,0x61,0x69,0x6e,0x30,0x5f,
    0x69,0x6e,0x0a,0x7b,0x0a,0x20,0x20,0x20,0x20,0x66,0x6c,0x6f,0x61,0x74,0x32,0x20,
    0x75,0x76,0x20,0x5b,0x5b,0x75,0x73,0x65,0x72,0x28,0x6c,0x6f,0x63,0x6e,0x30,0x29,
    0x5d,0x5d,0x3b,0x0a,0x7d,0x3b,0x0a,0x0a,0x66,0x72,0x61,0x67,0x6d,0x65,0x6e,0x74,
    0x20,0x6d,0x61,0x69,0x6e,0x30,0x5f,0x6f,0x75,0x74,0x20,0x6d,0x61,0x69,0x6e,0x30,
    0x28,0x6d,0x61,0x69,0x6e,0x30,0x5f,0x69,0x6e,0x20,0x69,0x6e,0x20,0x5b,0x5b,0x73,
    0x74,0x61,0x67,0x65,0x5f,0x69,0x6e,0x5d,0x5d,0x2c,0x20,0x74,0x65,0x78,0x74,0x75,
    0x72,0x65,0x32,0x64,0x3c,0x66,0x6c,0x6f,0x61,0x74,0x3e,0x20,0x62,0x5f,0x73,0x6b,
    0x79,0x62,0x6f,0x78,0x5f,0x74,0x65,0x78,0x20,0x5b,0x5b,0x74,0x65,0x78,0x74,0x75,
    0x72,0x65,0x28,0x30,0x29,0x5d,0x5d,0x2c,0x20,0x73,0x61,0x6d,0x70,0x6c,0x65,0x72,
    0x20,0x62,0x5f,0x73,0x6b,0x79,0x62,0x6f,0x78,0x5f,0x73,0x6d,0x70,0x20,0x5b,0x5b,
    0x73,0x61,0x6d,0x70,0x6c,0x65,0x72,0x28,0x30,0x29,0x5d,0x5d,0x29,0x0a,0x7b,0x0a,
    0x20,0x20,0x20,0x20,0x6d,0x61,0x69,0x6e,0x30,0x5f,0x6f,0x75,0x74,0x20,0x6f,0x75,
    0x74,0x20,0x3d,0x20,0x7b,0x7d,0x3b,0x0a,0x20,0x20,0x20,0x20,0x6f,0x75,0x74,0x2e,
    0x6f,0x5f,0x66,0x72,0x61,0x67,0x5f,0x63,0x6f,0x6c,0x20,0x3d,0x20,0x62,0x5f,0x73,
    0x6b,0x79,0x62,0x6f,0x78,0x5f,0x74,0x65,0x78,0x2e,0x73,0x61,0x6d,0x70,0x6c,0x65,
    0x28,0x62,0x5f,0x73,0x6b,0x79,0x62,0x6f,0x78,0x5f,0x73,0x6d,0x70,0x2c,0x20,0x69,
    0x6e,0x2e,0x75,0x76,0x29,0x3b,0x0a,0x20,0x20,0x20,0x20,0x72,0x65,0x74,0x75,0x72,
    0x6e,0x20,0x6f,0x75,0x74,0x3b,0x0a,0x7d,0x0a,0x0a,0x00,
};
/*
    #include <metal_stdlib>
    #include <simd/simd.h>

    using namespace metal;

    struct p_vs_shadow_map
    {
        float4x4 u_model;
        float4x4 u_mvp;
    };

    struct main0_out
    {
        float3 pos [[user(locn0)]];
        float4 gl_Position [[position]];
    };

    struct main0_in
    {
        float3 i_pos [[attribute(0)]];
    };

    vertex main0_out main0(main0_in in [[stage_in]], constant p_vs_shadow_map& _14 [[buffer(0)]])
    {
        main0_out out = {};
        float4 _27 = float4(in.i_pos, 1.0);
        out.pos = (_14.u_model * _27).xyz;
        out.gl_Position = _14.u_mvp * _27;
        return out;
    }

*/
static const uint8_t vs_shadow_map_source_metal_macos[550] = {
    0x23,0x69,0x6e,0x63,0x6c,0x75,0x64,0x65,0x20,0x3c,0x6d,0x65,0x74,0x61,0x6c,0x5f,
    0x73,0x74,0x64,0x6c,0x69,0x62,0x3e,0x0a,0x23,0x69,0x6e,0x63,0x6c,0x75,0x64,0x65,
    0x20,0x3c,0x73,0x69,0x6d,0x64,0x2f,0x73,0x69,0x6d,0x64,0x2e,0x68,0x3e,0x0a,0x0a,
    0x75,0x73,0x69,0x6e,0x67,0x20,0x6e,0x61,0x6d,0x65,0x73,0x70,0x61,0x63,0x65,0x20,
    0x6d,0x65,0x74,0x61,0x6c,0x3b,0x0a,0x0a,0x73,0x74,0x72,0x75,0x63,0x74,0x20,0x70,
    0x5f,0x76,0x73,0x5f,0x73,0x68,0x61,0x64,0x6f,0x77,0x5f,0x6d,0x61,0x70,0x0a,0x7b,
    0x0a,0x20,0x20,0x20,0x20,0x66,0x6c,0x6f,0x61,0x74,0x34,0x78,0x34,0x20,0x75,0x5f,
    0x6d,0x6f,0x64,0x65,0x6c,0x3b,0x0a,0x20,0x20,0x20,0x20,0x66,0x6c,0x6f,0x61,0x74,
    0x34,0x78,0x34,0x20,0x75,0x5f,0x6d,0x76,0x70,0x3b,0x0a,0x7d,0x3b,0x0a,0x0a,0x73,
    0x74,0x72,0x75,0x63,0x74,0x20,0x6d,0x61,0x69,0x6e,0x30,0x5f,0x6f,0x75,0x74,0x0a,
    0x7b,0x0a,0x20,0x20,0x20,0x20,0x66,0x6c,0x6f,0x61,0x74,0x33,0x20,0x70,0x6f,0x73,
    0x20,0x5b,0x5b,0x75,0x73,0x65,0x72,0x28,0x6c,0x6f,0x63,0x6e,0x30,0x29,0x5d,0x5d,
    0x3b,0x0a,0x20,0x20,0x20,0x20,0x66,0x6c,0x6f,0x61,0x74,0x34,0x20,0x67,0x6c,0x5f,
    0x50,0x6f,0x73,0x69,0x74,0x69,0x6f,0x6e,0x20,0x5b,0x5b,0x70,0x6f,0x73,0x69,0x74,
    0x69,0x6f,0x6e,0x5d,0x5d,0x3b,0x0a,0x7d,0x3b,0x0a,0x0a,0x73,0x74,0x72,0x75,0x63,
    0x74,0x20,0x6d,0x61,0x69,0x6e,0x30,0x5f,0x69,0x6e,0x0a,0x7b,0x0a,0x20,0x20,0x20,
    0x20,0x66,0x6c,0x6f,0x61,0x74,0x33,0x20,0x69,0x5f,0x70,0x6f,0x73,0x20,0x5b,0x5b,
    0x61,0x74,0x74,0x72,0x69,0x62,0x75,0x74,0x65,0x28,0x30,0x29,0x5d,0x5d,0x3b,0x0a,
    0x7d,0x3b,0x0a,0x0a,0x76,0x65,0x72,0x74,0x65,0x78,0x20,0x6d,0x61,0x69,0x6e,0x30,
    0x5f,0x6f,0x75,0x74,0x20,0x6d,0x61,0x69,0x6e,0x30,0x28,0x6d,0x61,0x69,0x6e,0x30,
    0x5f,0x69,0x6e,0x20,0x69,0x6e,0x20,0x5b,0x5b,0x73,0x74,0x61,0x67,0x65,0x5f,0x69,
    0x6e,0x5d,0x5d,0x2c,0x20,0x63,0x6f,0x6e,0x73,0x74,0x61,0x6e,0x74,0x20,0x70,0x5f,
    0x76,0x73,0x5f,0x73,0x68,0x61,0x64,0x6f,0x77,0x5f,0x6d,0x61,0x70,0x26,0x20,0x5f,
    0x31,0x34,0x20,0x5b,0x5b,0x62,0x75,0x66,0x66,0x65,0x72,0x28,0x30,0x29,0x5d,0x5d,
    0x29,0x0a,0x7b,0x0a,0x20,0x20,0x20,0x20,0x6d,0x61,0x69,0x6e,0x30,0x5f,0x6f,0x75,
    0x74,0x20,0x6f,0x75,0x74,0x20,0x3d,0x20,0x7b,0x7d,0x3b,0x0a,0x20,0x20,0x20,0x20,
    0x66,0x6c,0x6f,0x61,0x74,0x34,0x20,0x5f,0x32,0x37,0x20,0x3d,0x20,0x66,0x6c,0x6f,
    0x61,0x74,0x34,0x28,0x69,0x6e,0x2e,0x69,0x5f,0x70,0x6f,0x73,0x2c,0x20,0x31,0x2e,
    0x30,0x29,0x3b,0x0a,0x20,0x20,0x20,0x20,0x6f,0x75,0x74,0x2e,0x70,0x6f,0x73,0x20,
    0x3d,0x20,0x28,0x5f,0x31,0x34,0x2e,0x75,0x5f,0x6d,0x6f,0x64,0x65,0x6c,0x20,0x2a,
    0x20,0x5f,0x32,0x37,0x29,0x2e,0x78,0x79,0x7a,0x3b,0x0a,0x20,0x20,0x20,0x20,0x6f,
    0x75,0x74,0x2e,0x67,0x6c,0x5f,0x50,0x6f,0x73,0x69,0x74,0x69,0x6f,0x6e,0x20,0x3d,
    0x20,0x5f,0x31,0x34,0x2e,0x75,0x5f,0x6d,0x76,0x70,0x20,0x2a,0x20,0x5f,0x32,0x37,
    0x3b,0x0a,0x20,0x20,0x20,0x20,0x72,0x65,0x74,0x75,0x72,0x6e,0x20,0x6f,0x75,0x74,
    0x3b,0x0a,0x7d,0x0a,0x0a,0x00,
};
/*
    #pragma clang diagnostic ignored "-Wmissing-prototypes"

    #include <metal_stdlib>
    #include <simd/simd.h>

    using namespace metal;

    struct p_fs_shadow_map
    {
        packed_float3 u_light_pos;
        float u_cam_near;
        float u_cam_far;
    };

    struct main0_out
    {
        float4 o_frag_col [[color(0)]];
    };

    struct main0_in
    {
        float3 pos [[user(locn0)]];
    };

    static inline __attribute__((always_inline))
    float4 encodeFloat(thread const float& f)
    {
        float4 _22 = fract(float4(1.0, 255.0, 65025.0, 16581375.0) * f);
        return _22 - (_22.yzwx * float4(0.0039215688593685626983642578125, 0.0039215688593685626983642578125, 0.0039215688593685626983642578125, 0.0));
    }

    fragment main0_out main0(main0_in in [[stage_in]], constant p_fs_shadow_map& _37 [[buffer(1)]])
    {
        main0_out out = {};
        float param = (length(float3(_37.u_light_pos) - in.pos) - _37.u_cam_near) / (_37.u_cam_far - _37.u_cam_near);
        out.o_frag_col = encodeFloat(param);
        return out;
    }

*/
static const uint8_t fs_shadow_map_source_metal_macos[951] = {
    0x23,0x70,0x72,0x61,0x67,0x6d,0x61,0x20,0x63,0x6c,0x61,0x6e,0x67,0x20,0x64,0x69,
    0x61,0x67,0x6e,0x6f,0x73,0x74,0x69,0x63,0x20,0x69,0x67,0x6e,0x6f,0x72,0x65,0x64,
    0x20,0x22,0x2d,0x57,0x6d,0x69,0x73,0x73,0x69,0x6e,0x67,0x2d,0x70,0x72,0x6f,0x74,
    0x6f,0x74,0x79,0x70,0x65,0x73,0x22,0x0a,0x0a,0x23,0x69,0x6e,0x63,0x6c,0x75,0x64,
    0x65,0x20,0x3c,0x6d,0x65,0x74,0x61,0x6c,0x5f,0x73,0x74,0x64,0x6c,0x69,0x62,0x3e,
    0x0a,0x23,0x69,0x6e,0x63,0x6c,0x75,0x64,0x65,0x20,0x3c,0x73,0x69,0x6d,0x64,0x2f,
    0x73,0x69,0x6d,0x64,0x2e,0x68,0x3e,0x0a,0x0a,0x75,0x73,0x69,0x6e,0x67,0x20,0x6e,
    0x61,0x6d,0x65,0x73,0x70,0x61,0x63,0x65,0x20,0x6d,0x65,0x74,0x61,0x6c,0x3b,0x0a,
    0x0a,0x73,0x74,0x72,0x75,0x63,0x74,0x20,0x70,0x5f,0x66,0x73,0x5f,0x73,0x68,0x61,
    0x64,0x6f,0x77,0x5f,0x6d,0x61,0x70,0x0a,0x7b,0x0a,0x20,0x20,0x20,0x20,0x70,0x61,
    0x63,0x6b,0x65,0x64,0x5f,0x66,0x6c,0x6f,0x61,0x74,0x33,0x20,0x75,0x5f,0x6c,0x69,
    0x67,0x68,0x74,0x5f,0x70,0x6f,0x73,0x3b,0x0a,0x20,0x20,0x20,0x20,0x66,0x6c,0x6f,
    0x61,0x74,0x20,0x75,0x5f,0x63,0x61,0x6d,0x5f,0x6e,0x65,0x61,0x72,0x3b,0x0a,0x20,
    0x20,0x20,0x20,0x66,0x6c,0x6f,0x61,0x74,0x20,0x75,0x5f,0x63,0x61,0x6d,0x5f,0x66,
    0x61,0x72,0x3b,0x0a,0x7d,0x3b,0x0a,0x0a,0x73,0x74,0x72,0x75,0x63,0x74,0x20,0x6d,
    0x61,0x69,0x6e,0x30,0x5f,0x6f,0x75,0x74,0x0a,0x7b,0x0a,0x20,0x20,0x20,0x20,0x66,
    0x6c,0x6f,0x61,0x74,0x34,0x20,0x6f,0x5f,0x66,0x72,0x61,0x67,0x5f,0x63,0x6f,0x6c,
    0x20,0x5b,0x5b,0x63,0x6f,0x6c,0x6f,0x72,0x28,0x30,0x29,0x5d,0x5d,0x3b,0x0a,0x7d,
    0x3b,0x0a,0x0a,0x73,0x74,0x72,0x75,0x63,0x74,0x20,0x6d,0x61,0x69,0x6e,0x30,0x5f,
    0x69,0x6e,0x0a,0x7b,0x0a,0x20,0x20,0x20,0x20,0x66,0x6c,0x6f,0x61,0x74,0x33,0x20,
    0x70,0x6f,0x73,0x20,0x5b,0x5b,0x75,0x73,0x65,0x72,0x28,0x6c,0x6f,0x63,0x6e,0x30,
    0x29,0x5d,0x5d,0x3b,0x0a,0x7d,0x3b,0x0a,0x0a,0x73,0x74,0x61,0x74,0x69,0x63,0x20,
    0x69,0x6e,0x6c,0x69,0x6e,0x65,0x20,0x5f,0x5f,0x61,0x74,0x74,0x72,0x69,0x62,0x75,
    0x74,0x65,0x5f,0x5f,0x28,0x28,0x61,0x6c,0x77,0x61,0x79,0x73,0x5f,0x69,0x6e,0x6c,
    0x69,0x6e,0x65,0x29,0x29,0x0a,0x66,0x6c,0x6f,0x61,0x74,0x34,0x20,0x65,0x6e,0x63,
    0x6f,0x64,0x65,0x46,0x6c,0x6f,0x61,0x74,0x28,0x74,0x68,0x72,0x65,0x61,0x64,0x20,
    0x63,0x6f,0x6e,0x73,0x74,0x20,0x66,0x6c,0x6f,0x61,0x74,0x26,0x20,0x66,0x29,0x0a,
    0x7b,0x0a,0x20,0x20,0x20,0x20,0x66,0x6c,0x6f,0x61,0x74,0x34,0x20,0x5f,0x32,0x32,
    0x20,0x3d,0x20,0x66,0x72,0x61,0x63,0x74,0x28,0x66,0x6c,0x6f,0x61,0x74,0x34,0x28,
    0x31,0x2e,0x30,0x2c,0x20,0x32,0x35,0x35,0x2e,0x30,0x2c,0x20,0x36,0x35,0x30,0x32,
    0x35,0x2e,0x30,0x2c,0x20,0x31,0x36,0x35,0x38,0x31,0x33,0x37,0x35,0x2e,0x30,0x29,
    0x20,0x2a,0x20,0x66,0x29,0x3b,0x0a,0x20,0x20,0x20,0x20,0x72,0x65,0x74,0x75,0x72,
    0x6e,0x20,0x5f,0x32,0x32,0x20,0x2d,0x20,0x28,0x5f,0x32,0x32,0x2e,0x79,0x7a,0x77,
    0x78,0x20,0x2a,0x20,0x66,0x6c,0x6f,0x61,0x74,0x34,0x28,0x30,0x2e,0x30,0x30,0x33,
    0x39,0x32,0x31,0x35,0x36,0x38,0x38,0x35,0x39,0x33,0x36,0x38,0x35,0x36,0x32,0x36,
    0x39,0x38,0x33,0x36,0x34,0x32,0x35,0x37,0x38,0x31,0x32,0x35,0x2c,0x20,0x30,0x2e,
    0x30,0x30,0x33,0x39,0x32,0x31,0x35,0x36,0x38,0x38,0x35,0x39,0x33,0x36,0x38,0x35,
    0x36,0x32,0x36,0x39,0x38,0x33,0x36,0x34,0x32,0x35,0x37,0x38,0x31,0x32,0x35,0x2c,
    0x20,0x30,0x2e,0x30,0x30,0x33,0x39,0x32,0x31,0x35,0x36,0x38,0x38,0x35,0x39,0x33,
    0x36,0x38,0x35,0x36,0x32,0x36,0x39,0x38,0x33,0x36,0x34,0x32,0x35,0x37,0x38,0x31,
    0x32,0x35,0x2c,0x20,0x30,0x2e,0x30,0x29,0x29,0x3b,0x0a,0x7d,0x0a,0x0a,0x66,0x72,
    0x61,0x67,0x6d,0x65,0x6e,0x74,0x20,0x6d,0x61,0x69,0x6e,0x30,0x5f,0x6f,0x75,0x74,
    0x20,0x6d,0x61,0x69,0x6e,0x30,0x28,0x6d,0x61,0x69,0x6e,0x30,0x5f,0x69,0x6e,0x20,
    0x69,0x6e,0x20,0x5b,0x5b,0x73,0x74,0x61,0x67,0x65,0x5f,0x69,0x6e,0x5d,0x5d,0x2c,
    0x20,0x63,0x6f,0x6e,0x73,0x74,0x61,0x6e,0x74,0x20,0x70,0x5f,0x66,0x73,0x5f,0x73,
    0x68,0x61,0x64,0x6f,0x77,0x5f,0x6d,0x61,0x70,0x26,0x20,0x5f,0x33,0x37,0x20,0x5b,
    0x5b,0x62,0x75,0x66,0x66,0x65,0x72,0x28,0x31,0x29,0x5d,0x5d,0x29,0x0a,0x7b,0x0a,
    0x20,0x20,0x20,0x20,0x6d,0x61,0x69,0x6e,0x30,0x5f,0x6f,0x75,0x74,0x20,0x6f,0x75,
    0x74,0x20,0x3d,0x20,0x7b,0x7d,0x3b,0x0a,0x20,0x20,0x20,0x20,0x66,0x6c,0x6f,0x61,
    0x74,0x20,0x70,0x61,0x72,0x61,0x6d,0x20,0x3d,0x20,0x28,0x6c,0x65,0x6e,0x67,0x74,
    0x68,0x28,0x66,0x6c,0x6f,0x61,0x74,0x33,0x28,0x5f,0x33,0x37,0x2e,0x75,0x5f,0x6c,
    0x69,0x67,0x68,0x74,0x5f,0x70,0x6f,0x73,0x29,0x20,0x2d,0x20,0x69,0x6e,0x2e,0x70,
    0x6f,0x73,0x29,0x20,0x2d,0x20,0x5f,0x33,0x37,0x2e,0x75,0x5f,0x63,0x61,0x6d,0x5f,
    0x6e,0x65,0x61,0x72,0x29,0x20,0x2f,0x20,0x28,0x5f,0x33,0x37,0x2e,0x75,0x5f,0x63,
    0x61,0x6d,0x5f,0x66,0x61,0x72,0x20,0x2d,0x20,0x5f,0x33,0x37,0x2e,0x75,0x5f,0x63,
    0x61,0x6d,0x5f,0x6e,0x65,0x61,0x72,0x29,0x3b,0x0a,0x20,0x20,0x20,0x20,0x6f,0x75,
    0x74,0x2e,0x6f,0x5f,0x66,0x72,0x61,0x67,0x5f,0x63,0x6f,0x6c,0x20,0x3d,0x20,0x65,
    0x6e,0x63,0x6f,0x64,0x65,0x46,0x6c,0x6f,0x61,0x74,0x28,0x70,0x61,0x72,0x61,0x6d,
    0x29,0x3b,0x0a,0x20,0x20,0x20,0x20,0x72,0x65,0x74,0x75,0x72,0x6e,0x20,0x6f,0x75,
    0x74,0x3b,0x0a,0x7d,0x0a,0x0a,0x00,
};
static inline const sg_shader_desc* colorview_shader_desc(sg_backend backend) {
    if (backend == SG_BACKEND_GLCORE) {
        static sg_shader_desc desc;
        static bool valid;
        if (!valid) {
            valid = true;
            desc.vertex_func.source = (const char*)vs_colorview_source_glsl430;
            desc.vertex_func.entry = "main";
            desc.fragment_func.source = (const char*)fs_colorview_source_glsl430;
            desc.fragment_func.entry = "main";
            desc.attrs[0].base_type = SG_SHADERATTRBASETYPE_FLOAT;
            desc.attrs[0].glsl_name = "i_pos";
            desc.attrs[1].base_type = SG_SHADERATTRBASETYPE_FLOAT;
            desc.attrs[1].glsl_name = "i_uv";
            desc.uniform_blocks[0].stage = SG_SHADERSTAGE_VERTEX;
            desc.uniform_blocks[0].layout = SG_UNIFORMLAYOUT_STD140;
            desc.uniform_blocks[0].size = 16;
            desc.uniform_blocks[0].glsl_uniforms[0].type = SG_UNIFORMTYPE_FLOAT4;
            desc.uniform_blocks[0].glsl_uniforms[0].array_count = 1;
            desc.uniform_blocks[0].glsl_uniforms[0].glsl_name = "p_vs_colorview";
            desc.uniform_blocks[1].stage = SG_SHADERSTAGE_FRAGMENT;
            desc.uniform_blocks[1].layout = SG_UNIFORMLAYOUT_STD140;
            desc.uniform_blocks[1].size = 16;
            desc.uniform_blocks[1].glsl_uniforms[0].type = SG_UNIFORMTYPE_FLOAT4;
            desc.uniform_blocks[1].glsl_uniforms[0].array_count = 1;
            desc.uniform_blocks[1].glsl_uniforms[0].glsl_name = "p_fs_colorview";
            desc.views[0].texture.stage = SG_SHADERSTAGE_FRAGMENT;
            desc.views[0].texture.image_type = SG_IMAGETYPE_2D;
            desc.views[0].texture.sample_type = SG_IMAGESAMPLETYPE_FLOAT;
            desc.views[0].texture.multisampled = false;
            desc.samplers[0].stage = SG_SHADERSTAGE_FRAGMENT;
            desc.samplers[0].sampler_type = SG_SAMPLERTYPE_FILTERING;
            desc.texture_sampler_pairs[0].stage = SG_SHADERSTAGE_FRAGMENT;
            desc.texture_sampler_pairs[0].view_slot = 0;
            desc.texture_sampler_pairs[0].sampler_slot = 0;
            desc.texture_sampler_pairs[0].glsl_name = "b_colorview_tex_b_colorview_smp";
            desc.label = "colorview_shader";
        }
        return &desc;
    }
    if (backend == SG_BACKEND_D3D11) {
        static sg_shader_desc desc;
        static bool valid;
        if (!valid) {
            valid = true;
            desc.vertex_func.source = (const char*)vs_colorview_source_hlsl5;
            desc.vertex_func.d3d11_target = "vs_5_0";
            desc.vertex_func.entry = "main";
            desc.fragment_func.source = (const char*)fs_colorview_source_hlsl5;
            desc.fragment_func.d3d11_target = "ps_5_0";
            desc.fragment_func.entry = "main";
            desc.attrs[0].base_type = SG_SHADERATTRBASETYPE_FLOAT;
            desc.attrs[0].hlsl_sem_name = "TEXCOORD";
            desc.attrs[0].hlsl_sem_index = 0;
            desc.attrs[1].base_type = SG_SHADERATTRBASETYPE_FLOAT;
            desc.attrs[1].hlsl_sem_name = "TEXCOORD";
            desc.attrs[1].hlsl_sem_index = 1;
            desc.uniform_blocks[0].stage = SG_SHADERSTAGE_VERTEX;
            desc.uniform_blocks[0].layout = SG_UNIFORMLAYOUT_STD140;
            desc.uniform_blocks[0].size = 16;
            desc.uniform_blocks[0].hlsl_register_b_n = 0;
            desc.uniform_blocks[1].stage = SG_SHADERSTAGE_FRAGMENT;
            desc.uniform_blocks[1].layout = SG_UNIFORMLAYOUT_STD140;
            desc.uniform_blocks[1].size = 16;
            desc.uniform_blocks[1].hlsl_register_b_n = 1;
            desc.views[0].texture.stage = SG_SHADERSTAGE_FRAGMENT;
            desc.views[0].texture.image_type = SG_IMAGETYPE_2D;
            desc.views[0].texture.sample_type = SG_IMAGESAMPLETYPE_FLOAT;
            desc.views[0].texture.multisampled = false;
            desc.views[0].texture.hlsl_register_t_n = 0;
            desc.samplers[0].stage = SG_SHADERSTAGE_FRAGMENT;
            desc.samplers[0].sampler_type = SG_SAMPLERTYPE_FILTERING;
            desc.samplers[0].hlsl_register_s_n = 0;
            desc.texture_sampler_pairs[0].stage = SG_SHADERSTAGE_FRAGMENT;
            desc.texture_sampler_pairs[0].view_slot = 0;
            desc.texture_sampler_pairs[0].sampler_slot = 0;
            desc.label = "colorview_shader";
        }
        return &desc;
    }
    if (backend == SG_BACKEND_METAL_MACOS) {
        static sg_shader_desc desc;
        static bool valid;
        if (!valid) {
            valid = true;
            desc.vertex_func.source = (const char*)vs_colorview_source_metal_macos;
            desc.vertex_func.entry = "main0";
            desc.fragment_func.source = (const char*)fs_colorview_source_metal_macos;
            desc.fragment_func.entry = "main0";
            desc.attrs[0].base_type = SG_SHADERATTRBASETYPE_FLOAT;
            desc.attrs[1].base_type = SG_SHADERATTRBASETYPE_FLOAT;
            desc.uniform_blocks[0].stage = SG_SHADERSTAGE_VERTEX;
            desc.uniform_blocks[0].layout = SG_UNIFORMLAYOUT_STD140;
            desc.uniform_blocks[0].size = 16;
            desc.uniform_blocks[0].msl_buffer_n = 0;
            desc.uniform_blocks[1].stage = SG_SHADERSTAGE_FRAGMENT;
            desc.uniform_blocks[1].layout = SG_UNIFORMLAYOUT_STD140;
            desc.uniform_blocks[1].size = 16;
            desc.uniform_blocks[1].msl_buffer_n = 1;
            desc.views[0].texture.stage = SG_SHADERSTAGE_FRAGMENT;
            desc.views[0].texture.image_type = SG_IMAGETYPE_2D;
            desc.views[0].texture.sample_type = SG_IMAGESAMPLETYPE_FLOAT;
            desc.views[0].texture.multisampled = false;
            desc.views[0].texture.msl_texture_n = 0;
            desc.samplers[0].stage = SG_SHADERSTAGE_FRAGMENT;
            desc.samplers[0].sampler_type = SG_SAMPLERTYPE_FILTERING;
            desc.samplers[0].msl_sampler_n = 0;
            desc.texture_sampler_pairs[0].stage = SG_SHADERSTAGE_FRAGMENT;
            desc.texture_sampler_pairs[0].view_slot = 0;
            desc.texture_sampler_pairs[0].sampler_slot = 0;
            desc.label = "colorview_shader";
        }
        return &desc;
    }
    return 0;
}
static inline const sg_shader_desc* fontview_shader_desc(sg_backend backend) {
    if (backend == SG_BACKEND_GLCORE) {
        static sg_shader_desc desc;
        static bool valid;
        if (!valid) {
            valid = true;
            desc.vertex_func.source = (const char*)vs_fontview_source_glsl430;
            desc.vertex_func.entry = "main";
            desc.fragment_func.source = (const char*)fs_fontview_source_glsl430;
            desc.fragment_func.entry = "main";
            desc.attrs[0].base_type = SG_SHADERATTRBASETYPE_FLOAT;
            desc.attrs[0].glsl_name = "i_pos";
            desc.attrs[1].base_type = SG_SHADERATTRBASETYPE_FLOAT;
            desc.attrs[1].glsl_name = "i_uv";
            desc.uniform_blocks[0].stage = SG_SHADERSTAGE_VERTEX;
            desc.uniform_blocks[0].layout = SG_UNIFORMLAYOUT_STD140;
            desc.uniform_blocks[0].size = 16;
            desc.uniform_blocks[0].glsl_uniforms[0].type = SG_UNIFORMTYPE_FLOAT4;
            desc.uniform_blocks[0].glsl_uniforms[0].array_count = 1;
            desc.uniform_blocks[0].glsl_uniforms[0].glsl_name = "vs_fontview_params";
            desc.uniform_blocks[1].stage = SG_SHADERSTAGE_FRAGMENT;
            desc.uniform_blocks[1].layout = SG_UNIFORMLAYOUT_STD140;
            desc.uniform_blocks[1].size = 16;
            desc.uniform_blocks[1].glsl_uniforms[0].type = SG_UNIFORMTYPE_FLOAT4;
            desc.uniform_blocks[1].glsl_uniforms[0].array_count = 1;
            desc.uniform_blocks[1].glsl_uniforms[0].glsl_name = "fs_fontview_params";
            desc.views[0].texture.stage = SG_SHADERSTAGE_FRAGMENT;
            desc.views[0].texture.image_type = SG_IMAGETYPE_2D;
            desc.views[0].texture.sample_type = SG_IMAGESAMPLETYPE_FLOAT;
            desc.views[0].texture.multisampled = false;
            desc.samplers[0].stage = SG_SHADERSTAGE_FRAGMENT;
            desc.samplers[0].sampler_type = SG_SAMPLERTYPE_FILTERING;
            desc.texture_sampler_pairs[0].stage = SG_SHADERSTAGE_FRAGMENT;
            desc.texture_sampler_pairs[0].view_slot = 0;
            desc.texture_sampler_pairs[0].sampler_slot = 0;
            desc.texture_sampler_pairs[0].glsl_name = "u_fontview_tex_u_fontview_smp";
            desc.label = "fontview_shader";
        }
        return &desc;
    }
    if (backend == SG_BACKEND_D3D11) {
        static sg_shader_desc desc;
        static bool valid;
        if (!valid) {
            valid = true;
            desc.vertex_func.source = (const char*)vs_fontview_source_hlsl5;
            desc.vertex_func.d3d11_target = "vs_5_0";
            desc.vertex_func.entry = "main";
            desc.fragment_func.source = (const char*)fs_fontview_source_hlsl5;
            desc.fragment_func.d3d11_target = "ps_5_0";
            desc.fragment_func.entry = "main";
            desc.attrs[0].base_type = SG_SHADERATTRBASETYPE_FLOAT;
            desc.attrs[0].hlsl_sem_name = "TEXCOORD";
            desc.attrs[0].hlsl_sem_index = 0;
            desc.attrs[1].base_type = SG_SHADERATTRBASETYPE_FLOAT;
            desc.attrs[1].hlsl_sem_name = "TEXCOORD";
            desc.attrs[1].hlsl_sem_index = 1;
            desc.uniform_blocks[0].stage = SG_SHADERSTAGE_VERTEX;
            desc.uniform_blocks[0].layout = SG_UNIFORMLAYOUT_STD140;
            desc.uniform_blocks[0].size = 16;
            desc.uniform_blocks[0].hlsl_register_b_n = 0;
            desc.uniform_blocks[1].stage = SG_SHADERSTAGE_FRAGMENT;
            desc.uniform_blocks[1].layout = SG_UNIFORMLAYOUT_STD140;
            desc.uniform_blocks[1].size = 16;
            desc.uniform_blocks[1].hlsl_register_b_n = 1;
            desc.views[0].texture.stage = SG_SHADERSTAGE_FRAGMENT;
            desc.views[0].texture.image_type = SG_IMAGETYPE_2D;
            desc.views[0].texture.sample_type = SG_IMAGESAMPLETYPE_FLOAT;
            desc.views[0].texture.multisampled = false;
            desc.views[0].texture.hlsl_register_t_n = 0;
            desc.samplers[0].stage = SG_SHADERSTAGE_FRAGMENT;
            desc.samplers[0].sampler_type = SG_SAMPLERTYPE_FILTERING;
            desc.samplers[0].hlsl_register_s_n = 0;
            desc.texture_sampler_pairs[0].stage = SG_SHADERSTAGE_FRAGMENT;
            desc.texture_sampler_pairs[0].view_slot = 0;
            desc.texture_sampler_pairs[0].sampler_slot = 0;
            desc.label = "fontview_shader";
        }
        return &desc;
    }
    if (backend == SG_BACKEND_METAL_MACOS) {
        static sg_shader_desc desc;
        static bool valid;
        if (!valid) {
            valid = true;
            desc.vertex_func.source = (const char*)vs_fontview_source_metal_macos;
            desc.vertex_func.entry = "main0";
            desc.fragment_func.source = (const char*)fs_fontview_source_metal_macos;
            desc.fragment_func.entry = "main0";
            desc.attrs[0].base_type = SG_SHADERATTRBASETYPE_FLOAT;
            desc.attrs[1].base_type = SG_SHADERATTRBASETYPE_FLOAT;
            desc.uniform_blocks[0].stage = SG_SHADERSTAGE_VERTEX;
            desc.uniform_blocks[0].layout = SG_UNIFORMLAYOUT_STD140;
            desc.uniform_blocks[0].size = 16;
            desc.uniform_blocks[0].msl_buffer_n = 0;
            desc.uniform_blocks[1].stage = SG_SHADERSTAGE_FRAGMENT;
            desc.uniform_blocks[1].layout = SG_UNIFORMLAYOUT_STD140;
            desc.uniform_blocks[1].size = 16;
            desc.uniform_blocks[1].msl_buffer_n = 1;
            desc.views[0].texture.stage = SG_SHADERSTAGE_FRAGMENT;
            desc.views[0].texture.image_type = SG_IMAGETYPE_2D;
            desc.views[0].texture.sample_type = SG_IMAGESAMPLETYPE_FLOAT;
            desc.views[0].texture.multisampled = false;
            desc.views[0].texture.msl_texture_n = 0;
            desc.samplers[0].stage = SG_SHADERSTAGE_FRAGMENT;
            desc.samplers[0].sampler_type = SG_SAMPLERTYPE_FILTERING;
            desc.samplers[0].msl_sampler_n = 0;
            desc.texture_sampler_pairs[0].stage = SG_SHADERSTAGE_FRAGMENT;
            desc.texture_sampler_pairs[0].view_slot = 0;
            desc.texture_sampler_pairs[0].sampler_slot = 0;
            desc.label = "fontview_shader";
        }
        return &desc;
    }
    return 0;
}
static inline const sg_shader_desc* line_shader_desc(sg_backend backend) {
    if (backend == SG_BACKEND_GLCORE) {
        static sg_shader_desc desc;
        static bool valid;
        if (!valid) {
            valid = true;
            desc.vertex_func.source = (const char*)vs_line_source_glsl430;
            desc.vertex_func.entry = "main";
            desc.fragment_func.source = (const char*)fs_line_source_glsl430;
            desc.fragment_func.entry = "main";
            desc.attrs[0].base_type = SG_SHADERATTRBASETYPE_FLOAT;
            desc.attrs[0].glsl_name = "i_pos";
            desc.attrs[1].base_type = SG_SHADERATTRBASETYPE_FLOAT;
            desc.attrs[1].glsl_name = "i_col";
            desc.uniform_blocks[0].stage = SG_SHADERSTAGE_VERTEX;
            desc.uniform_blocks[0].layout = SG_UNIFORMLAYOUT_STD140;
            desc.uniform_blocks[0].size = 64;
            desc.uniform_blocks[0].glsl_uniforms[0].type = SG_UNIFORMTYPE_FLOAT4;
            desc.uniform_blocks[0].glsl_uniforms[0].array_count = 4;
            desc.uniform_blocks[0].glsl_uniforms[0].glsl_name = "vs_line_params";
            desc.uniform_blocks[1].stage = SG_SHADERSTAGE_FRAGMENT;
            desc.uniform_blocks[1].layout = SG_UNIFORMLAYOUT_STD140;
            desc.uniform_blocks[1].size = 16;
            desc.uniform_blocks[1].glsl_uniforms[0].type = SG_UNIFORMTYPE_FLOAT4;
            desc.uniform_blocks[1].glsl_uniforms[0].array_count = 1;
            desc.uniform_blocks[1].glsl_uniforms[0].glsl_name = "fs_line_params";
            desc.label = "line_shader";
        }
        return &desc;
    }
    if (backend == SG_BACKEND_D3D11) {
        static sg_shader_desc desc;
        static bool valid;
        if (!valid) {
            valid = true;
            desc.vertex_func.source = (const char*)vs_line_source_hlsl5;
            desc.vertex_func.d3d11_target = "vs_5_0";
            desc.vertex_func.entry = "main";
            desc.fragment_func.source = (const char*)fs_line_source_hlsl5;
            desc.fragment_func.d3d11_target = "ps_5_0";
            desc.fragment_func.entry = "main";
            desc.attrs[0].base_type = SG_SHADERATTRBASETYPE_FLOAT;
            desc.attrs[0].hlsl_sem_name = "TEXCOORD";
            desc.attrs[0].hlsl_sem_index = 0;
            desc.attrs[1].base_type = SG_SHADERATTRBASETYPE_FLOAT;
            desc.attrs[1].hlsl_sem_name = "TEXCOORD";
            desc.attrs[1].hlsl_sem_index = 1;
            desc.uniform_blocks[0].stage = SG_SHADERSTAGE_VERTEX;
            desc.uniform_blocks[0].layout = SG_UNIFORMLAYOUT_STD140;
            desc.uniform_blocks[0].size = 64;
            desc.uniform_blocks[0].hlsl_register_b_n = 0;
            desc.uniform_blocks[1].stage = SG_SHADERSTAGE_FRAGMENT;
            desc.uniform_blocks[1].layout = SG_UNIFORMLAYOUT_STD140;
            desc.uniform_blocks[1].size = 16;
            desc.uniform_blocks[1].hlsl_register_b_n = 1;
            desc.label = "line_shader";
        }
        return &desc;
    }
    if (backend == SG_BACKEND_METAL_MACOS) {
        static sg_shader_desc desc;
        static bool valid;
        if (!valid) {
            valid = true;
            desc.vertex_func.source = (const char*)vs_line_source_metal_macos;
            desc.vertex_func.entry = "main0";
            desc.fragment_func.source = (const char*)fs_line_source_metal_macos;
            desc.fragment_func.entry = "main0";
            desc.attrs[0].base_type = SG_SHADERATTRBASETYPE_FLOAT;
            desc.attrs[1].base_type = SG_SHADERATTRBASETYPE_FLOAT;
            desc.uniform_blocks[0].stage = SG_SHADERSTAGE_VERTEX;
            desc.uniform_blocks[0].layout = SG_UNIFORMLAYOUT_STD140;
            desc.uniform_blocks[0].size = 64;
            desc.uniform_blocks[0].msl_buffer_n = 0;
            desc.uniform_blocks[1].stage = SG_SHADERSTAGE_FRAGMENT;
            desc.uniform_blocks[1].layout = SG_UNIFORMLAYOUT_STD140;
            desc.uniform_blocks[1].size = 16;
            desc.uniform_blocks[1].msl_buffer_n = 1;
            desc.label = "line_shader";
        }
        return &desc;
    }
    return 0;
}
static inline const sg_shader_desc* mesh_shader_desc(sg_backend backend) {
    if (backend == SG_BACKEND_GLCORE) {
        static sg_shader_desc desc;
        static bool valid;
        if (!valid) {
            valid = true;
            desc.vertex_func.source = (const char*)vs_mesh_source_glsl430;
            desc.vertex_func.entry = "main";
            desc.fragment_func.source = (const char*)fs_mesh_source_glsl430;
            desc.fragment_func.entry = "main";
            desc.attrs[0].base_type = SG_SHADERATTRBASETYPE_FLOAT;
            desc.attrs[0].glsl_name = "i_pos";
            desc.attrs[1].base_type = SG_SHADERATTRBASETYPE_FLOAT;
            desc.attrs[1].glsl_name = "i_norm";
            desc.attrs[2].base_type = SG_SHADERATTRBASETYPE_FLOAT;
            desc.attrs[2].glsl_name = "i_uv";
            desc.uniform_blocks[0].stage = SG_SHADERSTAGE_VERTEX;
            desc.uniform_blocks[0].layout = SG_UNIFORMLAYOUT_STD140;
            desc.uniform_blocks[0].size = 64;
            desc.uniform_blocks[0].glsl_uniforms[0].type = SG_UNIFORMTYPE_FLOAT4;
            desc.uniform_blocks[0].glsl_uniforms[0].array_count = 4;
            desc.uniform_blocks[0].glsl_uniforms[0].glsl_name = "p_vs_mesh";
            desc.uniform_blocks[1].stage = SG_SHADERSTAGE_FRAGMENT;
            desc.uniform_blocks[1].layout = SG_UNIFORMLAYOUT_STD140;
            desc.uniform_blocks[1].size = 16;
            desc.uniform_blocks[1].glsl_uniforms[0].type = SG_UNIFORMTYPE_FLOAT4;
            desc.uniform_blocks[1].glsl_uniforms[0].array_count = 1;
            desc.uniform_blocks[1].glsl_uniforms[0].glsl_name = "p_fs_mesh";
            desc.label = "mesh_shader";
        }
        return &desc;
    }
    if (backend == SG_BACKEND_D3D11) {
        static sg_shader_desc desc;
        static bool valid;
        if (!valid) {
            valid = true;
            desc.vertex_func.source = (const char*)vs_mesh_source_hlsl5;
            desc.vertex_func.d3d11_target = "vs_5_0";
            desc.vertex_func.entry = "main";
            desc.fragment_func.source = (const char*)fs_mesh_source_hlsl5;
            desc.fragment_func.d3d11_target = "ps_5_0";
            desc.fragment_func.entry = "main";
            desc.attrs[0].base_type = SG_SHADERATTRBASETYPE_FLOAT;
            desc.attrs[0].hlsl_sem_name = "TEXCOORD";
            desc.attrs[0].hlsl_sem_index = 0;
            desc.attrs[1].base_type = SG_SHADERATTRBASETYPE_FLOAT;
            desc.attrs[1].hlsl_sem_name = "TEXCOORD";
            desc.attrs[1].hlsl_sem_index = 1;
            desc.attrs[2].base_type = SG_SHADERATTRBASETYPE_FLOAT;
            desc.attrs[2].hlsl_sem_name = "TEXCOORD";
            desc.attrs[2].hlsl_sem_index = 2;
            desc.uniform_blocks[0].stage = SG_SHADERSTAGE_VERTEX;
            desc.uniform_blocks[0].layout = SG_UNIFORMLAYOUT_STD140;
            desc.uniform_blocks[0].size = 64;
            desc.uniform_blocks[0].hlsl_register_b_n = 0;
            desc.uniform_blocks[1].stage = SG_SHADERSTAGE_FRAGMENT;
            desc.uniform_blocks[1].layout = SG_UNIFORMLAYOUT_STD140;
            desc.uniform_blocks[1].size = 16;
            desc.uniform_blocks[1].hlsl_register_b_n = 1;
            desc.label = "mesh_shader";
        }
        return &desc;
    }
    if (backend == SG_BACKEND_METAL_MACOS) {
        static sg_shader_desc desc;
        static bool valid;
        if (!valid) {
            valid = true;
            desc.vertex_func.source = (const char*)vs_mesh_source_metal_macos;
            desc.vertex_func.entry = "main0";
            desc.fragment_func.source = (const char*)fs_mesh_source_metal_macos;
            desc.fragment_func.entry = "main0";
            desc.attrs[0].base_type = SG_SHADERATTRBASETYPE_FLOAT;
            desc.attrs[1].base_type = SG_SHADERATTRBASETYPE_FLOAT;
            desc.attrs[2].base_type = SG_SHADERATTRBASETYPE_FLOAT;
            desc.uniform_blocks[0].stage = SG_SHADERSTAGE_VERTEX;
            desc.uniform_blocks[0].layout = SG_UNIFORMLAYOUT_STD140;
            desc.uniform_blocks[0].size = 64;
            desc.uniform_blocks[0].msl_buffer_n = 0;
            desc.uniform_blocks[1].stage = SG_SHADERSTAGE_FRAGMENT;
            desc.uniform_blocks[1].layout = SG_UNIFORMLAYOUT_STD140;
            desc.uniform_blocks[1].size = 16;
            desc.uniform_blocks[1].msl_buffer_n = 1;
            desc.label = "mesh_shader";
        }
        return &desc;
    }
    return 0;
}
static inline const sg_shader_desc* shaded_shader_desc(sg_backend backend) {
    if (backend == SG_BACKEND_GLCORE) {
        static sg_shader_desc desc;
        static bool valid;
        if (!valid) {
            valid = true;
            desc.vertex_func.source = (const char*)vs_shaded_source_glsl430;
            desc.vertex_func.entry = "main";
            desc.fragment_func.source = (const char*)fs_shaded_source_glsl430;
            desc.fragment_func.entry = "main";
            desc.attrs[0].base_type = SG_SHADERATTRBASETYPE_FLOAT;
            desc.attrs[0].glsl_name = "i_pos";
            desc.attrs[1].base_type = SG_SHADERATTRBASETYPE_FLOAT;
            desc.attrs[1].glsl_name = "i_norm";
            desc.attrs[2].base_type = SG_SHADERATTRBASETYPE_FLOAT;
            desc.attrs[2].glsl_name = "i_uv";
            desc.uniform_blocks[0].stage = SG_SHADERSTAGE_VERTEX;
            desc.uniform_blocks[0].layout = SG_UNIFORMLAYOUT_STD140;
            desc.uniform_blocks[0].size = 128;
            desc.uniform_blocks[0].glsl_uniforms[0].type = SG_UNIFORMTYPE_FLOAT4;
            desc.uniform_blocks[0].glsl_uniforms[0].array_count = 8;
            desc.uniform_blocks[0].glsl_uniforms[0].glsl_name = "p_vs_shaded";
            desc.uniform_blocks[1].stage = SG_SHADERSTAGE_FRAGMENT;
            desc.uniform_blocks[1].layout = SG_UNIFORMLAYOUT_STD140;
            desc.uniform_blocks[1].size = 64;
            desc.uniform_blocks[1].glsl_uniforms[0].type = SG_UNIFORMTYPE_FLOAT4;
            desc.uniform_blocks[1].glsl_uniforms[0].array_count = 4;
            desc.uniform_blocks[1].glsl_uniforms[0].glsl_name = "p_fs_shaded";
            desc.views[0].texture.stage = SG_SHADERSTAGE_FRAGMENT;
            desc.views[0].texture.image_type = SG_IMAGETYPE_2D;
            desc.views[0].texture.sample_type = SG_IMAGESAMPLETYPE_FLOAT;
            desc.views[0].texture.multisampled = false;
            desc.views[1].texture.stage = SG_SHADERSTAGE_FRAGMENT;
            desc.views[1].texture.image_type = SG_IMAGETYPE_CUBE;
            desc.views[1].texture.sample_type = SG_IMAGESAMPLETYPE_FLOAT;
            desc.views[1].texture.multisampled = false;
            desc.samplers[0].stage = SG_SHADERSTAGE_FRAGMENT;
            desc.samplers[0].sampler_type = SG_SAMPLERTYPE_FILTERING;
            desc.samplers[1].stage = SG_SHADERSTAGE_FRAGMENT;
            desc.samplers[1].sampler_type = SG_SAMPLERTYPE_FILTERING;
            desc.texture_sampler_pairs[0].stage = SG_SHADERSTAGE_FRAGMENT;
            desc.texture_sampler_pairs[0].view_slot = 1;
            desc.texture_sampler_pairs[0].sampler_slot = 1;
            desc.texture_sampler_pairs[0].glsl_name = "b_shaded_shadow_tex_b_shaded_shadow_smp";
            desc.texture_sampler_pairs[1].stage = SG_SHADERSTAGE_FRAGMENT;
            desc.texture_sampler_pairs[1].view_slot = 0;
            desc.texture_sampler_pairs[1].sampler_slot = 0;
            desc.texture_sampler_pairs[1].glsl_name = "b_shaded_tex_b_shaded_smp";
            desc.label = "shaded_shader";
        }
        return &desc;
    }
    if (backend == SG_BACKEND_D3D11) {
        static sg_shader_desc desc;
        static bool valid;
        if (!valid) {
            valid = true;
            desc.vertex_func.source = (const char*)vs_shaded_source_hlsl5;
            desc.vertex_func.d3d11_target = "vs_5_0";
            desc.vertex_func.entry = "main";
            desc.fragment_func.source = (const char*)fs_shaded_source_hlsl5;
            desc.fragment_func.d3d11_target = "ps_5_0";
            desc.fragment_func.entry = "main";
            desc.attrs[0].base_type = SG_SHADERATTRBASETYPE_FLOAT;
            desc.attrs[0].hlsl_sem_name = "TEXCOORD";
            desc.attrs[0].hlsl_sem_index = 0;
            desc.attrs[1].base_type = SG_SHADERATTRBASETYPE_FLOAT;
            desc.attrs[1].hlsl_sem_name = "TEXCOORD";
            desc.attrs[1].hlsl_sem_index = 1;
            desc.attrs[2].base_type = SG_SHADERATTRBASETYPE_FLOAT;
            desc.attrs[2].hlsl_sem_name = "TEXCOORD";
            desc.attrs[2].hlsl_sem_index = 2;
            desc.uniform_blocks[0].stage = SG_SHADERSTAGE_VERTEX;
            desc.uniform_blocks[0].layout = SG_UNIFORMLAYOUT_STD140;
            desc.uniform_blocks[0].size = 128;
            desc.uniform_blocks[0].hlsl_register_b_n = 0;
            desc.uniform_blocks[1].stage = SG_SHADERSTAGE_FRAGMENT;
            desc.uniform_blocks[1].layout = SG_UNIFORMLAYOUT_STD140;
            desc.uniform_blocks[1].size = 64;
            desc.uniform_blocks[1].hlsl_register_b_n = 1;
            desc.views[0].texture.stage = SG_SHADERSTAGE_FRAGMENT;
            desc.views[0].texture.image_type = SG_IMAGETYPE_2D;
            desc.views[0].texture.sample_type = SG_IMAGESAMPLETYPE_FLOAT;
            desc.views[0].texture.multisampled = false;
            desc.views[0].texture.hlsl_register_t_n = 0;
            desc.views[1].texture.stage = SG_SHADERSTAGE_FRAGMENT;
            desc.views[1].texture.image_type = SG_IMAGETYPE_CUBE;
            desc.views[1].texture.sample_type = SG_IMAGESAMPLETYPE_FLOAT;
            desc.views[1].texture.multisampled = false;
            desc.views[1].texture.hlsl_register_t_n = 1;
            desc.samplers[0].stage = SG_SHADERSTAGE_FRAGMENT;
            desc.samplers[0].sampler_type = SG_SAMPLERTYPE_FILTERING;
            desc.samplers[0].hlsl_register_s_n = 0;
            desc.samplers[1].stage = SG_SHADERSTAGE_FRAGMENT;
            desc.samplers[1].sampler_type = SG_SAMPLERTYPE_FILTERING;
            desc.samplers[1].hlsl_register_s_n = 1;
            desc.texture_sampler_pairs[0].stage = SG_SHADERSTAGE_FRAGMENT;
            desc.texture_sampler_pairs[0].view_slot = 1;
            desc.texture_sampler_pairs[0].sampler_slot = 1;
            desc.texture_sampler_pairs[1].stage = SG_SHADERSTAGE_FRAGMENT;
            desc.texture_sampler_pairs[1].view_slot = 0;
            desc.texture_sampler_pairs[1].sampler_slot = 0;
            desc.label = "shaded_shader";
        }
        return &desc;
    }
    if (backend == SG_BACKEND_METAL_MACOS) {
        static sg_shader_desc desc;
        static bool valid;
        if (!valid) {
            valid = true;
            desc.vertex_func.source = (const char*)vs_shaded_source_metal_macos;
            desc.vertex_func.entry = "main0";
            desc.fragment_func.source = (const char*)fs_shaded_source_metal_macos;
            desc.fragment_func.entry = "main0";
            desc.attrs[0].base_type = SG_SHADERATTRBASETYPE_FLOAT;
            desc.attrs[1].base_type = SG_SHADERATTRBASETYPE_FLOAT;
            desc.attrs[2].base_type = SG_SHADERATTRBASETYPE_FLOAT;
            desc.uniform_blocks[0].stage = SG_SHADERSTAGE_VERTEX;
            desc.uniform_blocks[0].layout = SG_UNIFORMLAYOUT_STD140;
            desc.uniform_blocks[0].size = 128;
            desc.uniform_blocks[0].msl_buffer_n = 0;
            desc.uniform_blocks[1].stage = SG_SHADERSTAGE_FRAGMENT;
            desc.uniform_blocks[1].layout = SG_UNIFORMLAYOUT_STD140;
            desc.uniform_blocks[1].size = 64;
            desc.uniform_blocks[1].msl_buffer_n = 1;
            desc.views[0].texture.stage = SG_SHADERSTAGE_FRAGMENT;
            desc.views[0].texture.image_type = SG_IMAGETYPE_2D;
            desc.views[0].texture.sample_type = SG_IMAGESAMPLETYPE_FLOAT;
            desc.views[0].texture.multisampled = false;
            desc.views[0].texture.msl_texture_n = 0;
            desc.views[1].texture.stage = SG_SHADERSTAGE_FRAGMENT;
            desc.views[1].texture.image_type = SG_IMAGETYPE_CUBE;
            desc.views[1].texture.sample_type = SG_IMAGESAMPLETYPE_FLOAT;
            desc.views[1].texture.multisampled = false;
            desc.views[1].texture.msl_texture_n = 1;
            desc.samplers[0].stage = SG_SHADERSTAGE_FRAGMENT;
            desc.samplers[0].sampler_type = SG_SAMPLERTYPE_FILTERING;
            desc.samplers[0].msl_sampler_n = 0;
            desc.samplers[1].stage = SG_SHADERSTAGE_FRAGMENT;
            desc.samplers[1].sampler_type = SG_SAMPLERTYPE_FILTERING;
            desc.samplers[1].msl_sampler_n = 1;
            desc.texture_sampler_pairs[0].stage = SG_SHADERSTAGE_FRAGMENT;
            desc.texture_sampler_pairs[0].view_slot = 1;
            desc.texture_sampler_pairs[0].sampler_slot = 1;
            desc.texture_sampler_pairs[1].stage = SG_SHADERSTAGE_FRAGMENT;
            desc.texture_sampler_pairs[1].view_slot = 0;
            desc.texture_sampler_pairs[1].sampler_slot = 0;
            desc.label = "shaded_shader";
        }
        return &desc;
    }
    return 0;
}
static inline const sg_shader_desc* shadow_map_shader_desc(sg_backend backend) {
    if (backend == SG_BACKEND_GLCORE) {
        static sg_shader_desc desc;
        static bool valid;
        if (!valid) {
            valid = true;
            desc.vertex_func.source = (const char*)vs_shadow_map_source_glsl430;
            desc.vertex_func.entry = "main";
            desc.fragment_func.source = (const char*)fs_shadow_map_source_glsl430;
            desc.fragment_func.entry = "main";
            desc.attrs[0].base_type = SG_SHADERATTRBASETYPE_FLOAT;
            desc.attrs[0].glsl_name = "i_pos";
            desc.attrs[1].base_type = SG_SHADERATTRBASETYPE_FLOAT;
            desc.attrs[1].glsl_name = "i_norm";
            desc.attrs[2].base_type = SG_SHADERATTRBASETYPE_FLOAT;
            desc.attrs[2].glsl_name = "i_uv";
            desc.uniform_blocks[0].stage = SG_SHADERSTAGE_VERTEX;
            desc.uniform_blocks[0].layout = SG_UNIFORMLAYOUT_STD140;
            desc.uniform_blocks[0].size = 128;
            desc.uniform_blocks[0].glsl_uniforms[0].type = SG_UNIFORMTYPE_FLOAT4;
            desc.uniform_blocks[0].glsl_uniforms[0].array_count = 8;
            desc.uniform_blocks[0].glsl_uniforms[0].glsl_name = "p_vs_shadow_map";
            desc.uniform_blocks[1].stage = SG_SHADERSTAGE_FRAGMENT;
            desc.uniform_blocks[1].layout = SG_UNIFORMLAYOUT_STD140;
            desc.uniform_blocks[1].size = 32;
            desc.uniform_blocks[1].glsl_uniforms[0].type = SG_UNIFORMTYPE_FLOAT4;
            desc.uniform_blocks[1].glsl_uniforms[0].array_count = 2;
            desc.uniform_blocks[1].glsl_uniforms[0].glsl_name = "p_fs_shadow_map";
            desc.label = "shadow_map_shader";
        }
        return &desc;
    }
    if (backend == SG_BACKEND_D3D11) {
        static sg_shader_desc desc;
        static bool valid;
        if (!valid) {
            valid = true;
            desc.vertex_func.source = (const char*)vs_shadow_map_source_hlsl5;
            desc.vertex_func.d3d11_target = "vs_5_0";
            desc.vertex_func.entry = "main";
            desc.fragment_func.source = (const char*)fs_shadow_map_source_hlsl5;
            desc.fragment_func.d3d11_target = "ps_5_0";
            desc.fragment_func.entry = "main";
            desc.attrs[0].base_type = SG_SHADERATTRBASETYPE_FLOAT;
            desc.attrs[0].hlsl_sem_name = "TEXCOORD";
            desc.attrs[0].hlsl_sem_index = 0;
            desc.attrs[1].base_type = SG_SHADERATTRBASETYPE_FLOAT;
            desc.attrs[1].hlsl_sem_name = "TEXCOORD";
            desc.attrs[1].hlsl_sem_index = 1;
            desc.attrs[2].base_type = SG_SHADERATTRBASETYPE_FLOAT;
            desc.attrs[2].hlsl_sem_name = "TEXCOORD";
            desc.attrs[2].hlsl_sem_index = 2;
            desc.uniform_blocks[0].stage = SG_SHADERSTAGE_VERTEX;
            desc.uniform_blocks[0].layout = SG_UNIFORMLAYOUT_STD140;
            desc.uniform_blocks[0].size = 128;
            desc.uniform_blocks[0].hlsl_register_b_n = 0;
            desc.uniform_blocks[1].stage = SG_SHADERSTAGE_FRAGMENT;
            desc.uniform_blocks[1].layout = SG_UNIFORMLAYOUT_STD140;
            desc.uniform_blocks[1].size = 32;
            desc.uniform_blocks[1].hlsl_register_b_n = 1;
            desc.label = "shadow_map_shader";
        }
        return &desc;
    }
    if (backend == SG_BACKEND_METAL_MACOS) {
        static sg_shader_desc desc;
        static bool valid;
        if (!valid) {
            valid = true;
            desc.vertex_func.source = (const char*)vs_shadow_map_source_metal_macos;
            desc.vertex_func.entry = "main0";
            desc.fragment_func.source = (const char*)fs_shadow_map_source_metal_macos;
            desc.fragment_func.entry = "main0";
            desc.attrs[0].base_type = SG_SHADERATTRBASETYPE_FLOAT;
            desc.attrs[1].base_type = SG_SHADERATTRBASETYPE_FLOAT;
            desc.attrs[2].base_type = SG_SHADERATTRBASETYPE_FLOAT;
            desc.uniform_blocks[0].stage = SG_SHADERSTAGE_VERTEX;
            desc.uniform_blocks[0].layout = SG_UNIFORMLAYOUT_STD140;
            desc.uniform_blocks[0].size = 128;
            desc.uniform_blocks[0].msl_buffer_n = 0;
            desc.uniform_blocks[1].stage = SG_SHADERSTAGE_FRAGMENT;
            desc.uniform_blocks[1].layout = SG_UNIFORMLAYOUT_STD140;
            desc.uniform_blocks[1].size = 32;
            desc.uniform_blocks[1].msl_buffer_n = 1;
            desc.label = "shadow_map_shader";
        }
        return &desc;
    }
    return 0;
}
static inline const sg_shader_desc* skybox_shader_desc(sg_backend backend) {
    if (backend == SG_BACKEND_GLCORE) {
        static sg_shader_desc desc;
        static bool valid;
        if (!valid) {
            valid = true;
            desc.vertex_func.source = (const char*)vs_skybox_source_glsl430;
            desc.vertex_func.entry = "main";
            desc.fragment_func.source = (const char*)fs_skybox_source_glsl430;
            desc.fragment_func.entry = "main";
            desc.attrs[0].base_type = SG_SHADERATTRBASETYPE_FLOAT;
            desc.attrs[0].glsl_name = "i_pos";
            desc.attrs[1].base_type = SG_SHADERATTRBASETYPE_FLOAT;
            desc.attrs[1].glsl_name = "i_uv";
            desc.uniform_blocks[0].stage = SG_SHADERSTAGE_VERTEX;
            desc.uniform_blocks[0].layout = SG_UNIFORMLAYOUT_STD140;
            desc.uniform_blocks[0].size = 64;
            desc.uniform_blocks[0].glsl_uniforms[0].type = SG_UNIFORMTYPE_FLOAT4;
            desc.uniform_blocks[0].glsl_uniforms[0].array_count = 4;
            desc.uniform_blocks[0].glsl_uniforms[0].glsl_name = "p_vs_skybox";
            desc.views[0].texture.stage = SG_SHADERSTAGE_FRAGMENT;
            desc.views[0].texture.image_type = SG_IMAGETYPE_2D;
            desc.views[0].texture.sample_type = SG_IMAGESAMPLETYPE_FLOAT;
            desc.views[0].texture.multisampled = false;
            desc.samplers[0].stage = SG_SHADERSTAGE_FRAGMENT;
            desc.samplers[0].sampler_type = SG_SAMPLERTYPE_FILTERING;
            desc.texture_sampler_pairs[0].stage = SG_SHADERSTAGE_FRAGMENT;
            desc.texture_sampler_pairs[0].view_slot = 0;
            desc.texture_sampler_pairs[0].sampler_slot = 0;
            desc.texture_sampler_pairs[0].glsl_name = "b_skybox_tex_b_skybox_smp";
            desc.label = "skybox_shader";
        }
        return &desc;
    }
    if (backend == SG_BACKEND_D3D11) {
        static sg_shader_desc desc;
        static bool valid;
        if (!valid) {
            valid = true;
            desc.vertex_func.source = (const char*)vs_skybox_source_hlsl5;
            desc.vertex_func.d3d11_target = "vs_5_0";
            desc.vertex_func.entry = "main";
            desc.fragment_func.source = (const char*)fs_skybox_source_hlsl5;
            desc.fragment_func.d3d11_target = "ps_5_0";
            desc.fragment_func.entry = "main";
            desc.attrs[0].base_type = SG_SHADERATTRBASETYPE_FLOAT;
            desc.attrs[0].hlsl_sem_name = "TEXCOORD";
            desc.attrs[0].hlsl_sem_index = 0;
            desc.attrs[1].base_type = SG_SHADERATTRBASETYPE_FLOAT;
            desc.attrs[1].hlsl_sem_name = "TEXCOORD";
            desc.attrs[1].hlsl_sem_index = 1;
            desc.uniform_blocks[0].stage = SG_SHADERSTAGE_VERTEX;
            desc.uniform_blocks[0].layout = SG_UNIFORMLAYOUT_STD140;
            desc.uniform_blocks[0].size = 64;
            desc.uniform_blocks[0].hlsl_register_b_n = 0;
            desc.views[0].texture.stage = SG_SHADERSTAGE_FRAGMENT;
            desc.views[0].texture.image_type = SG_IMAGETYPE_2D;
            desc.views[0].texture.sample_type = SG_IMAGESAMPLETYPE_FLOAT;
            desc.views[0].texture.multisampled = false;
            desc.views[0].texture.hlsl_register_t_n = 0;
            desc.samplers[0].stage = SG_SHADERSTAGE_FRAGMENT;
            desc.samplers[0].sampler_type = SG_SAMPLERTYPE_FILTERING;
            desc.samplers[0].hlsl_register_s_n = 0;
            desc.texture_sampler_pairs[0].stage = SG_SHADERSTAGE_FRAGMENT;
            desc.texture_sampler_pairs[0].view_slot = 0;
            desc.texture_sampler_pairs[0].sampler_slot = 0;
            desc.label = "skybox_shader";
        }
        return &desc;
    }
    if (backend == SG_BACKEND_METAL_MACOS) {
        static sg_shader_desc desc;
        static bool valid;
        if (!valid) {
            valid = true;
            desc.vertex_func.source = (const char*)vs_skybox_source_metal_macos;
            desc.vertex_func.entry = "main0";
            desc.fragment_func.source = (const char*)fs_skybox_source_metal_macos;
            desc.fragment_func.entry = "main0";
            desc.attrs[0].base_type = SG_SHADERATTRBASETYPE_FLOAT;
            desc.attrs[1].base_type = SG_SHADERATTRBASETYPE_FLOAT;
            desc.uniform_blocks[0].stage = SG_SHADERSTAGE_VERTEX;
            desc.uniform_blocks[0].layout = SG_UNIFORMLAYOUT_STD140;
            desc.uniform_blocks[0].size = 64;
            desc.uniform_blocks[0].msl_buffer_n = 0;
            desc.views[0].texture.stage = SG_SHADERSTAGE_FRAGMENT;
            desc.views[0].texture.image_type = SG_IMAGETYPE_2D;
            desc.views[0].texture.sample_type = SG_IMAGESAMPLETYPE_FLOAT;
            desc.views[0].texture.multisampled = false;
            desc.views[0].texture.msl_texture_n = 0;
            desc.samplers[0].stage = SG_SHADERSTAGE_FRAGMENT;
            desc.samplers[0].sampler_type = SG_SAMPLERTYPE_FILTERING;
            desc.samplers[0].msl_sampler_n = 0;
            desc.texture_sampler_pairs[0].stage = SG_SHADERSTAGE_FRAGMENT;
            desc.texture_sampler_pairs[0].view_slot = 0;
            desc.texture_sampler_pairs[0].sampler_slot = 0;
            desc.label = "skybox_shader";
        }
        return &desc;
    }
    return 0;
}
static inline const sg_shader_desc* texview_shader_desc(sg_backend backend) {
    if (backend == SG_BACKEND_GLCORE) {
        static sg_shader_desc desc;
        static bool valid;
        if (!valid) {
            valid = true;
            desc.vertex_func.source = (const char*)vs_texview_source_glsl430;
            desc.vertex_func.entry = "main";
            desc.fragment_func.source = (const char*)fs_texview_source_glsl430;
            desc.fragment_func.entry = "main";
            desc.attrs[0].base_type = SG_SHADERATTRBASETYPE_FLOAT;
            desc.attrs[0].glsl_name = "v_pos";
            desc.attrs[1].base_type = SG_SHADERATTRBASETYPE_FLOAT;
            desc.attrs[1].glsl_name = "v_uv";
            desc.uniform_blocks[0].stage = SG_SHADERSTAGE_FRAGMENT;
            desc.uniform_blocks[0].layout = SG_UNIFORMLAYOUT_STD140;
            desc.uniform_blocks[0].size = 48;
            desc.uniform_blocks[0].glsl_uniforms[0].type = SG_UNIFORMTYPE_FLOAT4;
            desc.uniform_blocks[0].glsl_uniforms[0].array_count = 3;
            desc.uniform_blocks[0].glsl_uniforms[0].glsl_name = "fs_texview_params";
            desc.views[0].texture.stage = SG_SHADERSTAGE_FRAGMENT;
            desc.views[0].texture.image_type = SG_IMAGETYPE_2D;
            desc.views[0].texture.sample_type = SG_IMAGESAMPLETYPE_FLOAT;
            desc.views[0].texture.multisampled = false;
            desc.samplers[0].stage = SG_SHADERSTAGE_FRAGMENT;
            desc.samplers[0].sampler_type = SG_SAMPLERTYPE_FILTERING;
            desc.texture_sampler_pairs[0].stage = SG_SHADERSTAGE_FRAGMENT;
            desc.texture_sampler_pairs[0].view_slot = 0;
            desc.texture_sampler_pairs[0].sampler_slot = 0;
            desc.texture_sampler_pairs[0].glsl_name = "texview_tex_texview_smp";
            desc.label = "texview_shader";
        }
        return &desc;
    }
    if (backend == SG_BACKEND_D3D11) {
        static sg_shader_desc desc;
        static bool valid;
        if (!valid) {
            valid = true;
            desc.vertex_func.source = (const char*)vs_texview_source_hlsl5;
            desc.vertex_func.d3d11_target = "vs_5_0";
            desc.vertex_func.entry = "main";
            desc.fragment_func.source = (const char*)fs_texview_source_hlsl5;
            desc.fragment_func.d3d11_target = "ps_5_0";
            desc.fragment_func.entry = "main";
            desc.attrs[0].base_type = SG_SHADERATTRBASETYPE_FLOAT;
            desc.attrs[0].hlsl_sem_name = "TEXCOORD";
            desc.attrs[0].hlsl_sem_index = 0;
            desc.attrs[1].base_type = SG_SHADERATTRBASETYPE_FLOAT;
            desc.attrs[1].hlsl_sem_name = "TEXCOORD";
            desc.attrs[1].hlsl_sem_index = 1;
            desc.uniform_blocks[0].stage = SG_SHADERSTAGE_FRAGMENT;
            desc.uniform_blocks[0].layout = SG_UNIFORMLAYOUT_STD140;
            desc.uniform_blocks[0].size = 48;
            desc.uniform_blocks[0].hlsl_register_b_n = 0;
            desc.views[0].texture.stage = SG_SHADERSTAGE_FRAGMENT;
            desc.views[0].texture.image_type = SG_IMAGETYPE_2D;
            desc.views[0].texture.sample_type = SG_IMAGESAMPLETYPE_FLOAT;
            desc.views[0].texture.multisampled = false;
            desc.views[0].texture.hlsl_register_t_n = 0;
            desc.samplers[0].stage = SG_SHADERSTAGE_FRAGMENT;
            desc.samplers[0].sampler_type = SG_SAMPLERTYPE_FILTERING;
            desc.samplers[0].hlsl_register_s_n = 0;
            desc.texture_sampler_pairs[0].stage = SG_SHADERSTAGE_FRAGMENT;
            desc.texture_sampler_pairs[0].view_slot = 0;
            desc.texture_sampler_pairs[0].sampler_slot = 0;
            desc.label = "texview_shader";
        }
        return &desc;
    }
    if (backend == SG_BACKEND_METAL_MACOS) {
        static sg_shader_desc desc;
        static bool valid;
        if (!valid) {
            valid = true;
            desc.vertex_func.source = (const char*)vs_texview_source_metal_macos;
            desc.vertex_func.entry = "main0";
            desc.fragment_func.source = (const char*)fs_texview_source_metal_macos;
            desc.fragment_func.entry = "main0";
            desc.attrs[0].base_type = SG_SHADERATTRBASETYPE_FLOAT;
            desc.attrs[1].base_type = SG_SHADERATTRBASETYPE_FLOAT;
            desc.uniform_blocks[0].stage = SG_SHADERSTAGE_FRAGMENT;
            desc.uniform_blocks[0].layout = SG_UNIFORMLAYOUT_STD140;
            desc.uniform_blocks[0].size = 48;
            desc.uniform_blocks[0].msl_buffer_n = 0;
            desc.views[0].texture.stage = SG_SHADERSTAGE_FRAGMENT;
            desc.views[0].texture.image_type = SG_IMAGETYPE_2D;
            desc.views[0].texture.sample_type = SG_IMAGESAMPLETYPE_FLOAT;
            desc.views[0].texture.multisampled = false;
            desc.views[0].texture.msl_texture_n = 0;
            desc.samplers[0].stage = SG_SHADERSTAGE_FRAGMENT;
            desc.samplers[0].sampler_type = SG_SAMPLERTYPE_FILTERING;
            desc.samplers[0].msl_sampler_n = 0;
            desc.texture_sampler_pairs[0].stage = SG_SHADERSTAGE_FRAGMENT;
            desc.texture_sampler_pairs[0].view_slot = 0;
            desc.texture_sampler_pairs[0].sampler_slot = 0;
            desc.label = "texview_shader";
        }
        return &desc;
    }
    return 0;
}
